Length,Diameter,Height,Whole_weight,Shucked_weight,Viscera_weight,Shell_weight,Sex_F,Sex_I,Sex_M
0.21017452411541743,0.36972535125872075,-0.34795016590683375,-0.32316418327749735,-0.3254069357589783,-0.4051299785246662,-0.21213236381488076,False,True,False
-0.41944447738163004,-0.5423861954450139,-0.9360820612294737,-0.6659854064116805,-0.4801264067161434,-0.8209315654807706,-0.7124187112059843,False,True,False
-1.8465808807749362,-1.8598806517948523,-1.6418403356166418,-1.3882497044095137,-1.3546277643001206,-1.346395109436287,-1.391378754093911,True,False,False
-2.098428481373755,-2.113244970323667,-1.75946671468117,-1.4533552185952339,-1.3635970089932896,-1.5337342859769494,-1.46284823229264,False,True,False
-0.2515460769824174,-0.2890218769161986,-0.1126974077777775,-0.4096324443054072,-0.4375224944235906,-0.35029900002496034,-0.17639762471551618,False,False,True
-0.16759687678281104,-0.2890218769161986,-0.46557654497136186,-0.48185887410519046,-0.4532186726366364,-0.34116050360834266,-0.42654079841106807,False,True,False
1.0916411262112828,0.927126852022114,0.9459400038029744,1.1895217478813451,0.6612099804896115,1.2169531354249714,1.4674003738552532,True,False,False
-0.3354952771820237,-0.1876761495046724,-0.34795016590683375,-0.4879625160601017,-0.3298915581055628,-0.36400674464988686,-0.8553576676034427,False,True,False
0.04227612371620477,0.21770676014143156,0.4754344875448625,-0.21635044906655018,-0.17741439832168973,-0.4873764462742254,0.002276070781306547,False,True,False
-0.9651142786790707,-1.099787696208407,-0.9360820612294737,-1.1166376374159621,-1.0541580670789592,-1.1316404436457717,-1.0876334717493124,False,True,False
0.5459713249138418,0.4710710786702469,0.4754344875448625,0.5272765957734727,0.6253330017169355,0.3716422168878363,0.37391735741469784,False,False,True
0.29412372431502376,0.11636103272990543,0.004928971286750633,0.012536124242622224,0.23965547991066852,0.30310349376320367,-0.2836018420136097,False,True,False
0.25214912421522057,0.52174394237601,0.12255535035127811,0.14172987895491074,0.10735912068642593,-0.2086523055673862,0.263139666206668,False,True,False
-0.9231396785792675,-0.998441968796881,-0.8184556821649459,-0.9589602202474212,-0.8680462396957025,-0.894039536813712,-1.0590456804698205,False,True,False
-1.2169618792778891,-1.2518062873256963,-1.17133481935853,-1.2214168243086057,-1.1662736257435717,-1.2961333791448897,-1.1591029499480412,False,True,False
0.16819992401561426,0.11636103272990543,-0.34795016590683375,0.2922863805093888,-0.03390648323098589,-0.062436362901503506,0.46682767907304573,False,False,True
0.6299205251134481,0.6737625334932986,2.122203794448255,0.6635912660998242,0.7239946933417946,0.38991920972107164,0.8599098091660557,False,False,True
1.6792855276085263,1.5858740801970328,1.6516982781901424,2.668637648288176,3.0021828454067196,2.7979130154998293,1.881923347407882,True,False,False
-0.3354952771820237,-0.64373192285654,0.4754344875448625,0.07764163842834247,-0.233472177653996,0.03808709768129103,0.5668849485512666,False,True,False
-0.04167307648340156,-0.2890218769161986,-0.1126974077777775,-0.5052561682656835,-0.4935802737558969,-0.22236005019231275,-0.46227553751043265,False,False,True
-0.7552412781800548,-0.7450776502680656,-0.8184556821649459,-0.9711675041572437,-0.917377085508132,-1.1956099185620954,-0.9018128284326167,False,True,False
0.8397935256124639,0.8764539883163509,0.8283136247384462,0.8609423559752886,0.9908297229635722,0.9610752357596762,0.5633114746413301,False,False,True
0.6718951252132513,0.52174394237601,0.7106872456739187,0.5923821099591929,-0.060814217310492906,1.1301374194671034,0.538297157271775,True,False,False
0.9657173259118734,1.1298183068451662,1.4164455200610868,1.1722280956757631,0.9213180765915121,1.1255681712587946,1.5388698520539825,False,False,True
-0.2095714768826142,-0.23834901321043547,-0.1126974077777775,-0.5693444087922518,-0.6101804547670938,-0.9991322456048154,-0.24072015509437242,False,False,True
0.25214912421522057,0.2683796238471946,0.004928971286750633,-0.16548676610895624,-0.08772195138999968,-0.14925207885937125,-0.18354457253538908,False,False,True
0.9237427258120703,0.8764539883163509,0.8283136247384462,0.7734568212882271,1.5536498274599264,0.837705534135338,0.5954727398307582,True,False,False
-0.7132666780802517,-0.998441968796881,-0.5832029240358897,-0.9528565782925099,-1.0160387771329908,-0.9031780332303296,-0.8553576676034427,False,True,False
-0.8811650784794643,-1.049114832502644,-0.9360820612294737,-0.9955820719768887,-0.8792577955621638,-0.9443012671051092,-1.0983538934791217,False,True,False
0.4200475246144323,0.52174394237601,0.5930608666093906,0.2576990760982249,0.5423674883051222,0.12490281363915905,-0.02631172049818512,True,False,False
1.0076919260116766,0.7751082609048248,0.24018172941580623,0.6513839821900017,1.0446451911225862,0.46302718105401314,0.38106430523457074,True,False,False
0.587945925013645,0.52174394237601,0.35780810848033434,0.4367392401089556,0.43025192964050984,0.5407044005952633,0.49184199644260096,True,False,False
-0.04167307648340156,-0.08633042209314629,-0.46557654497136186,-0.3648724033027245,-0.4464917391167596,0.18887228855548283,-0.5337450157091617,True,False,False
0.7138697253130545,0.6737625334932986,0.8283136247384462,0.3929964727654247,0.217232368177746,0.7326128253442346,0.5883257920108853,False,False,True
0.29412372431502376,0.2683796238471946,-0.1126974077777775,-0.2255059119989172,-0.1415374195490137,-0.7112696084813586,0.08089249679990863,False,True,False
-0.04167307648340156,-0.08633042209314629,-0.8184556821649459,0.08374528038325374,0.40782881790758735,-0.17666756810922432,-0.2943222637434191,False,False,True
0.25214912421522057,0.4710710786702469,0.4754344875448625,0.4611538079286007,0.14323609945910196,0.43104244359585125,0.38106430523457074,False,False,True
-2.1404030814735577,-2.1639178340294305,-1.75946671468117,-1.4737006917782713,-1.40395861011255,-1.4469185700190816,-1.509303393121814,False,True,False
-2.0564538812739515,-2.0118992429121416,-1.75946671468117,-1.5062534488711314,-1.4600163894448563,-1.4697648110606258,-1.4985829713920047,False,False,True
1.2595395266104956,1.02847257943364,1.2988191409965588,1.121364412718169,1.0939760369350158,1.2489378728831333,1.1207734045914173,True,False,False
-2.811996683070408,-2.82266506220435,-2.582851368132866,-1.6303608352876606,-1.547466525203254,-1.515457293143714,-1.6415219277894628,False,True,False
0.8397935256124639,1.1804911705509293,1.2988191409965588,1.0603279931690568,0.40334419556100287,0.5818276344700428,2.074890938544451,True,False,False
-0.9651142786790707,-0.8464233776795917,-0.46557654497136186,-0.9284420104728648,-0.908407840814963,-0.9123165296469473,-0.8196229285040781,False,False,True
1.6373109275087232,1.4338554890797446,1.5340718991256144,2.63303307021786,3.5201567264372287,2.391249924960343,1.9390989299668655,False,False,True
0.0003015236164016051,0.11636103272990543,0.4754344875448625,-0.15226220853998193,-0.38594933743786886,-0.07157485931812119,0.25241924447685865,True,False,False
-1.174987279178086,-1.049114832502644,-1.17133481935853,-1.125793100348329,-1.1281543357976036,-1.181902173937169,-0.9982966240009008,False,False,True
0.04227612371620477,0.11636103272990543,0.004928971286750633,-0.41471881260116644,-0.31419537989251706,-0.5878999068570198,-0.4050999549514493,True,False,False
-1.384860279677102,-1.403824878442985,-1.2889611984230578,-1.2916087067900854,-1.2245737162491703,-1.3326873648113604,-1.2555867455163257,False,True,False
1.2595395266104956,1.2818368979624555,1.0635663828675024,1.4784274670804787,1.537953649246881,2.0211408200873273,1.1457877219609724,True,False,False
0.4620221247142355,0.36972535125872075,0.24018172941580623,0.11324621649865813,0.10063218716654919,0.2574110116801152,0.1094802880794003,False,True,False
0.25214912421522057,0.21770676014143156,-0.1126974077777775,-0.038327558714971496,0.2015361899647005,-0.1629598234842978,-0.1299424638863422,True,False,False
1.7632347278081326,1.839238398725848,1.5340718991256144,2.5557202721223176,2.459543541469995,2.6791125620837994,2.753850981432377,False,False,True
0.9657173259118734,1.0791454431394032,-1.406587577487586,0.42961832449489235,0.692602336915703,-0.04872861827657698,-0.46227553751043265,False,False,True
1.0076919260116766,1.0791454431394032,0.8283136247384462,1.4550301729199853,1.537953649246881,1.683016452672473,1.2529919392590658,True,False,False
-0.12562227668300788,-0.13700328579890936,0.35780810848033434,-0.5927417029527452,-0.5115187631422349,-0.6610078781899612,-0.5194511200694157,False,True,False
0.7978189255126608,0.7244353971990617,0.24018172941580623,0.5506738899339656,0.6096368235038897,0.5681198898451163,0.46682767907304573,False,False,True
-0.41944447738163004,-0.5423861954450139,-0.5832029240358897,-0.6334326493188203,-0.36576853687823857,-0.8483470547306237,-0.7660208198550312,False,True,False
0.6718951252132513,0.6737625334932986,0.8283136247384462,0.4987929333172201,0.45940197489330914,0.3533652240546009,0.6812361136692332,True,False,False
-2.518174482371786,-2.5186278799697717,-2.229972230939282,-1.5957735308764969,-1.5048626129107012,-1.515457293143714,-1.605787188690098,False,True,False
0.21017452411541743,0.1670338964356685,0.35780810848033434,0.1763171833660746,-0.3724954703981153,0.5681198898451163,0.6812361136692332,False,False,True
0.04227612371620477,0.1670338964356685,-0.23032378684230562,-0.26212776372838487,-0.28280302346642555,-0.37771448927481316,-0.1406628856161516,False,False,True
-0.2515460769824174,-0.23834901321043547,-0.1126974077777775,-0.24788593250025853,-0.6707228564459846,-0.3959914821080485,0.15950892281851073,False,False,True
1.0076919260116766,0.977799715727877,0.5930608666093906,1.224109052292509,1.4505035134884834,1.1621221569252653,0.6883830614891061,True,False,False
-1.4688094798767082,-1.6065163332660373,-1.6418403356166418,-1.3241614638829455,-1.3232354078740292,-1.2138869113953308,-1.3270562237150547,False,True,False
0.04227612371620477,-0.035657558387383215,-0.23032378684230562,-0.34452693011968694,-0.29625689050617904,-0.37771448927481316,-0.3550713202123389,False,True,False
1.0916411262112828,1.02847257943364,1.7693246572546706,1.9382351610171276,2.367608783365013,2.0896795432119593,1.285153204448494,False,False,True
-2.098428481373755,-2.113244970323667,-1.524213956552114,-1.5154089118034986,-1.4801971900044864,-1.4789033074772435,-1.4985829713920047,False,True,False
-0.08364767658320472,-0.1876761495046724,0.004928971286750633,-0.560188945859885,-0.720053702258414,-0.6153153961068728,-0.11564856824659638,False,True,False
-2.43422528217218,-2.82266506220435,-1.524213956552114,-1.3679042312264762,-1.3097815408342757,-1.314410371978125,-1.3806583323641017,False,True,False
0.29412372431502376,0.3190524875529577,0.004928971286750633,0.19869720386741593,0.09838987599325694,0.0655025869311441,0.43109293997368114,True,False,False
0.7978189255126608,0.7751082609048248,0.12255535035127811,0.35027097908104554,0.4706135307597704,0.3533652240546009,0.28815398357622324,False,False,True
-1.552758680076314,-1.454497742148748,-1.6418403356166418,-1.3139887272914266,-1.3366892749137826,-1.2915641309365808,-1.2127050585970882,False,True,False
1.3854633269099041,1.0791454431394032,0.9459400038029744,2.0623425474336563,2.7846786615973715,2.60143534254255,0.7241178005884708,False,False,True
0.33609832441482596,0.4710710786702469,0.24018172941580623,0.26176817073483244,0.43025192964050984,0.5361351523869544,-0.06919340741742243,False,False,True
-0.04167307648340156,-0.035657558387383215,-0.5832029240358897,-0.11157126217390677,-0.18189902066827424,0.03351784947298219,-0.1406628856161516,True,False,False
0.4200475246144323,0.52174394237601,0.35780810848033434,0.1244362267493289,0.36298259444174236,-0.04415937006826813,-0.1406628856161516,False,False,True
-0.7972158782798581,-0.593059059150777,-0.8184556821649459,-0.9457356626784468,-0.8523500614826567,-0.8711932957721678,-0.9268271458021718,False,True,False
-1.0490634788786766,-0.8464233776795917,-0.46557654497136186,-1.0423766602978752,-1.0160387771329908,-1.1362096918540805,-1.0340313631002653,True,False,False
0.7978189255126608,0.6737625334932986,1.2988191409965588,1.073552550738031,1.0446451911225862,1.4225693047988692,0.9635405525542131,False,False,True
0.37807292451462915,0.4203982149644838,0.8283136247384462,0.2536299814616174,0.08717832012679567,-0.1309750860261359,0.39535820087431656,True,False,False
0.21017452411541743,0.6230896697875355,0.24018172941580623,0.18242082532098589,0.09166294247338018,0.5726891380534251,0.19881713582781177,True,False,False
-2.0564538812739515,-2.113244970323667,-1.524213956552114,-1.4411479346854112,-1.3725662536864587,-1.547442030601876,-1.46284823229264,False,True,False
0.4200475246144323,0.2683796238471946,0.004928971286750633,0.029829776448204278,0.18135538940507023,0.09291807618099715,-0.12636898997640575,False,False,True
-0.5033936775812359,-0.33969474062196164,-0.7008293031004178,-0.6731063220257435,-0.6752074787925691,-0.6198846443151816,-0.6373757590973189,False,False,True
1.133615726311086,1.3831826253739816,1.0635663828675024,0.9952224789833365,0.7621139832877626,0.7554590663857789,1.5388698520539825,False,False,True
-0.37746987728182685,-0.33969474062196164,-0.8184556821649459,-0.6222426390681495,-0.6370881888466009,-0.5604844176071668,-0.6052144939078908,True,False,False
0.7978189255126608,0.6230896697875355,0.004928971286750633,0.05220979694954561,-0.004756437978186625,-0.19037531273415084,0.39535820087431656,False,True,False
0.16819992401561426,0.3190524875529577,0.004928971286750633,0.01762249253838173,-0.020452616191232384,0.0883488279726883,-0.008444350948502828,False,False,True
0.8817681257122671,0.6737625334932986,0.8283136247384462,1.2047808527686235,0.24638241343054526,1.4408462976321046,1.7890130257495342,True,False,False
0.33609832441482596,0.21770676014143156,0.24018172941580623,-0.018999359191085908,-0.1280835525092602,-0.11269809319290051,0.35962346177495197,False,True,False
0.8397935256124639,0.7244353971990617,0.9459400038029744,0.7978713891078723,0.9168334542449277,1.0661679445507797,0.6991034832189156,False,False,True
-0.2095714768826142,0.11636103272990543,-0.34795016590683375,-0.4289606438292928,-0.47339947319626663,-0.2817602769003277,-0.24786710291424535,False,False,True
1.5113871272093136,1.2311640342566923,0.7106872456739187,1.491652024649453,1.1276107045343993,1.9480328487543856,1.4316656347558887,True,False,False
1.0916411262112828,1.3831826253739816,1.0635663828675024,1.888388751718685,1.4617150693549443,1.2078146390083537,2.1963890514822904,True,False,False
0.0003015236164016051,0.21770676014143156,0.5930608666093906,0.06848617549597567,0.06923983074045767,0.12490281363915905,0.08446597070984509,False,False,True
-0.16759687678281104,-0.1876761495046724,-0.5832029240358897,-0.5540853039049738,-0.46218791732980535,-0.5650536658154757,-0.6159349156377002,False,False,True
-0.41944447738163004,-0.39036760432772466,-0.34795016590683375,-0.3577514876886612,-0.4240686273838371,-0.07614410752643003,-0.3908060593117035,False,False,True
-1.5947332801761172,-1.454497742148748,-0.8184556821649459,-1.2387104765141876,-1.1976659821696634,-1.1407789400623893,-1.1769703194977235,False,False,True
-1.0490634788786766,-1.2011334236199331,-0.7008293031004178,-1.0210139134556857,-0.7738691704174281,-1.236733152436875,-1.1233682108486767,False,True,False
-1.5947332801761172,-1.6065163332660373,-1.406587577487586,-1.3506105790208942,-1.31426616318086,-1.3555336058529046,-1.3020419063454995,False,True,False
1.3015141267102988,1.4338554890797446,1.6516982781901424,1.8588878156032806,1.0625836805089242,1.1347066676754123,2.753850981432377,True,False,False
-0.08364767658320472,-0.08633042209314629,-0.46557654497136186,-0.3496132984154462,-0.4038878268242069,-0.016743880818415078,-0.498010276609797,False,True,False
-2.014479281174149,-1.9612263792063784,-1.877093093745698,-1.5001498069162202,-1.4779548788311945,-1.4423493218107728,-1.4985829713920047,False,True,False
-0.08364767658320472,-0.1876761495046724,-0.7008293031004178,-0.610035355158327,-0.5339418748751574,-0.7569620905644469,-0.5587593330787168,False,True,False
0.8397935256124639,1.1298183068451662,0.9459400038029744,1.0643970878056643,0.5558213553448756,1.5550775028398252,0.9671140264641496,True,False,False
0.587945925013645,0.8764539883163509,2.2398301735127824,1.0888116556253093,0.6544830469697345,0.3487959758462921,2.003421460345722,True,False,False
0.29412372431502376,0.572416806081773,0.12255535035127811,0.11528076381696188,-0.11687199664279894,0.35793447226290975,0.21311103146755758,False,False,True
-0.9651142786790707,-1.099787696208407,-0.5832029240358897,-1.1624149520777967,-1.1819698039566173,-1.181902173937169,-1.141235580398359,False,True,False
1.2175649265106925,0.7751082609048248,0.8283136247384462,0.8660287242710478,0.784537095020685,1.2900611067579129,1.0457304524827515,False,True,False
0.7978189255126608,0.7751082609048248,0.5930608666093906,0.6819021919645578,0.5490944218249989,0.5224274077620279,0.8241750700666912,True,False,False
-0.16759687678281104,-0.035657558387383215,-0.7008293031004178,-0.418787907237774,-0.24916835586704175,-0.19037531273415084,-0.46227553751043265,False,False,True
-1.804606280675133,-1.8598806517948523,-1.524213956552114,-1.3750251468405392,-1.3254777190473213,-1.314410371978125,-1.4521278105628306,False,True,False
-0.5033936775812359,-0.5423861954450139,-0.7008293031004178,-0.7260045523016412,-0.585515031860879,-0.7341158495229027,-0.8553576676034427,False,True,False
0.4620221247142355,0.572416806081773,0.8283136247384462,0.4153764932667658,0.18135538940507023,0.05179484230621756,1.0385835046628786,False,False,True
0.6299205251134481,0.8764539883163509,0.5930608666093906,0.8355105144964917,0.558063666518168,0.8833980162184264,0.7169708527685978,False,False,True
-1.76263168057533,-1.7585349243833264,-1.524213956552114,-1.4289406507755886,-1.3882624318995045,-1.3966568397276842,-1.423540019283339,False,True,False
0.8817681257122671,0.572416806081773,0.24018172941580623,0.408255577652703,0.2957132592429748,0.5407044005952633,0.609766635470504,False,True,False
-0.2095714768826142,-0.1876761495046724,0.12255535035127811,-0.36588967696187624,-0.3926762709577456,-0.44625321239944576,-0.1406628856161516,False,False,True
0.08425072381600793,0.06568816902414236,-0.1126974077777775,-0.10343307290069174,-0.19759519888132,-0.10812884498459167,-0.022738246588248662,False,False,True
-0.16759687678281104,-0.23834901321043547,-0.5832029240358897,-0.7087109000960592,-0.6752074787925691,-0.7067003602730497,-0.6159349156377002,False,False,True
1.343488726810102,1.2311640342566923,0.7106872456739187,1.483513835376238,1.284572486664857,1.8475093881715912,1.6103393302527116,False,False,True
-1.4688094798767082,-1.5051706058545111,-1.17133481935853,-1.3312823794970086,-1.2940853626212299,-1.3281181166030516,-1.3020419063454995,False,True,False
0.21017452411541743,-0.23834901321043547,-0.23032378684230562,-0.2102468071116389,-0.07875270669683067,-0.16752907169260664,-0.3550713202123389,False,False,True
-1.3428856795772988,-1.403824878442985,-1.2889611984230578,-1.2376932028550356,-1.1976659821696634,-1.1727636775205512,-1.2412928498765798,False,True,False
0.587945925013645,0.8764539883163509,1.0635663828675024,0.9240133228427048,0.24862472460383753,0.3944884579293805,1.7532782866501695,True,False,False
-0.7552412781800548,-0.7957505139738287,-0.7008293031004178,-0.9172520002221942,-0.9375578860677622,-0.7889468280226087,-0.9268271458021718,False,True,False
-1.174987279178086,-1.2011334236199331,-1.406587577487586,-1.1847949725791382,-1.069854245292005,-1.2001791667704043,-1.2484397976964527,False,True,False
-0.4614190774814332,-0.593059059150777,0.12255535035127811,-0.6375017439554278,-0.7783537927640125,-0.5239304319406961,-0.42654079841106807,True,False,False
-0.3354952771820237,-0.44104046803348773,0.35780810848033434,0.4031692093569433,0.28225939220322127,0.4356116918041601,0.524003261632029,False,False,True
0.5039967248140387,0.11636103272990543,0.35780810848033434,0.31263185369242635,0.36522490561503457,0.3168112383881302,0.3417560922252697,True,False,False
0.7558443254128576,0.4710710786702469,-0.23032378684230562,0.28007909659956626,0.5804867782510904,0.010671608431437978,0.18452324018806593,False,False,True
0.7978189255126608,0.6737625334932986,0.24018172941580623,0.25159543414331365,0.4235249961206331,0.05179484230621756,0.26671314011660446,True,False,False
1.3854633269099041,1.4338554890797446,1.4164455200610868,1.5018247612409716,1.4639573805282369,1.705862693714017,1.574604591153347,True,False,False
-1.0910380789784797,-1.099787696208407,-1.17133481935853,-1.175639509646771,-1.0990042905448043,-1.1956099185620954,-1.1769703194977235,False,True,False
-0.545368277681039,-0.5423861954450139,-0.23032378684230562,-0.6385190176145796,-0.6281189441534318,-0.610746147898564,-0.5337450157091617,True,False,False
0.33609832441482596,0.3190524875529577,0.24018172941580623,0.06543435451851992,0.33383254918894306,-0.29089877331694536,0.21668450537749406,True,False,False
-0.12562227668300788,-0.23834901321043547,0.12255535035127811,-0.1308994616977926,0.17014383353860899,-0.3731452410665043,-0.4229673245011316,False,True,False
-1.6367078802759203,-1.809207788089089,-1.406587577487586,-1.4055433566150957,-1.3635970089932896,-1.3189796201864339,-1.3842318062740382,False,True,False
-1.1330126790782828,-1.3024791510314588,-1.17133481935853,-1.252952307742314,-1.2380275832889236,-1.341825861227978,-1.1483825282182318,False,True,False
-0.4614190774814332,-0.08633042209314629,0.4754344875448625,-0.6527608488427059,-0.8927116626019173,-0.9854245009798889,-0.2978957376533556,False,True,False
-0.4614190774814332,-0.33969474062196164,-0.46557654497136186,-0.4665997692179122,-0.37698009274469985,-0.3228835107751073,-0.748153450305349,True,False,False
0.8397935256124639,0.8764539883163509,0.9459400038029744,0.5099829435678904,0.49752126483927717,0.6686433504279108,0.5275767355419655,False,False,True
-0.41944447738163004,-0.44104046803348773,-0.23032378684230562,-0.7127799947326667,-0.7626576145509668,-0.610746147898564,-0.6588166025569376,True,False,False
-1.3428856795772988,-1.3531520147372218,-1.17133481935853,-1.2132786350353908,-1.132638958144188,-1.1864714221454777,-1.266307167246135,False,True,False
-1.4688094798767082,-1.454497742148748,-0.7008293031004178,-1.2651595916521365,-1.3209930967007368,-1.1133634508125363,-1.1769703194977235,False,True,False
-1.384860279677102,-1.3531520147372218,-1.0537084402940018,-1.2488832131057064,-1.240269894462216,-1.2550101452701103,-1.06976610219963,False,True,False
-1.804606280675133,-1.7078620606775634,-1.17133481935853,-1.394353346364425,-1.3456585196069517,-1.3646721022695223,-1.391378754093911,False,True,False
0.25214912421522057,0.21770676014143156,0.24018172941580623,-0.09732943094578046,-0.06978346200366191,-0.04872861827657698,0.052304705520416966,False,True,False
-0.545368277681039,-0.44104046803348773,-0.5832029240358897,-0.7778855089183869,-0.8770154843888714,-0.894039536813712,-0.498010276609797,True,False,False
0.7978189255126608,0.7244353971990617,0.9459400038029744,0.6096757621647748,0.7531447385945935,0.7737360592190142,0.47397462689291864,False,True,False
0.8817681257122671,0.572416806081773,0.24018172941580623,0.39910011472033574,0.7912640285405621,0.0655025869311441,-0.45512858969055975,False,False,True
-1.4688094798767082,-1.5051706058545111,-1.17133481935853,-1.287539612153478,-1.2918430514479375,-1.1407789400623893,-1.2841745367958173,False,False,True
0.9657173259118734,0.8257811246105878,0.35780810848033434,0.6056066675281673,0.5221866877454919,0.8057207966771761,0.7169708527685978,False,False,True
-0.9651142786790707,-0.998441968796881,-0.7008293031004178,-1.0494975759119385,-1.060885000598836,-0.9031780332303296,-1.0340313631002653,False,True,False
0.5039967248140387,0.52174394237601,0.004928971286750633,-0.13700310365270385,-0.1549912865887672,-0.25434478765047464,0.18094976627812948,False,True,False
-0.41944447738163004,-0.33969474062196164,-0.7008293031004178,-0.7626264040311087,-0.8007769044969351,-0.7478235941478292,-0.5694797548085262,False,True,False
-0.12562227668300788,-0.08633042209314629,0.004928971286750633,-0.28552505788887794,-0.4554609838099286,-0.27262178048371,-0.06919340741742243,False,False,True
-1.6367078802759203,-1.8598806517948523,-1.524213956552114,-1.309919632654819,-1.1931813598230787,-1.2915641309365808,-1.4092461236435931,False,True,False
0.08425072381600793,0.11636103272990543,0.4754344875448625,-0.17159040806386752,-0.0563295949639084,-0.26805253227540116,-0.15138330734596098,False,False,True
1.9311331282073452,2.1939484446661894,1.6516982781901424,3.406161051173287,3.748872466113038,3.0355139223318894,3.136212689795578,True,False,False
-1.9725046810743456,-2.0118992429121416,-1.6418403356166418,-1.4635279551867526,-1.401716298939258,-1.465195562852317,-1.4985829713920047,False,True,False
0.21017452411541743,0.11636103272990543,0.4754344875448625,1.0369306990085634,1.2195454626393814,1.1895376461751184,0.7455586440480891,False,False,True
-0.3354952771820237,-0.13700328579890936,0.004928971286750633,-0.4096324443054072,-0.5922419653807558,-0.4919456944825342,-0.104928146516787,False,False,True
-2.0564538812739515,-2.0625721066179046,-1.9947194728102262,-1.459458860550145,-1.4151701659790115,-1.401226087935993,-1.4735686540224493,False,True,False
0.8817681257122671,1.0791454431394032,0.35780810848033434,0.8711150925668071,0.22395930169762276,0.14774905468070326,1.2172572001597013,False,False,True
0.8817681257122671,0.7244353971990617,0.5930608666093906,0.9260478701610088,1.0917337257617232,0.8239977895104115,0.7884403309673266,False,False,True
0.9657173259118734,0.927126852022114,0.24018172941580623,0.48760292306654934,0.04681671900753515,0.8194285413021026,0.8599098091660557,True,False,False
0.5039967248140387,0.572416806081773,0.5930608666093906,0.1101943955212026,0.18808232292494698,-0.16752907169260664,0.24527229665698572,False,False,True
-0.3354952771820237,-0.2890218769161986,0.004928971286750633,-0.3211296359591936,-0.6415728111931853,-0.4645302052326811,-0.3193365811129743,False,True,False
0.4620221247142355,0.52174394237601,0.35780810848033434,0.4123246722893105,0.4863097089728159,0.38078071330445395,0.39535820087431656,False,False,True
0.8397935256124639,1.1804911705509293,1.7693246572546706,1.5170838661282497,0.676906158702657,0.718905080719308,3.0397288942272938,True,False,False
1.889158528107542,2.0419298535489,2.2398301735127824,3.4132819667873506,3.908076559416788,3.0903449008315955,2.6609406597740293,True,False,False
1.5113871272093136,1.3831826253739816,0.9459400038029744,1.441805615351011,1.1074299039747693,1.705862693714017,1.6067658563427751,True,False,False
0.7978189255126608,0.8764539883163509,0.8283136247384462,1.9840124756789619,1.2666339972785188,1.3494613334659278,3.468545763419668,False,False,True
-0.3354952771820237,-0.33969474062196164,-0.23032378684230562,-0.5642580404964925,-0.4240686273838371,-0.6290231407317993,-0.5909205982681449,False,True,False
-0.9231396785792675,-0.8464233776795917,-0.9360820612294737,-0.9070792636306754,-0.8680462396957025,-0.921455026063565,-0.8196229285040781,False,True,False
-1.4688094798767082,-1.5051706058545111,-1.524213956552114,-1.3241614638829455,-1.2133621603827087,-1.4286415771858463,-1.3199092758951818,False,True,False
-1.9725046810743456,-1.8598806517948523,-1.6418403356166418,-1.4848907020289421,-1.455531767098272,-1.437780073602464,-1.46284823229264,False,True,False
-1.76263168057533,-1.809207788089089,-1.6418403356166418,-1.3567142209758054,-1.3366892749137826,-1.286994882728272,-1.391378754093911,False,True,False
-1.6367078802759203,-2.0625721066179046,-1.0537084402940018,-1.3658696839081723,-1.2716622508883073,-1.3601028540612135,-1.4020991758237205,False,True,False
0.6299205251134481,0.4203982149644838,0.12255535035127811,0.09391801697477253,0.3226209933224818,-0.23606779481723927,0.002276070781306547,False,False,True
0.29412372431502376,0.52174394237601,2.2398301735127824,0.01762249253838173,-0.12584124133596794,-0.2177908019840039,0.46682767907304573,False,False,True
-0.41944447738163004,-0.44104046803348773,-0.5832029240358897,-0.5388261990176957,-0.35679929218506956,-0.5833306586487109,-0.7588738720351583,True,False,False
0.29412372431502376,0.1670338964356685,-0.1126974077777775,-0.021033906509389667,0.049059030180827405,0.03808709768129103,-0.02631172049818512,False,True,False
1.2175649265106925,1.1298183068451662,0.8283136247384462,1.3115945869795704,1.1971223509064588,1.8109554025051204,0.9599670786442766,False,False,True
-0.2515460769824174,-0.5423861954450139,-0.46557654497136186,-0.6802272376398066,-0.6572689894062311,-0.697561863856432,-0.6445227069171918,False,True,False
0.587945925013645,0.572416806081773,0.24018172941580623,0.548639342615662,0.8114448291001921,-0.13554433423444473,0.18094976627812948,True,False,False
-0.3354952771820237,-0.5423861954450139,-0.8184556821649459,-0.6771754166623509,-0.6415728111931853,-0.7752390833976822,-0.6230818634575731,False,True,False
0.4620221247142355,0.3190524875529577,0.9459400038029744,0.047123428653786104,0.026635918447904892,-0.15839057527598893,0.03801080988067113,True,False,False
-0.5873428777808423,-0.44104046803348773,-0.5832029240358897,-0.8145073606478546,-0.7918076598037661,-0.66557712639827,-0.8231964024140146,True,False,False
-0.04167307648340156,0.015015305318379291,0.004928971286750633,-0.2682314056832961,-0.09444888490987642,-0.4736687016492988,-0.32291005502291076,False,True,False
0.25214912421522057,0.1670338964356685,0.9459400038029744,0.08984892233816502,0.0400897854876584,0.17973379213886514,0.1094802880794003,False,True,False
1.133615726311086,0.927126852022114,0.5930608666093906,0.7317486012629998,0.43922117433367885,1.0707371927590885,0.9313792873647849,True,False,False
-0.7132666780802517,-0.44104046803348773,-0.7008293031004178,-0.7819546035549944,-0.6617536117528157,-0.839208558314006,-0.9018128284326167,False,True,False
-0.16759687678281104,-0.1876761495046724,-0.46557654497136186,-0.36182058232526876,-0.13032586368255245,-0.38685298569143084,-0.5194511200694157,False,False,True
-0.4614190774814332,-0.4917133317392508,-0.1126974077777775,-0.6710717747074397,-0.8702885508689947,-0.6016076514819463,-0.5337450157091617,False,False,True
-0.6712920779804485,-0.64373192285654,-0.8184556821649459,-0.8582501279913853,-0.8658039285224103,-0.724977353106285,-0.8767985110630613,False,True,False
-1.3009110794774956,-1.3024791510314588,-1.0537084402940018,-1.150207668167974,-1.069854245292005,-1.17733292572886,-1.141235580398359,False,True,False
1.5533617273091167,1.4845283527855078,0.7106872456739187,1.3004045767288999,0.7935063397138541,1.8200938989217381,1.3673431043770325,True,False,False
-0.8391904783796612,-0.9477691050911179,-1.406587577487586,-1.0739121437315835,-1.0294926441727446,-1.1179326990208451,-1.0340313631002653,False,True,False
-0.08364767658320472,-0.1876761495046724,0.004928971286750633,-0.3109568993676748,-0.08772195138999968,-0.4416839641911369,-0.8625046154233156,False,False,True
-1.2589364793776923,-1.6571891969718002,-0.9360820612294737,-0.8887683377659416,-0.872530862042287,-0.8209315654807706,-0.9089597762524896,False,True,False
-0.41944447738163004,-0.4917133317392508,-0.46557654497136186,-0.4869452424009497,-0.16171822010864395,-0.6473001335650347,-0.8053290328643322,True,False,False
0.5459713249138418,0.8257811246105878,-0.1126974077777775,0.36044371567256456,0.2755324586833445,0.39905770613768937,0.3238887226755874,False,False,True
-0.4614190774814332,-0.39036760432772466,-0.46557654497136186,-0.7331254679157043,-0.7895653486304738,-0.6884233674398144,-0.6052144939078908,False,True,False
0.4620221247142355,0.52174394237601,0.24018172941580623,0.3777373678781464,0.5849714005976749,0.36707296867952743,0.18094976627812948,False,False,True
0.9237427258120703,1.02847257943364,1.0635663828675024,0.9708079111636915,0.8226563849666536,1.2535071210914421,0.9814079221038954,False,False,True
-0.545368277681039,-0.33969474062196164,0.004928971286750633,-0.6517435751835541,-0.7559306810310901,-0.697561863856432,-0.24786710291424535,False,False,True
0.04227612371620477,-0.23834901321043547,-0.34795016590683375,-0.3282505515732569,-0.3209223134123938,-0.27262178048371,-0.42654079841106807,True,False,False
0.7558443254128576,0.4710710786702469,-0.1126974077777775,0.464205628906056,0.5064905095324461,0.75088981817747,0.24527229665698572,True,False,False
-0.08364767658320472,-0.13700328579890936,0.004928971286750633,-0.29468052082124474,-0.35679929218506956,-0.5056534391074607,-0.1406628856161516,True,False,False
1.133615726311086,1.2311640342566923,0.8283136247384462,1.5303084236972242,1.699400053723923,1.5505082546315163,1.181522461060337,False,False,True
-0.5873428777808423,-0.44104046803348773,-1.0537084402940018,-0.6446226595694908,-0.6101804547670938,-0.7295466013145938,-0.6409492330072554,False,False,True
-0.2515460769824174,-0.08633042209314629,0.35780810848033434,-0.04544847432903476,-0.5653342313012489,-0.5970384032736374,0.7884403309673266,False,False,True
0.8397935256124639,0.927126852022114,0.9459400038029744,1.0979671185576763,1.2756032419716878,1.116429674842177,0.9349527612747214,False,False,True
-1.174987279178086,-1.3024791510314588,-0.9360820612294737,-1.1298621949849366,-1.0317349553460367,-1.095086457979301,-1.1948376890474057,False,True,False
-0.9651142786790707,-0.8464233776795917,-0.9360820612294737,-1.0301693763880526,-1.02500802182616,-0.9945629973965066,-0.9554149370816635,False,True,False
-1.384860279677102,-1.3531520147372218,-1.2889611984230578,-1.2885568858126297,-1.2828738067547687,-1.2732871381033455,-1.2127050585970882,False,True,False
-0.3354952771820237,-0.39036760432772466,-0.23032378684230562,-0.6202080917498458,-0.5025495184490659,-0.6929926156481232,-0.6016410199979543,False,False,True
0.21017452411541743,0.06568816902414236,0.12255535035127811,-0.10038125192323621,0.055785963700704155,-0.19037531273415084,-0.1299424638863422,False,True,False
-2.4761998822719833,-2.3159364251467194,-2.112345851874754,-1.5601689528061808,-1.520558791123747,-1.5291650377686405,-1.5700524495907338,False,True,False
-0.04167307648340156,-0.33969474062196164,-0.1126974077777775,-0.5968107975893526,-0.6258766329801396,-0.5833306586487109,-0.498010276609797,True,False,False
-0.545368277681039,-0.39036760432772466,-0.7008293031004178,-0.8836819694701822,-0.9510117531075157,-0.8711932957721678,-0.6731104981966834,False,True,False
1.7632347278081326,1.7885655350200849,1.0635663828675024,2.6309985228995565,2.6523823023731286,3.3736382897467436,1.8604825039482633,False,False,True
-1.426834879776905,-1.3024791510314588,-0.7008293031004178,-1.235658655536732,-1.251481450328677,-1.1727636775205512,-1.141235580398359,False,True,False
0.587945925013645,0.6230896697875355,2.592709310706367,0.9199442282060972,0.4549173525467246,0.6092431237198959,1.4674003738552532,True,False,False
-0.04167307648340156,0.015015305318379291,-0.34795016590683375,-0.2692486793424479,-0.29625689050617904,-0.16752907169260664,-0.17639762471551618,True,False,False
1.0496665261114797,0.7751082609048248,0.4754344875448625,1.8487150790117621,0.9459834994977272,0.8925365126350441,0.48469504862272805,False,False,True
0.5039967248140387,0.6230896697875355,0.5930608666093906,1.1762971903123707,1.9707197056922852,0.44018094001246894,0.39535820087431656,False,False,True
0.7138697253130545,0.8257811246105878,0.7106872456739187,1.0511725302366894,1.5424382715934655,0.6320893647614401,0.4632542051631093,True,False,False
0.9237427258120703,1.1804911705509293,1.5340718991256144,1.3288882391851524,0.8495641190461606,1.1941068943834272,1.3601961565571596,False,False,True
-0.37746987728182685,-0.44104046803348773,-0.46557654497136186,-0.4665997692179122,-0.21777599944095025,-0.5833306586487109,-0.7124187112059843,False,False,True
-0.08364767658320472,-0.1876761495046724,-0.34795016590683375,-0.5296707360853287,-0.5496380530882031,-0.49651494269084306,-0.3908060593117035,False,True,False
0.04227612371620477,0.11636103272990543,0.004928971286750633,-0.31400872034513055,-0.46891485084968215,0.04265634588959988,-0.2264262594546266,False,True,False
0.8817681257122671,0.6230896697875355,0.12255535035127811,0.548639342615662,0.7150254486486255,0.7234743289276169,0.25956619229673156,False,False,True
1.0076919260116766,1.0791454431394032,0.4754344875448625,0.7195413173531777,0.6522407357964425,1.1895376461751184,0.6812361136692332,False,False,True
0.37807292451462915,0.36972535125872075,0.24018172941580623,0.3339946005346157,0.6432714911032735,0.03808709768129103,0.07731902288997217,True,False,False
0.08425072381600793,0.4203982149644838,-0.1126974077777775,-0.20922953345248715,-0.3411031139720241,0.03351784947298219,0.18094976627812948,False,True,False
-2.3502760819725736,-2.366609288852483,-1.9947194728102262,-1.5306680166907765,-1.437593277711934,-1.4880418038938612,-1.5700524495907338,False,True,False
-0.08364767658320472,-0.035657558387383215,-0.23032378684230562,-0.2214368173623097,-0.18189902066827424,-0.45539170881606345,-0.21213236381488076,False,False,True
0.37807292451462915,0.4203982149644838,0.35780810848033434,0.7378522432179113,0.683633092222534,0.2665495080967329,0.7384116962282166,False,False,True
-0.12562227668300788,-0.1876761495046724,-0.34795016590683375,-0.4757552321502792,-0.3029838240260558,-0.49651494269084306,-0.6016410199979543,False,True,False
1.0916411262112828,1.0791454431394032,0.4754344875448625,0.974877005800299,0.8630179860859141,1.7195704383389436,0.752705591867962,False,False,True
0.16819992401561426,0.11636103272990543,-0.34795016590683375,-0.23160955395382848,-0.01148337149806338,-0.6290231407317993,-0.1406628856161516,False,True,False
1.2595395266104956,1.1804911705509293,0.4754344875448625,0.9209615018652495,0.9482258106710192,0.865121023385191,0.8206015961567548,False,False,True
-1.5947332801761172,-1.7585349243833264,-1.2889611984230578,-1.3760424204996913,-1.3209930967007368,-1.3372566130196692,-1.391378754093911,False,False,True
-0.545368277681039,-0.33969474062196164,-0.46557654497136186,-0.6903999742313254,-0.6281189441534318,-0.8483470547306237,-0.498010276609797,True,False,False
1.6792855276085263,1.5352012164912707,1.0635663828675024,1.9555288132227093,2.2980971369929533,1.7012934455057083,1.3959308956565242,True,False,False
0.25214912421522057,0.11636103272990543,0.004928971286750633,0.07560709111003872,-0.1370527972024292,0.5681198898451163,-0.21213236381488076,True,False,False
0.25214912421522057,0.3190524875529577,0.24018172941580623,0.014570671560925981,0.24638241343054526,-0.31831426256679846,-0.06919340741742243,False,False,True
-1.174987279178086,-1.2518062873256963,-0.8184556821649459,-1.0993439852103803,-1.0720965564652971,-1.0265477348546683,-1.0876334717493124,False,False,True
1.1755903264108893,1.3325097616682184,1.2988191409965588,1.898561488310204,2.1971931341948023,1.651031715214311,1.646074069352076,True,False,False
-0.6293174778806454,-0.6944047865623025,-0.23032378684230562,-0.9345456524277761,-0.8971962849485018,-0.9260242742718738,-0.9625618849015364,False,False,True
0.29412372431502376,0.52174394237601,0.9459400038029744,0.2831309175770218,-0.08323732904341517,0.13861055826408558,0.8241750700666912,True,False,False
-0.7132666780802517,-0.64373192285654,-0.23032378684230562,-0.7758509616000832,-0.6796921011391536,-0.8894702886054031,-0.7553003981252219,False,True,False
-1.2589364793776923,-1.3531520147372218,-1.0537084402940018,-1.1888640672157458,-1.123669713451019,-1.2732871381033455,-1.1591029499480412,False,True,False
-0.3354952771820237,-0.4917133317392508,-0.46557654497136186,-0.6415708385920353,-0.5115187631422349,-0.7158388566896674,-0.6623900764668741,False,True,False
-0.08364767658320472,-0.13700328579890936,-0.46557654497136186,-0.37606241355339504,-0.3388608027987318,-0.4051299785246662,-0.4837163809700514,False,False,True
-1.7206570804755268,-1.6571891969718002,-1.406587577487586,-1.3679042312264762,-1.3322046525671982,-1.3555336058529046,-1.3556440149945463,False,True,False
-0.8391904783796612,-0.6944047865623025,-0.9360820612294737,-0.9131829055855867,-0.881500106735456,-0.7752390833976822,-0.9982966240009008,False,True,False
0.587945925013645,0.6230896697875355,-0.1126974077777775,0.214973582413846,0.3293479268423586,0.028948601264673347,0.33818261831533325,False,True,False
-0.8391904783796612,-0.7957505139738287,-1.406587577487586,-0.9559083992699655,-1.0160387771329908,-0.8986087850220208,-0.8196229285040781,False,False,True
-1.1330126790782828,-1.3024791510314588,-0.34795016590683375,-0.5428952936543032,-0.2558952893869185,-0.7798083316059911,-0.6909778677463658,False,False,True
-1.3009110794774956,-1.3531520147372218,-0.9360820612294737,-1.1176549110751142,-0.9420425084143468,-1.1910406703537866,-1.226998954236834,False,True,False
1.8052093279079358,1.737892671314322,1.5340718991256144,3.1538771837036212,2.0402313520643447,2.63798932820902,1.7747191301097884,False,False,True
-0.41944447738163004,-0.44104046803348773,-0.5832029240358897,-0.6751408693440473,-0.5765457871677101,-0.8437778065223148,-0.5980675460880178,False,True,False
-0.37746987728182685,-0.593059059150777,-0.9360820612294737,-0.6344499229779721,-0.55636498660808,-0.4873764462742254,-0.8124759806842051,False,True,False
-0.6712920779804485,-0.593059059150777,-0.5832029240358897,-0.9548911256108137,-0.9151347743348398,-1.0174092384380506,-0.8767985110630613,False,False,True
1.0916411262112828,1.3325097616682184,1.7693246572546706,1.4743583724438711,1.4998343593009125,1.0524601999258532,1.4602534260353803,True,False,False
1.4694125271095104,1.5858740801970328,0.8283136247384462,2.0867571152533015,2.1702854001152954,1.9434636005460768,2.14636041674318,False,False,True
0.37807292451462915,0.2683796238471946,0.004928971286750633,0.05627889158615313,0.13426685476593295,0.13861055826408558,-0.07276688132735888,True,False,False
0.5459713249138418,0.6737625334932986,0.4754344875448625,0.5506738899339656,0.5244289989187841,0.6823510950528373,0.39535820087431656,True,False,False
-2.1404030814735577,-2.0625721066179046,-1.524213956552114,-1.4503033976177782,-1.3523854531268285,-1.3692413504778311,-1.4950094974820682,False,True,False
-0.6293174778806454,-0.6944047865623025,-0.8184556821649459,-0.7982309821014244,-0.6752074787925691,-0.8072238208558441,-0.8553576676034427,False,True,False
-0.7552412781800548,-0.8464233776795917,-0.46557654497136186,-0.8775783275152709,-0.8030192156702273,-1.095086457979301,-0.9089597762524896,False,True,False
-1.6786824803757237,-1.7078620606775634,-1.524213956552114,-1.3750251468405392,-1.40395861011255,-1.3281181166030516,-1.2841745367958173,False,False,True
0.9657173259118734,0.927126852022114,0.8283136247384462,1.1457789805378142,0.5961829564641362,1.0067677178427648,1.1457877219609724,True,False,False
0.5039967248140387,0.572416806081773,0.35780810848033434,0.17021354141116335,0.42576730729392537,0.14317980647239442,-0.033458668318058035,False,False,True
-0.9231396785792675,-1.049114832502644,-0.23032378684230562,-1.0393248393204193,-1.0317349553460367,-0.9625782599383446,-0.9625618849015364,True,False,False
-1.1330126790782828,-1.099787696208407,-0.8184556821649459,-1.1634322257369487,-1.1886967374764943,-1.3052718755615074,-1.1055008412989944,False,True,False
0.5039967248140387,0.572416806081773,0.004928971286750633,0.156988983842189,0.09166294247338018,-0.17666756810922432,0.538297157271775,True,False,False
0.8397935256124639,0.8257811246105878,-0.7008293031004178,0.6208657724154452,0.7441754939014246,0.09748732438930599,0.3774908313246343,True,False,False
1.5113871272093136,1.5858740801970328,8.826907401126352,2.805969592273679,3.3497410772670175,2.7933437672915207,1.9462458777867384,False,False,True
0.9237427258120703,0.977799715727877,0.7106872456739187,1.1885044742221933,1.0962183481083076,1.0615986963424708,0.8956445482654204,True,False,False
1.2595395266104956,1.1298183068451662,0.12255535035127811,1.0857598346478536,0.8809564754722521,1.4591232904653402,1.0385835046628786,False,False,True
0.1262253239158111,0.11636103272990543,0.35780810848033434,-0.18786678661029757,-0.04063341675086265,-0.2634832840670923,-0.17639762471551618,False,False,True
0.16819992401561426,0.3190524875529577,-0.1126974077777775,0.17835173068437837,0.30692481510943603,0.18887228855548283,-0.015591298768375745,True,False,False
0.4620221247142355,0.6230896697875355,0.5930608666093906,0.42758377717658835,0.8047178955803156,-0.13554433423444473,0.2810070357563503,False,False,True
1.59533632740892,1.7885655350200849,2.122203794448255,2.5262193360069123,2.26446246939357,2.0896795432119593,2.3250341122400022,True,False,False
0.5459713249138418,0.6230896697875355,0.12255535035127811,0.2912691068502368,0.4145557514274641,0.5041504149287924,0.35247651395507906,False,True,False
-0.8811650784794643,-0.8464233776795917,-0.9360820612294737,-0.9416665680418392,-0.8658039285224103,-1.0813787133543744,-0.9018128284326167,False,True,False
0.16819992401561426,0.06568816902414236,1.4164455200610868,1.0725352770788794,0.9258026989380966,1.2535071210914421,1.1672285654205912,True,False,False
1.0496665261114797,1.02847257943364,1.1811927619320306,1.4468919836467704,1.591769117405895,1.7606936722137232,0.9671140264641496,False,False,True
-2.8539712831702113,-2.7719921984985865,-2.229972230939282,-1.6252744669919013,-1.5676473257628842,-1.5931345126849643,-1.6415219277894628,False,True,False
0.5039967248140387,0.6737625334932986,1.0635663828675024,0.05424434426784937,-0.06305652848378515,-0.021313129026723922,0.25241924447685865,True,False,False
0.8397935256124639,0.927126852022114,0.004928971286750633,0.5394838796832953,0.8248986961399456,0.32594973480474787,0.39535820087431656,False,False,True
1.0076919260116766,0.8257811246105878,0.4754344875448625,0.6829194656237101,0.5961829564641362,1.230660880049898,0.42394599215380824,True,False,False
-0.41944447738163004,-0.593059059150777,-0.7008293031004178,-0.7616091303719568,-0.6931459681789072,-0.7478235941478292,-0.7838881894047135,False,True,False
0.0003015236164016051,0.015015305318379291,0.24018172941580623,-0.2499204798185623,-0.38819164861116107,-0.27262178048371,0.07374554898003571,True,False,False
0.7978189255126608,0.7244353971990617,0.35780810848033434,0.8639941769527443,0.746417805074717,1.765262920422032,0.5561645268214572,False,False,True
0.8817681257122671,0.977799715727877,0.24018172941580623,0.9881015633692732,1.2195454626393814,0.6001046273032782,0.9313792873647849,False,False,True
0.5039967248140387,0.4710710786702469,2.004577415383727,0.45606743963284097,0.09390525364667243,0.36707296867952743,0.8956445482654204,False,False,True
0.16819992401561426,0.1670338964356685,-0.34795016590683375,-0.12784764072033683,-0.2984992016794713,-0.2863295251086365,0.1452150271787649,True,False,False
-0.7552412781800548,-0.593059059150777,-0.34795016590683375,-0.7565227620761974,-0.7335075692981675,-0.6061768996902551,-0.6766839721066199,True,False,False
-1.2169618792778891,-1.3024791510314588,-1.2889611984230578,-1.133931289621544,-1.1012466017180964,-1.095086457979301,-1.1055008412989944,False,True,False
-1.6367078802759203,-1.454497742148748,-1.17133481935853,-1.3241614638829455,-1.3120238520075678,-1.3235488683947427,-1.2841745367958173,False,True,False
1.0496665261114797,1.0791454431394032,1.7693246572546706,1.357371901641405,0.9123488318983431,1.2991996031745305,1.3244614174577949,True,False,False
-0.2935206770822205,-0.23834901321043547,0.004928971286750633,-0.5866380609978339,-0.729022946951583,-0.4919456944825342,-0.46227553751043265,False,True,False
0.33609832441482596,0.572416806081773,0.8283136247384462,0.3339946005346157,0.12978223241934844,0.019810104848055662,0.9313792873647849,False,False,True
1.0496665261114797,1.1298183068451662,1.2988191409965588,1.7195213242994734,1.4908651146077434,2.3684036839187987,1.646074069352076,False,False,True
-0.6293174778806454,-0.2890218769161986,0.5930608666093906,-0.0291720957826047,-0.4958225849291891,0.09748732438930599,0.18094976627812948,True,False,False
0.21017452411541743,0.3190524875529577,0.5930608666093906,0.06034798622276064,-0.21777599944095025,-0.10812884498459167,0.43109293997368114,False,True,False
0.6299205251134481,0.4710710786702469,0.12255535035127811,0.1193498584535694,0.26207859164359104,-0.08528260394304746,0.20953755755762113,True,False,False
0.8397935256124639,0.7244353971990617,0.7106872456739187,1.0613452668282086,1.1791838615201213,0.8879672644267352,0.8956445482654204,True,False,False
-1.1330126790782828,-1.2518062873256963,-0.9360820612294737,-1.118672184734266,-1.0451888223857901,-1.0859479615626833,-1.1626764238579776,False,True,False
0.29412372431502376,0.4203982149644838,0.35780810848033434,0.1661444467745558,-0.004756437978186625,0.8239977895104115,0.7884403309673266,False,False,True
-0.41944447738163004,-0.5423861954450139,-0.46557654497136186,-0.7137972683918186,-0.567576542474541,-0.724977353106285,-0.748153450305349,False,False,True
0.08425072381600793,0.11636103272990543,0.5930608666093906,0.18038627800268212,-0.11238737429621444,0.16145679930562978,0.1452150271787649,False,False,True
0.33609832441482596,0.4203982149644838,-0.5832029240358897,0.15800625750134079,0.16790152236531672,0.14774905468070326,0.35962346177495197,False,False,True
0.8397935256124639,0.8764539883163509,0.35780810848033434,0.4428428820638666,0.5670329112113369,0.2848265009299683,0.5847523181009489,False,False,True
-0.3354952771820237,-0.5423861954450139,-0.46557654497136186,-0.6558126698201616,-0.6752074787925691,-0.5376381765656226,-0.748153450305349,False,True,False
-1.3009110794774956,-1.3531520147372218,-0.9360820612294737,-1.2376932028550356,-1.1999082933429552,-1.4149338325609198,-1.141235580398359,True,False,False
-0.8391904783796612,-0.8464233776795917,-0.8184556821649459,-0.8816474221518784,-0.8030192156702273,-0.9123165296469473,-0.8732250371531249,False,True,False
-0.16759687678281104,-0.23834901321043547,0.24018172941580623,-0.38521787648576206,-0.5137610743155272,-0.2634832840670923,-0.17639762471551618,False,False,True
-1.804606280675133,-1.809207788089089,-1.6418403356166418,-1.4370788400488037,-1.3905047430727966,-1.4103645843526107,-1.4414073888330212,False,True,False
0.37807292451462915,0.3190524875529577,1.1811927619320306,0.38078918885560215,0.3876480173479571,0.23913401884687985,0.18094976627812948,True,False,False
-1.426834879776905,-1.5051706058545111,-1.17133481935853,-1.2865223384943258,-1.2963276737945222,-1.2001791667704043,-1.298468432435563,False,True,False
-1.9305300809745425,-1.9612263792063784,-1.6418403356166418,-1.444199755662867,-1.4062009212858424,-1.5108880449354052,-1.423540019283339,False,True,False
0.5039967248140387,0.4203982149644838,-0.1126974077777775,0.049157975972089867,0.08493600895350342,0.056364090514526406,0.1452150271787649,False,True,False
0.4620221247142355,0.2683796238471946,0.24018172941580623,0.1234189530901769,0.010939740234859134,0.10662582080592367,0.08446597070984509,False,True,False
-1.174987279178086,-1.049114832502644,-0.8184556821649459,-1.0159275451599263,-1.0048272212665297,-0.9717167563549622,-0.9982966240009008,True,False,False
1.133615726311086,1.2311640342566923,0.7106872456739187,1.1386580649237514,1.0311913240828328,0.2848265009299683,1.5245759564142367,False,False,True
-0.6293174778806454,-0.7957505139738287,-0.7008293031004178,-0.9406492943826874,-0.899438596121794,-0.8437778065223148,-0.9840027283611552,False,True,False
-0.3354952771820237,-0.08633042209314629,-0.1126974077777775,-0.34147510914223117,-0.21329137709436574,-0.40056073031635736,-0.2836018420136097,False,False,True
-0.6293174778806454,-0.6944047865623025,-0.34795016590683375,-0.8674055909237521,-0.8501077503093645,-1.0128399902297418,-0.7517269242152854,False,True,False
-0.6712920779804485,-0.5423861954450139,-1.0537084402940018,-0.9548911256108137,-0.9824041095336072,-0.9351627706884915,-0.8553576676034427,False,True,False
0.6299205251134481,0.52174394237601,0.12255535035127811,0.20683539314063099,0.17014383353860899,0.39905770613768937,0.05945165334028988,True,False,False
1.3015141267102988,1.5352012164912707,0.5930608666093906,1.6442430735222346,1.0984606592816002,0.9108135054682794,1.574604591153347,True,False,False
1.5113871272093136,1.5352012164912707,1.5340718991256144,3.1538771837036212,2.8295248850632166,2.9212827171241678,2.746704033612504,True,False,False
1.1755903264108893,1.1804911705509293,0.8283136247384462,1.2454717991346984,1.3585687553835009,1.8612171327965177,0.8098811744269454,False,False,True
0.7558443254128576,0.7751082609048248,1.7693246572546706,0.26583726537144,0.2755324586833445,-0.04415937006826813,0.35962346177495197,False,False,True
-0.7132666780802517,-0.64373192285654,0.7106872456739187,-0.8592674016505372,-0.944284819587639,-0.8986087850220208,-0.630228811277446,True,False,False
-0.6293174778806454,-0.593059059150777,0.004928971286750633,-0.7260045523016412,-0.6752074787925691,-0.6564386299816524,-0.8017555589543958,False,True,False
-0.16759687678281104,-0.33969474062196164,0.9459400038029744,-0.5347571043810881,-0.5743034759944178,-0.2863295251086365,-0.498010276609797,True,False,False
0.8817681257122671,1.2311640342566923,0.8283136247384462,1.1854526532447376,1.374264933596547,1.0387524553009266,0.8277485439766277,False,False,True
-0.3354952771820237,0.06568816902414236,0.004928971286750633,-0.5296707360853287,-0.4958225849291891,-0.4279762195662104,-0.3908060593117035,False,True,False
0.0003015236164016051,0.06568816902414236,0.4754344875448625,-0.3791142345308508,-0.45097636146334413,-0.21322155377569504,-0.1406628856161516,False,False,True
0.0003015236164016051,0.1670338964356685,0.004928971286750633,0.08679710136070949,0.2688055251634678,0.010671608431437978,-0.1227955160664693,True,False,False
-0.37746987728182685,-0.2890218769161986,0.12255535035127811,-0.4899970633784055,-0.5765457871677101,-0.36400674464988686,-0.06919340741742243,True,False,False
0.16819992401561426,0.11636103272990543,-0.46557654497136186,-0.09020851533171743,0.19032463409823924,0.03808709768129103,-0.498010276609797,False,False,True
1.4694125271095104,1.5858740801970328,0.9459400038029744,1.872112373172255,2.3967588286178123,1.4134308083822515,1.4745473216751261,False,False,True
0.37807292451462915,0.4203982149644838,0.004928971286750633,-0.07291486312613538,-0.09893350725646093,-0.30003726973356304,0.03801080988067113,False,False,True
-0.41944447738163004,-0.33969474062196164,-0.7008293031004178,-0.685313605935566,-0.6707228564459846,-0.6564386299816524,-0.6087879678178273,False,True,False
0.37807292451462915,0.3190524875529577,0.24018172941580623,-0.15429675585828567,-0.08099501787012292,-0.19037531273415084,-0.11207509433665992,False,True,False
0.5039967248140387,0.52174394237601,0.24018172941580623,0.35128825274019776,0.638786868756689,0.27111875630504173,0.08446597070984509,True,False,False
-0.5033936775812359,-0.5423861954450139,-0.5832029240358897,-0.7331254679157043,-0.7402345028180443,-0.5741921622320934,-0.8124759806842051,True,False,False
-0.2515460769824174,0.015015305318379291,-0.34795016590683375,-0.15327948219913393,-0.11238737429621444,-0.4736687016492988,-0.18354457253538908,True,False,False
0.7558443254128576,0.4203982149644838,0.24018172941580623,0.7470077061502781,1.5536498274599264,0.26198025988842405,0.07731902288997217,False,False,True
-1.2169618792778891,-1.3024791510314588,-1.0537084402940018,-1.1034130798469879,-0.8770154843888714,-1.2550101452701103,-1.234145902056707,False,True,False
-0.12562227668300788,-0.1876761495046724,-0.1126974077777775,-0.1258130934020331,0.14772072180568646,-0.3228835107751073,-0.3550713202123389,False,False,True
0.37807292451462915,0.4203982149644838,0.4754344875448625,0.2861827385544775,0.16117458884543998,0.6777818468445285,0.1452150271787649,True,False,False
-1.76263168057533,-2.0118992429121416,-1.877093093745698,-1.4360615663896519,-1.3479008307802438,-1.3098411237698162,-1.46284823229264,False,True,False
-0.2935206770822205,-0.1876761495046724,-0.1126974077777775,-0.5133943575388986,-0.5115187631422349,-0.528499680149005,-0.2836018420136097,True,False,False
-2.518174482371786,-2.4172821525582453,-2.112345851874754,-1.5856007942849781,-1.5317703469902082,-1.542872782393567,-1.5914932930503523,False,True,False
-0.04167307648340156,-0.2890218769161986,-0.23032378684230562,-0.6029144395442639,-0.5518803642614954,-0.5376381765656226,-0.6159349156377002,False,True,False
0.5039967248140387,0.4710710786702469,-0.23032378684230562,0.09086619599731678,0.226201612870915,0.234564770638571,-0.104928146516787,True,False,False
0.5459713249138418,0.4710710786702469,0.35780810848033434,0.47844746013418255,0.09614756481996468,0.4264731953875424,1.2529919392590658,True,False,False
-1.0910380789784797,-1.049114832502644,-0.8184556821649459,-1.1166376374159621,-1.1797274927833252,-1.0585324723128302,-1.0268844152803924,False,False,True
-0.7132666780802517,-0.5423861954450139,-0.34795016590683375,-0.718883636687578,-1.02500802182616,-0.9077472814386385,-0.3550713202123389,False,False,True
0.7138697253130545,0.572416806081773,0.24018172941580623,0.2638027180531362,0.39885957321441834,-0.07614410752643003,0.33103567049546034,False,True,False
1.2175649265106925,1.2311640342566923,2.004577415383727,1.4865656563536938,1.2083339067729204,2.7979130154998293,0.9492466569144672,True,False,False
0.9657173259118734,0.8764539883163509,0.7106872456739187,0.8049923047219351,0.5804867782510904,1.792678409671885,0.3417560922252697,True,False,False
-0.08364767658320472,-0.39036760432772466,-0.5832029240358897,-0.4401506540799633,-0.08547964021670743,-0.23606779481723927,-0.669537024286747,False,False,True
1.1755903264108893,1.1298183068451662,0.8283136247384462,1.1020362131942838,1.1007029704548923,1.2717841139246775,1.110052982861608,False,False,True
0.0003015236164016051,0.1670338964356685,-0.34795016590683375,-0.038327558714971496,0.19256694527153148,-0.09442110035966515,-0.3193365811129743,False,False,True
-0.8811650784794643,-0.7957505139738287,-0.9360820612294737,-0.9742193251346993,-0.8837424179087482,-0.839208558314006,-0.9982966240009008,False,True,False
0.21017452411541743,0.572416806081773,0.24018172941580623,0.21395630875469424,0.54012517713183,-0.062436362901503506,0.027290388150861756,False,True,False
0.04227612371620477,0.06568816902414236,-0.7008293031004178,-0.5215325468121136,-0.4846110290627279,-0.5239304319406961,-0.3622182680322118,False,True,False
-0.8391904783796612,-0.8464233776795917,-0.7008293031004178,-1.045428481275331,-1.0115541547864064,-1.2138869113953308,-1.06976610219963,False,True,False
1.0496665261114797,1.02847257943364,1.0635663828675024,1.107122581490043,0.764356294461055,1.8566478845882088,1.135067300231163,True,False,False
-0.4614190774814332,-0.33969474062196164,-0.46557654497136186,-0.5581543985415812,-0.6034535212472171,-0.5376381765656226,-0.3193365811129743,False,False,True
0.21017452411541743,0.3190524875529577,0.35780810848033434,0.1722480887294671,0.017666673754735886,0.12947206184746787,0.07374554898003571,False,False,True
1.0496665261114797,1.3831826253739816,0.5930608666093906,1.4957211192860604,1.3630533777300853,1.504815772548428,1.2529919392590658,True,False,False
-0.545368277681039,-0.64373192285654,-0.7008293031004178,-0.7555054884170456,-0.5630919201279567,-0.8437778065223148,-0.8839454588829342,False,False,True
0.29412372431502376,0.2683796238471946,-0.23032378684230562,-0.10953671485560301,-0.02942186088440139,-0.07157485931812119,-0.12636898997640575,False,True,False
0.0003015236164016051,-0.13700328579890936,0.5930608666093906,-0.09936397826408423,-0.3388608027987318,-0.3685759928581955,0.3238887226755874,False,False,True
-0.12562227668300788,-0.08633042209314629,-0.34795016590683375,-0.5815516927020744,-0.4464917391167596,-0.6016076514819463,-0.7231391329357937,True,False,False
-0.5033936775812359,-0.39036760432772466,-0.46557654497136186,-0.8023000767380319,-0.7738691704174281,-0.9077472814386385,-0.6623900764668741,False,True,False
0.7558443254128576,0.6737625334932986,0.7106872456739187,0.606623941187319,0.5333982436119532,1.1072911784255592,0.43109293997368114,False,False,True
-0.41944447738163004,-0.39036760432772466,-0.7008293031004178,-0.6944690688679329,-0.6370881888466009,-0.6747156228148877,-0.669537024286747,False,False,True
0.21017452411541743,0.4203982149644838,0.12255535035127811,-0.18278041831453828,-0.29401457933288677,-0.34116050360834266,0.19167018800793884,True,False,False
0.7978189255126608,0.7244353971990617,0.5930608666093906,0.4316528718131959,0.5513367329982912,0.36707296867952743,0.5025624181724103,True,False,False
0.4620221247142355,0.52174394237601,-0.23032378684230562,0.18343809898013788,-0.015967993844647883,0.0015331120148202922,0.35962346177495197,False,False,True
0.29412372431502376,0.4203982149644838,0.4754344875448625,0.18547264629844162,0.3203786821491896,-0.025882377235032762,0.1452150271787649,False,False,True
-0.2515460769824174,-0.2890218769161986,-0.46557654497136186,-0.6486917542060984,-0.5720611648211256,-0.5513459211905491,-0.7410065024854761,False,True,False
0.8397935256124639,0.7244353971990617,1.0635663828675024,0.7643013583558599,1.0154951458697867,0.997629221426147,0.33103567049546034,False,False,True
-1.4688094798767082,-1.403824878442985,-1.524213956552114,-1.252952307742314,-1.1685159369168638,-1.3235488683947427,-1.2484397976964527,False,True,False
-0.08364767658320472,-0.593059059150777,-0.8184556821649459,-0.7249872786424892,-0.6617536117528157,-0.528499680149005,-0.8017555589543958,False,True,False
-0.545368277681039,-0.593059059150777,-0.34795016590683375,-0.6395362912737316,-0.7716268592441358,-0.6061768996902551,-0.3908060593117035,False,False,True
-1.384860279677102,-1.403824878442985,-1.17133481935853,-1.2448141184690988,-1.1819698039566173,-1.2824256345199632,-1.2484397976964527,False,True,False
0.5459713249138418,0.52174394237601,0.12255535035127811,0.14376442627321448,0.26207859164359104,-0.021313129026723922,0.1452150271787649,False,True,False
-0.2095714768826142,-0.035657558387383215,0.35780810848033434,-0.1197094514471218,-0.0652988396570774,-0.2497755394421658,0.03801080988067113,False,False,True
0.8397935256124639,0.8257811246105878,1.4164455200610868,1.1223816863773213,1.0267067017362481,0.9519367393430586,1.009995713383387,True,False,False
-0.2095714768826142,-0.1876761495046724,-0.23032378684230562,-0.6578472171384654,-0.6684805452726924,-0.7021311120647409,-0.4587020636004962,False,True,False
1.133615726311086,0.7751082609048248,0.35780810848033434,0.807026852040239,1.1186414598412302,0.8514132787602645,0.43109293997368114,False,False,True
-0.2935206770822205,-0.23834901321043547,-0.34795016590683375,-0.4513406643306341,-0.242441422347165,-0.7752390833976822,-0.44440816796075033,False,False,True
0.21017452411541743,0.1670338964356685,0.24018172941580623,-0.05053484262479404,0.06923983074045767,-0.08985185215135631,0.03801080988067113,False,True,False
-0.6293174778806454,-0.7450776502680656,0.004928971286750633,-0.7178663630284261,-0.7805961039373048,-0.6016076514819463,-0.5694797548085262,False,False,True
-0.6293174778806454,-0.7957505139738287,-0.8184556821649459,-0.7789027825775388,-0.6841767234857381,-0.839208558314006,-0.8553576676034427,False,True,False
-1.7206570804755268,-1.7078620606775634,-1.17133481935853,-1.3699387785447799,-1.303054607314399,-1.4103645843526107,-1.4092461236435931,False,True,False
-0.7972158782798581,-0.6944047865623025,-0.46557654497136186,-0.8948719797208529,-0.9196193966814242,-0.7843775798142999,-0.7088452372960479,True,False,False
-1.5947332801761172,-1.555843469560274,-1.524213956552114,-1.3577314946349575,-1.341173897260367,-1.3372566130196692,-1.305615380255436,False,False,True
1.0496665261114797,0.7751082609048248,0.004928971286750633,0.7002131178292919,0.5132174430523229,0.5726891380534251,-0.17639762471551618,False,False,True
0.7138697253130545,0.7751082609048248,0.8283136247384462,0.8416141564514027,0.8226563849666536,1.0615986963424708,0.752705591867962,False,False,True
-1.9725046810743456,-1.8598806517948523,-1.524213956552114,-1.4055433566150957,-1.3860201207262122,-1.437780073602464,-1.4271134931932754,True,False,False
0.0003015236164016051,0.015015305318379291,-0.5832029240358897,-0.11462308315136252,0.24862472460383753,-0.1629598234842978,-0.42654079841106807,True,False,False
1.3015141267102988,1.1298183068451662,1.0635663828675024,1.34923371236819,1.1410645715741528,1.9434636005460768,1.1886694088802099,True,False,False
-0.9231396785792675,-0.998441968796881,-1.17133481935853,-1.0301693763880526,-1.0317349553460367,-0.98085525277158,-0.8910924067028072,False,False,True
0.0003015236164016051,0.21770676014143156,-0.1126974077777775,0.025760681811596763,0.3226209933224818,-0.007605384401797393,-0.4158203766812587,True,False,False
-0.7972158782798581,-0.8464233776795917,-0.9360820612294737,-0.9487874836559024,-0.9106501519882553,-0.8986087850220208,-0.9625618849015364,False,True,False
-0.5873428777808423,-0.593059059150777,-0.8184556821649459,-0.844008296763259,-0.8882270402553327,-0.7661005869810645,-0.6766839721066199,False,False,True
-2.686072882770999,-2.569300743675535,-2.229972230939282,-1.603911720149712,-1.5407395916833773,-1.602273009101582,-1.6022137147801616,False,False,True
0.5459713249138418,0.572416806081773,0.4754344875448625,0.548639342615662,0.6522407357964425,0.6549356058029843,0.39535820087431656,True,False,False
1.0496665261114797,1.0791454431394032,1.0635663828675024,1.1061053078308913,1.74648858836306,-0.0030361361934885503,0.924232339544912,False,False,True
-0.5873428777808423,-0.7450776502680656,-0.1126974077777775,-0.6710717747074397,-0.38819164861116107,-0.7432543459395203,-0.951841463171727,False,True,False
-0.2095714768826142,-0.33969474062196164,-0.46557654497136186,-0.6141044497949345,-0.6146650771136783,-0.528499680149005,-0.5694797548085262,False,True,False
0.587945925013645,0.6737625334932986,0.7106872456739187,0.540501153342447,0.26207859164359104,0.44018094001246894,0.7884403309673266,False,False,True
-2.770022082970605,-2.670646471087061,-2.112345851874754,-1.6252744669919013,-1.5721319481094687,-1.5794267680600378,-1.6272280321497168,False,False,True
0.29412372431502376,0.4710710786702469,0.5930608666093906,0.059330712563608654,0.18359770057836247,-0.10355959677628283,0.03801080988067113,False,False,True
1.9731077283071485,1.6872198076085587,1.1811927619320306,2.0308070639999483,1.537953649246881,1.8749248774214442,2.289299373140638,False,False,True
0.9237427258120703,1.0791454431394032,0.5930608666093906,0.8100786730176948,0.6499984246231499,1.0661679445507797,0.8134546483368819,False,False,True
0.7138697253130545,0.21770676014143156,0.004928971286750633,0.15902353116049278,0.34728641622869655,0.1751645439305563,-0.1406628856161516,True,False,False
0.08425072381600793,0.11636103272990543,0.24018172941580623,-0.19193588124690508,-0.36801084805153084,0.04722559409790872,-0.17639762471551618,True,False,False
-1.426834879776905,-1.5051706058545111,-1.2889611984230578,-1.302798717040756,-1.2537237615019694,-1.209317663187022,-1.3199092758951818,False,False,True
-1.552758680076314,-1.555843469560274,-1.0537084402940018,-1.2570214023789215,-1.2537237615019694,-1.341825861227978,-1.2127050585970882,False,False,True
0.6299205251134481,0.015015305318379291,0.12255535035127811,0.2200599507096053,0.38989032852124933,0.13861055826408558,0.20239060973774822,False,False,True
1.0496665261114797,0.8257811246105878,0.35780810848033434,0.5923821099591929,0.8271410073132381,0.43104244359585125,0.4704011529829822,True,False,False
-0.37746987728182685,-0.2890218769161986,-0.34795016590683375,-0.41980518089692576,-0.09444888490987642,-0.6610078781899612,-0.5230245939793522,False,True,False
0.29412372431502376,0.21770676014143156,-0.34795016590683375,-0.0576557582388573,-0.21329137709436574,-0.08528260394304746,0.16665587063838364,True,False,False
-1.6786824803757237,-1.6571891969718002,-1.6418403356166418,-1.3628178629307166,-1.278389184408184,-1.4195030807692286,-1.391378754093911,False,True,False
-0.5873428777808423,-0.33969474062196164,-0.34795016590683375,-0.7585573093945012,-0.7267806357782908,-0.638161637148417,-0.8553576676034427,True,False,False
-0.8811650784794643,-0.8970962413853548,-0.5832029240358897,-0.9253901894954092,-0.8590769950025334,-0.8117930690641529,-0.9982966240009008,False,True,False
1.0916411262112828,1.1298183068451662,0.8283136247384462,1.3044736713655072,1.1971223509064588,0.8148592930937938,1.503135112954618,True,False,False
0.7558443254128576,1.1804911705509293,0.35780810848033434,0.6239175933929009,0.028878229621197144,0.5041504149287924,0.9313792873647849,False,False,True
1.3854633269099041,1.3325097616682184,1.0635663828675024,1.788695933121801,1.8473925911612112,1.8703556292131354,1.378063526106842,False,False,True
0.4620221247142355,0.4203982149644838,0.4754344875448625,0.07458981745088694,0.14772072180568646,0.36707296867952743,-0.17639762471551618,False,False,True
-0.6712920779804485,-0.64373192285654,0.004928971286750633,-0.7219354576650336,-0.6953882793521994,-0.724977353106285,-0.9375475675319812,False,False,True
-1.6786824803757237,-2.113244970323667,-1.406587577487586,-1.4879425230063976,-1.4398355888852261,-1.4469185700190816,-1.4842890757522587,False,True,False
1.3015141267102988,1.1298183068451662,0.8283136247384462,1.4489265309650738,1.757700144229521,1.5550775028398252,0.9599670786442766,False,False,True
0.8397935256124639,0.6230896697875355,0.9459400038029744,0.6208657724154452,0.4055865067342951,1.312907347799457,0.46682767907304573,False,False,True
0.8397935256124639,0.7751082609048248,0.4754344875448625,0.6493494348716977,0.73969087155484,0.6960588396777638,0.656221796299678,False,True,False
-0.4614190774814332,-0.33969474062196164,-0.46557654497136186,-0.5093252629022911,-0.4240686273838371,-0.7980853244392264,-0.5051572244296699,False,False,True
0.7558443254128576,0.4710710786702469,0.24018172941580623,0.20886994045893473,0.09614756481996468,0.604673875511587,0.15593544890857425,False,False,True
0.21017452411541743,0.3190524875529577,-0.34795016590683375,-0.1339512826752481,-0.1370527972024292,0.28939574913827715,0.03801080988067113,True,False,False
1.6373109275087232,1.3831826253739816,1.2988191409965588,1.8649914575581923,2.0671390861438517,1.8475093881715912,1.6496475432620124,False,False,True
-0.41944447738163004,-0.44104046803348773,-0.5832029240358897,-0.7565227620761974,-0.6415728111931853,-0.8026545726475353,-0.8803719849729977,False,True,False
0.08425072381600793,-0.035657558387383215,0.8283136247384462,0.8945123867273004,0.8405948743529916,1.3311843406326924,0.6955300093089791,False,False,True
1.0496665261114797,1.0791454431394032,0.8283136247384462,1.2922663874556848,1.419111157062392,1.1301374194671034,1.1457877219609724,False,False,True
-1.2589364793776923,-1.3531520147372218,-0.9360820612294737,-1.2173477296719981,-1.0945196681982197,-1.2687178898950366,-1.2484397976964527,False,True,False
-0.04167307648340156,0.015015305318379291,0.4754344875448625,-0.24178229054534728,-0.3411031139720241,-0.25434478765047464,-0.104928146516787,True,False,False
-2.1404030814735577,-2.2145906977351935,-1.877093093745698,-1.4889597966655497,-1.4174124771523036,-1.4971803003104787,-1.4985829713920047,False,True,False
-1.9725046810743456,-2.0118992429121416,-1.524213956552114,-1.1308794686440886,-1.1102158464112655,-1.035686231271286,-1.46284823229264,True,False,False
1.4694125271095104,1.1804911705509293,0.8283136247384462,1.8873714780595332,2.3048240705128302,1.651031715214311,1.646074069352076,False,False,True
-0.8391904783796612,-0.593059059150777,-0.9360820612294737,-0.7900927928282094,-0.8321692609230266,-0.9625782599383446,-0.46227553751043265,True,False,False
0.9657173259118734,0.7751082609048248,0.4754344875448625,0.3563746210359571,0.42800961846721763,0.39905770613768937,0.313168300945778,False,False,True
-0.6293174778806454,-0.593059059150777,-0.34795016590683375,-0.7880582455099057,-0.7873230374571816,-0.8300700618973883,-0.6766839721066199,True,False,False
0.25214912421522057,0.21770676014143156,0.5930608666093906,-0.14921038756252641,-0.39043395978445333,-0.15839057527598893,0.25241924447685865,False,False,True
1.4274379270097073,1.2818368979624555,1.4164455200610868,1.5353947919929833,1.374264933596547,1.399723063757325,1.6532210171719488,True,False,False
0.7978189255126608,1.02847257943364,0.8283136247384462,0.5995030255732557,0.6186060681970588,0.4219039471792336,0.538297157271775,True,False,False
0.9657173259118734,0.927126852022114,0.9459400038029744,1.3604237226188607,1.0424028799492937,1.2169531354249714,1.3673431043770325,True,False,False
0.7978189255126608,0.7751082609048248,0.7106872456739187,0.7673531793333157,0.5378828659585376,1.1301374194671034,0.6455013745698687,False,True,False
0.5039967248140387,0.52174394237601,0.12255535035127811,0.03186432376650804,-0.09669119608316867,-0.12640583781782705,0.39535820087431656,False,True,False
-0.2515460769824174,-0.2890218769161986,-0.46557654497136186,-0.7260045523016412,-0.7335075692981675,-0.6792848710231966,-0.6087879678178273,False,False,True
0.9657173259118734,0.7751082609048248,0.24018172941580623,0.5435529743199028,0.7127831374753331,0.3762114650961451,0.5561645268214572,False,False,True
1.2595395266104956,1.3325097616682184,1.6516982781901424,1.5506538968802617,1.4594727581816525,1.2535071210914421,1.503135112954618,True,False,False
1.3015141267102988,1.3831826253739816,1.0635663828675024,1.7113831350262583,1.555892138633219,1.6738779562558552,1.717543547550805,False,False,True
-0.41944447738163004,-0.4917133317392508,0.12255535035127811,-0.4035288023504959,-0.35007235866519304,-0.40056073031635736,-0.3550713202123389,False,True,False
0.1262253239158111,0.2683796238471946,0.12255535035127811,0.2831309175770218,0.3046825039361438,0.35793447226290975,0.17380281845825654,False,True,False
0.6718951252132513,0.6737625334932986,0.8283136247384462,0.7531113481051896,0.802475584407023,0.8605517751768822,0.4954154703525374,False,False,True
1.0916411262112828,0.8257811246105878,0.8283136247384462,1.073552550738031,1.2509378190654727,1.0341832070926178,0.8956445482654204,False,False,True
0.7558443254128576,0.927126852022114,0.8283136247384462,1.1111916761266505,0.8876834089921286,1.3631690780908543,0.37391735741469784,True,False,False
-0.7972158782798581,-0.8464233776795917,-1.17133481935853,-0.8256973708985251,-0.6438151223664776,-0.8574855511472413,-1.0340313631002653,False,True,False
-0.08364767658320472,-0.08633042209314629,-0.34795016590683375,-0.43913338042081157,-0.3321338692788551,-0.528499680149005,-0.4515551157806233,True,False,False
0.5459713249138418,0.6230896697875355,0.4754344875448625,0.7632840846967082,0.5311559324386609,0.5635506416368075,0.4954154703525374,False,False,True
0.7978189255126608,0.7751082609048248,0.8283136247384462,0.8955296603864522,0.764356294461055,1.1575529087169565,0.9313792873647849,True,False,False
-0.2095714768826142,-0.33969474062196164,0.004928971286750633,-0.5723962297697076,-0.5047918296223581,-0.6290231407317993,-0.5802001765383356,False,True,False
0.33609832441482596,0.4203982149644838,0.8283136247384462,0.3634955366500203,0.3876480173479571,0.5178581595537189,0.177376292368193,True,False,False
-1.2589364793776923,-1.2518062873256963,-1.17133481935853,-1.1675013203735563,-1.1483351363572338,-1.0859479615626833,-1.1769703194977235,False,True,False
1.2175649265106925,1.3325097616682184,1.2988191409965588,1.6035521271561595,1.701642364897215,1.3677383262991631,1.6103393302527116,True,False,False
-0.2935206770822205,-0.44104046803348773,0.12255535035127811,-0.3994597077138884,-0.7222960134317062,-0.16752907169260664,-0.1406628856161516,True,False,False
0.4620221247142355,0.927126852022114,0.5930608666093906,0.1915762882533529,0.04233209666095065,0.03808709768129103,0.4346664138836176,True,False,False
-0.16759687678281104,-0.08633042209314629,-0.34795016590683375,-0.5042388946065318,-0.5137610743155272,-0.4645302052326811,-0.46227553751043265,True,False,False
-2.3502760819725736,-2.0625721066179046,-1.877093093745698,-1.534737111327384,-1.464501011791441,-1.5245957895603317,-1.5593320278609244,False,True,False
1.133615726311086,1.02847257943364,0.8283136247384462,0.7876986525163533,0.6499984246231499,1.116429674842177,0.9313792873647849,False,False,True
-0.37746987728182685,-0.39036760432772466,-0.34795016590683375,-0.7260045523016412,-0.8142307715366885,-0.7067003602730497,-0.46227553751043265,False,True,False
1.0496665261114797,1.1804911705509293,1.0635663828675024,1.0471034356000821,1.011010523523202,0.8879672644267352,1.049303926392688,False,False,True
-0.8391904783796612,-0.6944047865623025,-0.46557654497136186,-0.9009756216757641,-0.9487694419342235,-0.8574855511472413,-0.8196229285040781,False,False,True
0.16819992401561426,0.4203982149644838,0.24018172941580623,0.29940729612345185,-0.10790275194962994,0.0883488279726883,0.43109293997368114,False,False,True
-0.545368277681039,-0.7450776502680656,-0.7008293031004178,-0.7870409718507538,-0.6079381435938016,-0.9717167563549622,-0.9268271458021718,False,True,False
0.7978189255126608,0.927126852022114,0.24018172941580623,0.9402897013891348,1.0558567469890472,1.2123838872166626,0.8170281222468183,True,False,False
-0.8811650784794643,-0.998441968796881,-1.0537084402940018,-1.1227412793708735,-1.0541580670789592,-1.1864714221454777,-1.084059997839376,False,True,False
0.6718951252132513,0.6230896697875355,0.4754344875448625,0.514052038204498,0.8069602067536076,0.3716422168878363,0.25241924447685865,True,False,False
-1.0070888787788734,-0.9477691050911179,-0.8184556821649459,-0.9843920617262182,-0.8971962849485018,-0.9351627706884915,-0.9982966240009008,False,True,False
0.6718951252132513,0.6230896697875355,-0.5832029240358897,0.5761057314127629,0.14323609945910196,1.0067677178427648,0.5025624181724103,False,False,True
-1.9305300809745425,-1.9105535155006153,-1.2889611984230578,-1.4289406507755886,-1.3546277643001206,-1.4057953361443019,-1.4521278105628306,False,True,False
0.6299205251134481,0.6230896697875355,0.7106872456739187,0.5079483962495869,0.6230906905436432,0.39905770613768937,0.577605370281076,True,False,False
1.0076919260116766,1.1804911705509293,1.1811927619320306,1.2871800191599254,1.3495995106903318,1.4865387797151932,1.3959308956565242,True,False,False
-0.16759687678281104,-0.1876761495046724,-0.5832029240358897,-0.3475787510971424,-0.251410667040334,-0.23149854660893043,-0.46227553751043265,True,False,False
0.4200475246144323,0.21770676014143156,0.35780810848033434,-0.07189758946698362,-0.054087283790616156,0.10662582080592367,-0.1406628856161516,True,False,False
-0.08364767658320472,-0.08633042209314629,-0.34795016590683375,0.2526127078024654,-0.08772195138999968,0.664074102219602,0.1452150271787649,False,False,True
-0.545368277681039,-0.64373192285654,-0.8184556821649459,-0.776868235259235,-0.737992191644752,-0.7889468280226087,-0.8089025067742687,False,True,False
-0.7972158782798581,-0.7450776502680656,-0.46557654497136186,-0.8826646958110302,-0.7267806357782908,-0.8620547993555502,-0.9732823066313459,False,False,True
0.8817681257122671,0.927126852022114,1.0635663828675024,1.123398960036473,0.8047178955803156,1.3768768227157808,1.002848765563514,True,False,False
-0.5033936775812359,-0.44104046803348773,-0.5832029240358897,-0.7402463835297673,-0.5787880983410023,-0.8072238208558441,-0.9053863023425531,False,True,False
-0.08364767658320472,-0.035657558387383215,0.004928971286750633,0.04000251303972307,-0.21777599944095025,-0.31831426256679846,0.538297157271775,False,False,True
0.8397935256124639,0.6737625334932986,0.8283136247384462,1.0369306990085634,1.3249340877841174,0.9336597465098232,0.6955300093089791,False,False,True
0.1262253239158111,0.1670338964356685,0.004928971286750633,-0.18074587099623454,-0.18189902066827424,-0.37771448927481316,0.07374554898003571,False,True,False
0.8817681257122671,0.8257811246105878,0.24018172941580623,0.7419213378545189,1.0042835900033258,0.6960588396777638,0.43109293997368114,False,False,True
0.8817681257122671,0.977799715727877,0.7106872456739187,0.530328416750928,0.4526750413734324,0.7783053074273231,0.43109293997368114,False,False,True
0.5459713249138418,0.4203982149644838,0.4754344875448625,0.34009824248952697,0.3786787726547881,0.30310349376320367,0.43823988779355405,False,False,True
-1.1330126790782828,-1.2011334236199331,-0.34795016590683375,-1.068825775435824,-1.0743388676385894,-0.9031780332303296,-1.06976610219963,True,False,False
0.1262253239158111,-0.1876761495046724,-0.34795016590683375,-0.4177706335786222,-0.4846110290627279,-0.2086523055673862,-0.3550713202123389,False,True,False
-0.5033936775812359,-0.2890218769161986,-0.23032378684230562,-0.7666954986677162,-0.7671422368975513,-0.921455026063565,-0.6052144939078908,False,True,False
1.0916411262112828,0.4710710786702469,0.7106872456739187,0.933168785775072,1.0154951458697867,1.2397993764665156,0.7276912744984072,True,False,False
1.5113871272093136,1.4338554890797446,1.6516982781901424,1.2363163362023313,1.320449465437533,1.3220458442160747,1.5888984867930929,False,False,True
0.4200475246144323,0.6737625334932986,0.7106872456739187,0.2770272756221105,0.07596676426033441,0.9427982429264409,0.25241924447685865,False,True,False
-2.0564538812739515,-2.0625721066179046,-0.9360820612294737,-1.4533552185952339,-1.3725662536864587,-1.3920875915193753,-1.4985829713920047,False,False,True
-1.2169618792778891,-1.403824878442985,-1.0537084402940018,-1.2448141184690988,-1.242512205635508,-1.181902173937169,-1.2127050585970882,False,False,True
1.0496665261114797,1.3831826253739816,0.8283136247384462,1.4112874055764544,1.0289490129095402,1.3266150924243836,1.8247477648488988,True,False,False
0.9657173259118734,0.8257811246105878,-0.1126974077777775,0.5476220689565103,0.5715175335579215,0.6366586129697489,0.3774908313246343,False,True,False
-0.4614190774814332,-0.33969474062196164,-0.8184556821649459,-0.793144613805665,-0.8680462396957025,-0.8620547993555502,-0.6766839721066199,False,True,False
0.33609832441482596,0.4203982149644838,0.5930608666093906,0.2963554751459963,-0.17292977597510523,0.577258386261734,0.9313792873647849,True,False,False
-0.16759687678281104,-0.2890218769161986,-0.23032378684230562,-0.2804386895931187,0.1365091659392252,-0.5604844176071668,-0.630228811277446,True,False,False
1.133615726311086,1.2818368979624555,1.1811927619320306,1.5455675285845025,1.2643916861052262,1.0615986963424708,1.985554090796039,False,False,True
0.0003015236164016051,0.06568816902414236,0.7106872456739187,0.003380661310255427,-0.3814647150912843,-0.11269809319290051,0.5025624181724103,True,False,False
0.7138697253130545,0.7751082609048248,0.9459400038029744,0.9128233125920344,0.9549527441908962,0.9565059875513674,0.8241750700666912,True,False,False
-1.4688094798767082,-1.555843469560274,-1.75946671468117,-1.326196011201249,-1.3008122961411066,-1.3007026273531985,-1.2841745367958173,False,False,True
0.7978189255126608,0.6230896697875355,1.4164455200610868,0.8029577574036315,0.09166294247338018,0.8148592930937938,1.3959308956565242,True,False,False
-1.174987279178086,-0.9477691050911179,-0.7008293031004178,-1.1084994481427473,-1.0676119341187127,-1.0722402169377567,-1.1162212630288038,True,False,False
-2.098428481373755,-1.9612263792063784,-1.524213956552114,-1.4553897659135375,-1.3994739877659657,-1.3875183433110665,-1.46284823229264,False,True,False
-0.2935206770822205,-0.33969474062196164,-0.34795016590683375,-0.5825689663612263,-0.36576853687823857,-0.6016076514819463,-0.7838881894047135,False,True,False
-0.6712920779804485,-0.7450776502680656,-0.7008293031004178,-0.8043346240563357,-0.7088421463919528,-0.6518693817733435,-0.8589311415133791,True,False,False
-1.4688094798767082,-1.454497742148748,-1.0537084402940018,-1.2855050648351738,-1.2896007402746454,-1.204748414978713,-1.2841745367958173,False,True,False
0.0003015236164016051,-0.2890218769161986,-0.1126974077777775,-0.43913338042081157,-0.4464917391167596,-0.19951380915076852,-0.46227553751043265,False,True,False
-0.5033936775812359,-0.4917133317392508,-0.8184556821649459,-0.8134900869887026,-0.84562312796278,-0.6747156228148877,-0.46227553751043265,False,False,True
-0.04167307648340156,0.1670338964356685,0.35780810848033434,-0.11665763046966628,-0.28504533463971776,-0.528499680149005,0.1094802880794003,False,False,True
-0.6293174778806454,-0.7957505139738287,-0.8184556821649459,-0.9345456524277761,-0.7805961039373048,-0.9351627706884915,-1.016163993550583,False,True,False
0.6299205251134481,0.36972535125872075,-0.1126974077777775,0.18242082532098589,0.3786787726547881,0.20714928138871797,0.09518639243965446,False,True,False
0.25214912421522057,0.36972535125872075,-0.1126974077777775,0.010501576924318466,-0.11014506312292219,-0.16752907169260664,0.25241924447685865,False,False,True
-1.0910380789784797,-1.1504605599141702,-1.17133481935853,-1.0749294173907353,-0.9756771760137305,-1.0448247276879037,-1.166249897767914,False,True,False
-1.1330126790782828,-1.099787696208407,-1.17133481935853,-1.177674056965075,-1.1393658916640648,-1.1681944293122424,-1.141235580398359,False,True,False
-0.7972158782798581,-0.6944047865623025,-0.46557654497136186,-0.9630293148840288,-0.9398001972410546,-1.063101720521139,-0.9661353588114728,False,True,False
0.29412372431502376,0.36972535125872075,0.9459400038029744,0.14681624725067025,-0.01372568267135563,0.21628777780533565,0.39535820087431656,True,False,False
-0.08364767658320472,-0.08633042209314629,-0.5832029240358897,-0.5144116311980506,-0.7604153033776746,-0.332022007191725,-0.498010276609797,True,False,False
0.0003015236164016051,-0.2890218769161986,-0.34795016590683375,-0.36792422428018,-0.2581376005602108,-0.23606779481723927,-0.5766267026283991,False,False,True
-0.7132666780802517,-0.6944047865623025,-0.46557654497136186,-0.6741235956848953,-0.28728764581301003,-0.7889468280226087,-0.866078089333252,False,True,False
-1.0070888787788734,-1.049114832502644,-0.9360820612294737,-1.1390176579173035,-1.1842121151299099,-1.095086457979301,-1.062619154379757,False,True,False
0.37807292451462915,0.4203982149644838,0.24018172941580623,0.27194090732635123,0.764356294461055,0.07464108334776177,-0.21927931163475367,True,False,False
-0.9231396785792675,-0.8464233776795917,-0.9360820612294737,-1.053566670548546,-0.9936156654000684,-1.0813787133543744,-1.023310941370456,False,True,False
1.6373109275087232,1.5858740801970328,1.4164455200610868,1.9453560766311904,1.602980673272356,1.8657863810048265,2.067743990724578,False,False,True
0.5459713249138418,0.572416806081773,0.24018172941580623,0.33806369517122326,0.14099378828580972,0.5955353790949693,0.7169708527685978,True,False,False
-0.8391904783796612,-0.7957505139738287,-0.5832029240358897,-0.8643537699462964,-0.8837424179087482,-0.9123165296469473,-0.7445799763954125,True,False,False
0.37807292451462915,0.36972535125872075,0.12255535035127811,0.0949352906339243,0.2306862352174995,0.3305189830130567,-0.1406628856161516,True,False,False
0.9657173259118734,1.02847257943364,1.4164455200610868,1.1386580649237514,1.1186414598412302,1.3768768227157808,1.2172572001597013,True,False,False
0.5039967248140387,0.572416806081773,0.4754344875448625,0.2536299814616174,0.4437057966802634,0.5041504149287924,0.18094976627812948,False,False,True
1.3015141267102988,1.1298183068451662,0.5930608666093906,1.315663681616178,1.6298884073518631,0.8971057608433529,1.1886694088802099,False,False,True
0.33609832441482596,0.1670338964356685,-0.9360820612294737,-0.23669592224958777,-0.2469260446937495,-0.13554433423444473,-0.42654079841106807,False,False,True
-1.9725046810743456,-2.0118992429121416,-1.877093093745698,-1.4777697864148789,-1.4308663441920573,-1.4514878182273905,-1.46284823229264,False,True,False
-2.8539712831702113,-2.82266506220435,-2.229972230939282,-1.6313781089468125,-1.5631627034162998,-1.5839960162683466,-1.6450954016993993,False,True,False
-0.7552412781800548,-0.7450776502680656,-0.7008293031004178,-0.7982309821014244,-0.6864190346590304,-0.9991322456048154,-0.7731677676749041,False,False,True
0.33609832441482596,0.3190524875529577,0.35780810848033434,0.2210772243687573,0.3001978815895593,0.30310349376320367,0.21668450537749406,True,False,False
0.1262253239158111,-0.23834901321043547,0.004928971286750633,-0.13293400901609634,-0.15274897541547497,-0.5924691550653286,-0.022738246588248662,True,False,False
-0.8811650784794643,-0.8970962413853548,-0.7008293031004178,-1.0617048598217609,-1.1012466017180964,-1.063101720521139,-1.0376048370102018,False,True,False
0.0003015236164016051,-0.33969474062196164,-0.46557654497136186,-0.40556334966879964,-0.251410667040334,-0.610746147898564,-0.3550713202123389,False,True,False
-1.76263168057533,-1.809207788089089,-1.17133481935853,-1.4289406507755886,-1.4241394106721803,-1.286994882728272,-1.4271134931932754,False,True,False
-0.5033936775812359,-0.39036760432772466,-0.7008293031004178,-0.7850064245324501,-0.8837424179087482,-0.7752390833976822,-0.5265980678892886,False,True,False
1.2175649265106925,1.3325097616682184,0.5930608666093906,1.3644928172554682,0.7060562039554565,1.6190469777561491,1.8962172430476278,True,False,False
-0.8811650784794643,-0.6944047865623025,-0.34795016590683375,-0.7758509616000832,-0.8770154843888714,-0.6244538925234905,-0.6838309199264929,False,False,True
-1.2169618792778891,-1.2518062873256963,-0.9360820612294737,-1.1481731208496706,-1.1012466017180964,-1.095086457979301,-1.1769703194977235,False,False,True
-1.552758680076314,-1.454497742148748,-1.406587577487586,-1.2804186965394146,-1.2133621603827087,-1.2184561596036396,-1.3199092758951818,False,True,False
0.29412372431502376,0.3190524875529577,0.4754344875448625,0.06848617549597567,-0.13481048602913695,0.2437032670551887,0.1452150271787649,False,False,True
-0.5873428777808423,-0.5423861954450139,-0.46557654497136186,-0.7758509616000832,-0.8232000162298576,-0.7021311120647409,-0.6409492330072554,True,False,False
1.0496665261114797,0.927126852022114,0.4754344875448625,1.1223816863773213,1.531226715727004,1.1255681712587946,0.570458422461203,True,False,False
0.6299205251134481,0.572416806081773,1.4164455200610868,0.8711150925668071,1.2554224414120574,0.16145679930562978,0.838468965706437,False,False,True
0.0003015236164016051,-0.1876761495046724,-0.46557654497136186,-0.3394405618239274,-0.22001831061424248,-0.3091757661501808,-0.4408346940508139,False,True,False
0.1262253239158111,0.06568816902414236,0.35780810848033434,-0.26212776372838487,-0.17292977597510523,-0.12640583781782705,-0.3550713202123389,False,True,False
0.21017452411541743,0.1670338964356685,0.4754344875448625,-0.07698395776274289,-0.07875270669683067,0.20714928138871797,-0.17639762471551618,False,False,True
0.587945925013645,0.7244353971990617,0.4754344875448625,0.7704050003107714,0.7262370045150865,1.0524601999258532,0.5740318963711395,True,False,False
-0.7552412781800548,-0.7450776502680656,-0.7008293031004178,-0.9172520002221942,-0.8568346838292412,-0.866624047563859,-0.9268271458021718,True,False,False
0.16819992401561426,0.015015305318379291,-0.34795016590683375,-0.359786035006965,-0.29625689050617904,-0.4508224606077546,-0.24786710291424535,True,False,False
-0.545368277681039,-0.44104046803348773,-0.7008293031004178,-0.7758509616000832,-0.8299269497497344,-0.7204081048979762,-0.6409492330072554,False,True,False
1.0496665261114797,1.1804911705509293,1.1811927619320306,1.590327569587185,1.8675733917208417,1.7150011901306348,1.1207734045914173,False,False,True
1.4274379270097073,1.4338554890797446,1.8869510363191988,1.466220183170656,0.9213180765915121,1.8520786363799,1.4674003738552532,False,False,True
-0.37746987728182685,-0.39036760432772466,-0.23032378684230562,-0.49304888435586103,-0.5070341407956505,-0.27719102869201884,-0.5730532287184626,True,False,False
-1.804606280675133,-1.7585349243833264,-1.17133481935853,-1.4319924717530443,-1.401716298939258,-1.3692413504778311,-1.4271134931932754,False,True,False
-0.2095714768826142,-0.39036760432772466,-0.5832029240358897,-0.5215325468121136,-0.24468373352045725,-0.6290231407317993,-0.7052717633861116,False,True,False
0.7558443254128576,0.8764539883163509,1.4164455200610868,0.7897331998346573,0.9123488318983431,0.4219039471792336,1.0635978220324338,False,False,True
1.2175649265106925,1.2818368979624555,1.1811927619320306,1.7052794930713473,1.7307924101500145,1.029613958884309,1.9176580865072466,False,False,True
-0.3354952771820237,-0.44104046803348773,-1.17133481935853,-0.36588967696187624,-0.19759519888132,-0.44625321239944576,-0.42654079841106807,False,True,False
0.9237427258120703,0.8257811246105878,0.35780810848033434,0.6391766982801792,0.5244289989187841,1.1209989230504858,0.5418706311817114,True,False,False
1.5533617273091167,0.927126852022114,0.24018172941580623,0.9881015633692732,1.4482612023151908,0.9199520018848967,0.28815398357622324,True,False,False
0.9237427258120703,0.7751082609048248,0.35780810848033434,0.4926892913623086,0.47734046427964716,0.1523183028890121,0.7884403309673266,True,False,False
-0.2935206770822205,-0.33969474062196164,-0.5832029240358897,-0.5571371248824293,-0.5967265877273403,-0.43254546777451924,-0.4515551157806233,False,True,False
1.5533617273091167,1.4338554890797446,0.7106872456739187,1.593379390564641,1.7150962319369685,1.500246524340119,1.503135112954618,True,False,False
0.29412372431502376,0.2683796238471946,0.24018172941580623,0.08272800672410198,0.5154597542256152,0.024379353056364506,-0.40152648104151284,True,False,False
-0.5033936775812359,-0.39036760432772466,-0.5832029240358897,-0.6039317132034157,-0.4464917391167596,-0.7569620905644469,-0.6909778677463658,False,True,False
-0.2095714768826142,-0.23834901321043547,0.35780810848033434,-0.1400549246301594,0.08493600895350342,-0.18123681631753316,-0.3550713202123389,False,True,False
0.7138697253130545,-0.44104046803348773,0.35780810848033434,0.49981020697637185,0.5715175335579215,0.6229508683448224,0.21668450537749406,False,False,True
-0.2095714768826142,-0.33969474062196164,0.004928971286750633,-0.5530680302458217,-0.5518803642614954,-0.4188377231495927,-0.5051572244296699,False,True,False
0.7138697253130545,0.7751082609048248,1.6516982781901424,1.0450688882817785,0.782294783847393,0.3625037204712186,1.9676867212463571,True,False,False
-1.6367078802759203,-1.6065163332660373,-1.17133481935853,-1.2895741594717813,-1.2357852721156313,-1.2778563863116543,-1.2806010628858808,False,False,True
-1.174987279178086,-1.1504605599141702,-1.2889611984230578,-1.1746222359876193,-1.1550620698771106,-1.1270711954374628,-1.1055008412989944,False,True,False
1.2595395266104956,1.1804911705509293,0.35780810848033434,1.3176982289344816,1.1993646620797513,1.4591232904653402,1.2887266783584304,True,False,False
-0.6293174778806454,-0.44104046803348773,-0.5832029240358897,-0.49304888435586103,-0.19086826536144322,-0.5467766729822403,-0.7660208198550312,True,False,False
0.33609832441482596,0.3190524875529577,1.0635663828675024,0.15902353116049278,-0.07426808435024641,0.4721656774706308,0.1094802880794003,False,False,True
-0.04167307648340156,-0.08633042209314629,-0.34795016590683375,-0.5530680302458217,-0.47788409554285116,-0.382283737483122,-0.6480961808271283,False,False,True
-0.8391904783796612,-0.8464233776795917,-0.7008293031004178,-0.8663883172646002,-0.8568346838292412,-0.8117930690641529,-0.951841463171727,False,True,False
0.16819992401561426,0.3190524875529577,-0.46557654497136186,0.05220979694954561,-0.058571906137200654,-0.08528260394304746,0.002276070781306547,False,False,True
0.6299205251134481,0.572416806081773,0.5930608666093906,0.11528076381696188,-0.23122986648070376,0.5955353790949693,0.15950892281851073,True,False,False
-2.686072882770999,-2.569300743675535,-2.229972230939282,-1.5896698889215854,-1.511589546430578,-1.5520112788101847,-1.612934136509971,False,True,False
0.29412372431502376,0.1670338964356685,-0.1126974077777775,0.03695069206226732,-0.15274897541547497,0.36707296867952743,0.177376292368193,False,False,True
0.7138697253130545,0.7751082609048248,0.24018172941580623,0.8334759671781877,1.0850067922418467,1.0113369660510736,0.49184199644260096,True,False,False
0.587945925013645,0.7751082609048248,0.12255535035127811,0.8558559876795292,0.641029179929981,1.0204754624676913,0.6455013745698687,True,False,False
0.04227612371620477,-0.13700328579890936,-0.23032378684230562,-0.5205152731529619,-0.5092764519689427,-0.6016076514819463,-0.4050999549514493,False,True,False
1.7632347278081326,1.5858740801970328,1.5340718991256144,2.6381194385136193,2.6389284353333755,2.5511736122511524,2.3250341122400022,True,False,False
0.4200475246144323,0.4203982149644838,0.24018172941580623,0.055261617927001135,0.3966172620411261,-0.13554433423444473,-0.17639762471551618,False,True,False
0.7978189255126608,0.7751082609048248,1.5340718991256144,0.7897331998346573,0.12081298772617945,0.6366586129697489,1.0385835046628786,False,False,True
0.37807292451462915,0.2683796238471946,0.24018172941580623,-0.0027229806446558463,0.12081298772617945,-0.2269292984006216,0.03801080988067113,True,False,False
-1.384860279677102,-1.403824878442985,-1.17133481935853,-1.3068678116773635,-1.2380275832889236,-1.3007026273531985,-1.3199092758951818,True,False,False
-1.3428856795772988,-1.5051706058545111,-0.5832029240358897,-1.2468486657874027,-1.1976659821696634,-1.2458716488534927,-1.2127050585970882,False,True,False
0.21017452411541743,0.1670338964356685,-0.23032378684230562,-0.3394405618239274,-0.40837244917079135,-0.1629598234842978,-0.21213236381488076,False,True,False
-1.2589364793776923,-1.2011334236199331,-0.9360820612294737,-1.1288449213257847,-1.0900350458516352,-1.1362096918540805,-1.1055008412989944,False,False,True
-0.37746987728182685,-0.2890218769161986,-0.1126974077777775,-0.6161389971132383,-0.720053702258414,-0.37771448927481316,-0.5694797548085262,False,False,True
-0.08364767658320472,-0.13700328579890936,-0.1126974077777775,-0.6405535649328833,-0.7133267687385373,-0.44625321239944576,-0.5551858591687804,True,False,False
0.7138697253130545,0.8764539883163509,1.0635663828675024,0.6554530768266092,0.7867794061939776,1.002198469634456,0.03801080988067113,True,False,False
-1.0070888787788734,-1.099787696208407,-1.17133481935853,-1.143086752553911,-1.1550620698771106,-1.0402554794795948,-0.9268271458021718,False,True,False
-0.2935206770822205,-0.08633042209314629,0.12255535035127811,-0.3404578354830794,-0.6752074787925691,-0.46909945344098997,0.08446597070984509,True,False,False
-0.6712920779804485,-0.64373192285654,-0.46557654497136186,-0.8694401382420559,-0.8590769950025334,-0.8986087850220208,-0.7838881894047135,False,True,False
1.5533617273091167,1.5352012164912707,1.8869510363191988,2.409232865204447,2.5156013208023014,2.4963426337514463,2.332181060059875,False,False,True
-1.5947332801761172,-1.6571891969718002,-1.17133481935853,-1.351627852680046,-1.3501431419535361,-1.286994882728272,-1.2841745367958173,False,True,False
0.4200475246144323,0.3190524875529577,0.4754344875448625,0.26583726537144,0.5490944218249989,-0.13554433423444473,0.25241924447685865,False,False,True
0.5459713249138418,0.572416806081773,-0.1126974077777775,0.32280459028394515,0.28225939220322127,0.16602604751393862,0.28815398357622324,False,False,True
-0.41944447738163004,-0.08633042209314629,-0.5832029240358897,-0.5896898819752894,-0.782838415110597,-0.7158388566896674,-0.21213236381488076,True,False,False
-0.8391904783796612,-0.6944047865623025,-0.9360820612294737,-0.9752365987938513,-0.8882270402553327,-0.9031780332303296,-1.0411783109201382,False,True,False
0.29412372431502376,0.21770676014143156,0.24018172941580623,0.10510802722544309,-0.06305652848378515,-0.08071335573473888,0.5025624181724103,True,False,False
0.6299205251134481,0.6230896697875355,0.24018172941580623,0.1976799302082642,0.2777747698566368,0.019810104848055662,0.25241924447685865,False,False,True
0.0003015236164016051,-0.035657558387383215,-0.23032378684230562,-0.22855773297637272,-0.15274897541547497,0.1523183028890121,-0.46227553751043265,False,False,True
1.5113871272093136,1.5352012164912707,1.8869510363191988,2.3400582563821195,2.049200596757514,1.1666914051335742,3.7186889371152203,False,False,True
0.0003015236164016051,-0.08633042209314629,-0.5832029240358897,-0.4096324443054072,-0.47115716202297436,-0.3365912554000338,-0.42654079841106807,True,False,False
1.0916411262112828,1.2818368979624555,1.5340718991256144,1.6554330837729054,1.6590384526046627,1.6327547223810757,1.574604591153347,False,False,True
-0.16759687678281104,-0.1876761495046724,0.24018172941580623,-0.2967150681395485,0.006455117888274631,-0.45539170881606345,-0.5980675460880178,False,True,False
-0.4614190774814332,-0.44104046803348773,-0.46557654497136186,-0.4452370223757228,-0.1505066642421827,-0.2817602769003277,-0.7124187112059843,False,False,True
-2.392250682072377,-2.2652635614409564,-1.6418403356166418,-1.544909847918903,-1.5003779905641168,-1.4880418038938612,-1.5343177104913692,False,True,False
-1.2169618792778891,-1.099787696208407,-0.9360820612294737,-1.1084994481427473,-1.0317349553460367,-1.1407789400623893,-1.06976610219963,False,True,False
-1.384860279677102,-1.1504605599141702,-0.8184556821649459,-1.2000540774664163,-1.2290583385957548,-1.1681944293122424,-1.0340313631002653,False,False,True
0.21017452411541743,0.2683796238471946,0.004928971286750633,-0.06375940019376858,-0.29401457933288677,0.0883488279726883,-0.012017824858439287,False,True,False
1.0916411262112828,1.0791454431394032,0.12255535035127811,0.8528041667020735,0.7441754939014246,0.9336597465098232,0.538297157271775,False,True,False
-1.6786824803757237,-1.6065163332660373,-1.9947194728102262,-1.3526451263391979,-1.2761468732348917,-1.1864714221454777,-1.391378754093911,False,True,False
0.6718951252132513,0.2683796238471946,-0.23032378684230562,0.14579897359151825,0.3203786821491896,-0.062436362901503506,0.1452150271787649,False,True,False
0.8397935256124639,0.977799715727877,1.0635663828675024,0.6625739924406725,0.7150254486486255,0.5452736488035721,0.8134546483368819,False,False,True
0.4620221247142355,0.4710710786702469,-0.46557654497136186,0.4937065650214604,0.5311559324386609,0.8468440305519557,0.18094976627812948,True,False,False
0.7138697253130545,0.4203982149644838,1.1811927619320306,0.5079483962495869,0.701571581608872,0.6275201165531312,0.3846377791445072,False,False,True
-1.7206570804755268,-1.6065163332660373,-1.406587577487586,-1.3719733258630837,-1.3613546978199973,-1.341825861227978,-1.2841745367958173,False,True,False
0.16819992401561426,0.1670338964356685,0.004928971286750633,-0.03324119041921221,-0.24916835586704175,0.4584579328457043,0.030863862060798213,False,True,False
-0.37746987728182685,-0.1876761495046724,0.12255535035127811,-0.5052561682656835,-0.5787880983410023,-0.5467766729822403,0.1094802880794003,False,True,False
0.7558443254128576,0.6737625334932986,0.35780810848033434,0.5781402787310664,0.5535790441715834,0.2802572527216594,0.8241750700666912,True,False,False
1.3015141267102988,1.3325097616682184,0.35780810848033434,1.4306156051003402,1.3922034229828848,1.8109554025051204,1.0314365568430057,False,False,True
-1.174987279178086,-1.3531520147372218,-0.5832029240358897,-1.144104026213063,-1.1797274927833252,-0.8986087850220208,-1.1055008412989944,False,False,True
-0.2095714768826142,0.015015305318379291,0.004928971286750633,-0.34452693011968694,-0.4577032949832209,-0.16752907169260664,-0.3121896332931014,False,True,False
1.133615726311086,1.0791454431394032,0.5930608666093906,1.2525927147487614,1.495349736954328,1.0707371927590885,0.970687500374086,False,False,True
-0.08364767658320472,-0.13700328579890936,-0.34795016590683375,-0.5093252629022911,-0.55636498660808,-0.6701463746065789,-0.3550713202123389,False,True,False
-0.2515460769824174,-0.2890218769161986,0.12255535035127811,-0.6425881122511871,-0.8321692609230266,-0.7569620905644469,-0.19783846817513492,False,True,False
0.7558443254128576,1.1804911705509293,0.35780810848033434,0.4224974088808291,0.297955570416267,0.46302718105401314,0.752705591867962,True,False,False
1.343488726810102,1.3831826253739816,1.5340718991256144,1.9565460868818612,2.03574672971776,2.1490797699199744,1.58175153897322,False,False,True
-1.2589364793776923,-1.2011334236199331,-1.0537084402940018,-1.2570214023789215,-1.1864544263032017,-1.2778563863116543,-1.2770275889759444,False,True,False
1.0076919260116766,1.02847257943364,1.1811927619320306,1.082708013670398,0.9527104330176036,1.6556009634226199,0.8599098091660557,True,False,False
-0.2095714768826142,0.015015305318379291,0.24018172941580623,-0.34350965646053494,-0.35455698101177757,-0.40056073031635736,-0.1406628856161516,False,False,True
-1.0070888787788734,-1.2518062873256963,-1.17133481935853,-1.1522422154862781,-1.0496734447323748,-1.1910406703537866,-1.1769703194977235,False,True,False
0.8817681257122671,1.0791454431394032,0.4754344875448625,0.37672009421899466,0.27329014751005226,0.577258386261734,0.8241750700666912,False,False,True
1.4694125271095104,1.4338554890797446,0.8283136247384462,1.2403854308389388,1.3271763989574095,1.0753064409673974,0.9671140264641496,False,False,True
1.133615726311086,1.2311640342566923,1.0635663828675024,1.0532070775549935,0.593940645290844,0.5863968826783517,1.7890130257495342,True,False,False
1.4694125271095104,1.3325097616682184,1.5340718991256144,1.849732352670914,1.919146548706563,1.7561244240054144,1.7639987083799789,False,False,True
0.16819992401561426,0.015015305318379291,-0.5832029240358897,-0.31400872034513055,-0.3164376910658093,-0.2086523055673862,-0.1406628856161516,True,False,False
0.6299205251134481,0.572416806081773,0.4754344875448625,0.6147621304605341,0.4728558419330626,0.9839214768012204,0.41679904433393533,True,False,False
0.9657173259118734,1.0791454431394032,1.5340718991256144,1.4295983314411884,1.3585687553835009,1.4042923119656339,1.1636550915106547,True,False,False
0.5459713249138418,0.7751082609048248,-0.46557654497136186,0.1630926257971003,0.1320245435926407,0.010671608431437978,0.35962346177495197,False,False,True
0.0003015236164016051,0.06568816902414236,0.24018172941580623,-0.25500684811432156,-0.1415374195490137,-0.3091757661501808,-0.2907487898334826,True,False,False
0.7138697253130545,0.8257811246105878,0.7106872456739187,0.6229003197337492,0.44819041902684786,0.9290904983015144,0.7455586440480891,True,False,False
-0.545368277681039,-0.64373192285654,-0.7008293031004178,-0.9264074631545611,-0.9330732637211777,-1.122501947229154,-0.8196229285040781,False,True,False
-0.5033936775812359,-0.5423861954450139,-0.8184556821649459,-0.7911100664873613,-0.6819344123124459,-0.7615313387727557,-0.866078089333252,False,True,False
0.8817681257122671,0.8764539883163509,1.4164455200610868,1.2098672210643826,1.3383879548238709,1.4180000565905604,1.002848765563514,True,False,False
0.0003015236164016051,-0.13700328579890936,-0.23032378684230562,-0.13700310365270385,-0.10341812960304543,-0.35029900002496034,-0.104928146516787,False,False,True
-0.12562227668300788,-0.2890218769161986,-0.23032378684230562,-0.502204347288228,-0.6124227659403861,-0.4142684749412839,-0.3908060593117035,True,False,False
-2.1404030814735577,-2.1639178340294305,-1.6418403356166418,-1.4747179654374234,-1.4084432324591347,-1.4880418038938612,-1.455701284472767,False,False,True
0.8397935256124639,0.572416806081773,0.004928971286750633,0.740904064195367,0.5468521106517067,0.2208570260136445,1.1457877219609724,False,False,True
1.5533617273091167,1.6872198076085587,1.7693246572546706,2.397025581294624,2.8205556403700474,2.4369424070434316,1.8747763995880091,False,False,True
0.37807292451462915,0.4203982149644838,0.7106872456739187,0.5435529743199028,0.23965547991066852,0.056364090514526406,1.181522461060337,True,False,False
0.37807292451462915,0.52174394237601,0.7106872456739187,0.5476220689565103,0.23292854639079175,0.3625037204712186,1.002848765563514,True,False,False
0.4200475246144323,0.4203982149644838,-0.1126974077777775,0.08272800672410198,0.4011018843877106,-0.17209831990091548,-0.104928146516787,False,True,False
0.6299205251134481,0.7244353971990617,0.9459400038029744,0.4753956391567268,0.39885957321441834,0.5909661308866605,0.609766635470504,True,False,False
-0.08364767658320472,-0.1876761495046724,-0.46557654497136186,-0.5408607463359995,-0.5630919201279567,-0.4188377231495927,-0.433687746230941,False,True,False
0.4200475246144323,0.572416806081773,0.004928971286750633,0.2587163497573767,0.36522490561503457,0.006102360223129135,0.22025797928743052,True,False,False
0.04227612371620477,-0.035657558387383215,-0.23032378684230562,-0.3974251603955846,-0.4352801832502984,-0.22236005019231275,-0.3908060593117035,True,False,False
0.25214912421522057,0.1670338964356685,0.004928971286750633,-0.08715669435426168,-0.3523146698384853,-0.19494456094245968,0.3238887226755874,True,False,False
-0.5033936775812359,-0.593059059150777,-0.34795016590683375,-0.7097281737552111,-0.585515031860879,-0.6838541192315055,-0.9304006197121083,True,False,False
0.5039967248140387,0.52174394237601,1.0635663828675024,0.18547264629844162,0.013182051408151384,0.293964997346586,0.3238887226755874,False,False,True
0.21017452411541743,0.2683796238471946,-0.7008293031004178,-0.05053484262479404,-0.08547964021670743,0.20258003318040937,-0.17639762471551618,False,False,True
-1.3428856795772988,-1.403824878442985,-1.524213956552114,-1.2397277501733395,-1.1909390486497864,-1.2458716488534927,-1.2127050585970882,False,True,False
-0.6293174778806454,-0.7450776502680656,-0.34795016590683375,-0.9803229670896106,-1.0833081123317585,-0.6884233674398144,-0.8910924067028072,False,False,True
-0.7132666780802517,-0.64373192285654,-0.5832029240358897,-0.5815516927020744,-0.4106147603440836,-0.638161637148417,-0.780314715494777,False,True,False
1.0076919260116766,1.2818368979624555,1.1811927619320306,0.8314414198598842,0.48182508662623164,0.5269966559703367,1.317314469637922,True,False,False
0.8817681257122671,1.0791454431394032,0.7106872456739187,1.1274680546730806,1.2329993296791348,1.0478909517175443,1.002848765563514,False,False,True
-1.384860279677102,-1.403824878442985,-1.2889611984230578,-1.2916087067900854,-1.2111198492094168,-1.341825861227978,-1.3342031715349276,False,True,False
0.33609832441482596,0.3190524875529577,0.8283136247384462,0.14579897359151825,-0.22674524413411926,0.11119506901423251,0.609766635470504,False,False,True
0.37807292451462915,0.11636103272990543,0.4754344875448625,0.11528076381696188,0.3181363709758973,0.09748732438930599,-0.11922204215653284,True,False,False
1.0496665261114797,1.1804911705509293,1.0635663828675024,1.6096557691110709,1.3630533777300853,1.2946303549662217,1.6961027040911862,False,False,True
1.0916411262112828,1.1298183068451662,0.9459400038029744,1.3451646177315824,1.6052229844456485,1.6373239705893845,0.8241750700666912,False,False,True
1.0496665261114797,1.3831826253739816,0.4754344875448625,0.8375450618147952,0.5670329112113369,1.0524601999258532,1.717543547550805,False,False,True
0.37807292451462915,0.1670338964356685,-0.23032378684230562,-0.09936397826408423,0.0400897854876584,-0.05786711469319466,-0.30861615938316495,True,False,False
0.6718951252132513,0.4710710786702469,0.12255535035127811,0.2983900224643001,0.48182508662623164,-0.030451625443341606,0.25241924447685865,True,False,False
-1.0490634788786766,-0.998441968796881,-0.5832029240358897,-0.98540933538537,-0.9554963754541003,-1.0174092384380506,-0.8910924067028072,True,False,False
-0.7552412781800548,-0.64373192285654,-0.46557654497136186,-1.0362730183429638,-1.033977266519329,-1.1407789400623893,-0.866078089333252,False,True,False
0.16819992401561426,-0.035657558387383215,-0.23032378684230562,-0.35164784573374996,-0.1505066642421827,-0.332022007191725,-0.46942248533030556,False,True,False
0.4200475246144323,0.36972535125872075,0.12255535035127811,0.032881597425659805,0.24414010225725302,0.12490281363915905,-0.1406628856161516,False,False,True
0.8817681257122671,0.6737625334932986,0.24018172941580623,0.49065474404400505,0.32486330449577405,1.0661679445507797,0.538297157271775,True,False,False
0.7138697253130545,0.7751082609048248,0.7106872456739187,0.38994465178796894,0.26207859164359104,0.5452736488035721,0.8599098091660557,False,False,True
0.6718951252132513,0.6230896697875355,0.4754344875448625,0.6971612968518361,0.6141214458504742,0.5452736488035721,0.752705591867962,False,False,True
0.8817681257122671,0.6737625334932986,0.24018172941580623,0.6941094758743804,0.7867794061939776,0.6686433504279108,0.5454441050916479,True,False,False
0.7138697253130545,0.6230896697875355,0.8283136247384462,0.7795604632431382,0.766598605634347,0.938228994718132,0.609766635470504,False,False,True
-0.04167307648340156,0.06568816902414236,0.12255535035127811,-0.05358666360224979,-0.12584124133596794,-0.07614410752643003,0.3238887226755874,True,False,False
0.8397935256124639,1.0791454431394032,0.9459400038029744,1.0532070775549935,0.73969087155484,0.6503663575946754,1.0921856133119257,True,False,False
0.04227612371620477,-0.035657558387383215,-0.46557654497136186,-0.40454607600964765,-0.39940320447762234,-0.30003726973356304,-0.3729386897620212,False,True,False
-1.0910380789784797,-1.099787696208407,-1.17133481935853,-1.1227412793708735,-1.0160387771329908,-1.204748414978713,-1.1769703194977235,False,True,False
0.8397935256124639,0.6230896697875355,0.35780810848033434,0.7419213378545189,1.2666339972785188,0.22542627422195333,0.5347236833618384,False,True,False
-0.8811650784794643,-0.8464233776795917,-0.5832029240358897,-0.9701502304980919,-0.8882270402553327,-1.067670968729448,-0.9625618849015364,False,True,False
-0.2515460769824174,-0.08633042209314629,-0.46557654497136186,-0.3465614774379907,-0.44873405029005187,-0.18123681631753316,-0.3550713202123389,False,False,True
1.133615726311086,1.2818368979624555,0.8283136247384462,1.3970455743483283,1.5715883168462645,1.203245390800045,1.2529919392590658,True,False,False
1.0496665261114797,1.1804911705509293,1.1811927619320306,1.3604237226188607,1.1926377285598744,2.0074330754624006,1.110052982861608,False,False,True
-0.6293174778806454,-0.593059059150777,-0.34795016590683375,-0.718883636687578,-0.6146650771136783,-0.839208558314006,-0.8696515632431885,False,True,False
1.133615726311086,1.2818368979624555,1.5340718991256144,1.2424199781572427,1.0401605687760016,0.8833980162184264,1.7890130257495342,True,False,False
0.21017452411541743,0.2683796238471946,0.7106872456739187,0.10815984820289884,-0.32764924693227054,-0.14925207885937125,0.28815398357622324,True,False,False
-0.2095714768826142,-0.2890218769161986,-0.7008293031004178,-0.685313605935566,-0.6393305000198931,-0.8300700618973883,-0.7660208198550312,False,True,False
1.0916411262112828,0.8257811246105878,0.4754344875448625,0.7592149900601006,0.8293833184865301,0.7371820735525434,0.5918992659208218,True,False,False
-0.6712920779804485,-0.7957505139738287,-0.8184556821649459,-0.7697473196451718,-0.8097461491901041,-0.7112696084813586,-0.833916824143824,True,False,False
-0.2095714768826142,-0.2890218769161986,0.35780810848033434,-0.33231964620986437,-0.38594933743786886,-0.2269292984006216,-0.42654079841106807,False,True,False
-0.04167307648340156,-0.13700328579890936,-0.34795016590683375,-0.5093252629022911,-0.5204880078354039,-0.31831426256679846,-0.5337450157091617,False,True,False
-1.0490634788786766,-1.1504605599141702,-1.0537084402940018,-1.177674056965075,-1.1214274022777266,-1.1270711954374628,-1.2412928498765798,False,True,False
0.4620221247142355,0.4203982149644838,0.12255535035127811,0.6229003197337492,0.8876834089921286,0.35793447226290975,0.35962346177495197,True,False,False
-2.2663268817729674,-2.1639178340294305,-1.6418403356166418,-1.5408407532822954,-1.502620301737409,-1.4697648110606258,-1.5343177104913692,False,True,False
-0.3354952771820237,-0.23834901321043547,-0.23032378684230562,-0.5347571043810881,-0.4935802737558969,-0.025882377235032762,-0.6123614417277637,False,True,False
-1.0490634788786766,-0.9477691050911179,-0.8184556821649459,-1.1064649008244436,-1.1079735352379732,-1.314410371978125,-0.9053863023425531,False,False,True
-0.7972158782798581,-0.8970962413853548,-0.9360820612294737,-0.9060619899715235,-0.7559306810310901,-0.9717167563549622,-0.9982966240009008,False,True,False
-0.2515460769824174,-0.23834901321043547,-0.34795016590683375,-0.5001697999699243,-0.3814647150912843,-0.5239304319406961,-0.5337450157091617,False,True,False
-1.2589364793776923,-1.3531520147372218,-1.17133481935853,-1.2468486657874027,-1.1999082933429552,-1.2824256345199632,-1.173396845587787,False,True,False
1.7632347278081326,1.4845283527855078,1.8869510363191988,3.0562189124250416,3.9417112270161723,1.678447204464164,2.7145427684230765,False,False,True
-0.9231396785792675,-0.8970962413853548,-0.5832029240358897,-1.0708603227541278,-1.0720965564652971,-0.98085525277158,-1.0411783109201382,False,True,False
-0.9231396785792675,-0.8464233776795917,-0.8184556821649459,-0.9172520002221942,-0.9016809072950862,-0.9351627706884915,-0.8553576676034427,True,False,False
1.133615726311086,0.977799715727877,1.0635663828675024,1.4184083211905176,1.47741124756799,1.111860426633868,1.4388125825757616,True,False,False
1.4694125271095104,1.3831826253739816,1.7693246572546706,2.200691765078312,2.340701049285506,2.354695939293872,1.9033641908675007,False,False,True
-1.8885554808747393,-1.7585349243833264,-1.406587577487586,-1.4238542824798295,-1.392747054246089,-1.4103645843526107,-1.405672649733657,False,True,False
-0.7132666780802517,-0.6944047865623025,-0.8184556821649459,-0.9396320207235355,-0.881500106735456,-0.921455026063565,-0.9875762022710914,False,True,False
1.0916411262112828,1.3831826253739816,1.1811927619320306,1.2078326737460792,1.2195454626393814,1.3905845673407073,0.9885548699237683,False,False,True
-0.4614190774814332,-0.593059059150777,-0.1126974077777775,-0.5367916516993919,-0.5787880983410023,-0.3137450143584896,-0.6230818634575731,False,True,False
0.37807292451462915,0.06568816902414236,-0.23032378684230562,0.1000216589296838,0.3001978815895593,0.13404131005577674,-0.012017824858439287,False,False,True
-1.384860279677102,-1.454497742148748,-1.17133481935853,-1.270245959947896,-1.267177628541723,-1.1316404436457717,-1.2841745367958173,True,False,False
0.9237427258120703,0.977799715727877,0.7106872456739187,0.8802705554991743,0.6791484698759495,1.2900611067579129,0.8241750700666912,True,False,False
-1.0910380789784797,-0.998441968796881,-1.2889611984230578,-1.045428481275331,-0.9308309525478855,-1.1910406703537866,-1.0447517848300747,False,True,False
0.25214912421522057,-0.13700328579890936,-0.23032378684230562,-0.5540853039049738,-0.6213920106335551,-0.5147919355240784,-0.498010276609797,False,True,False
-1.8885554808747393,-1.9105535155006153,-1.75946671468117,-1.4472515766403227,-1.3837778095529198,-1.5108880449354052,-1.46284823229264,False,True,False
1.889158528107542,1.6365469439027958,1.6516982781901424,2.8588678225495774,3.356468010786895,3.0949141490399037,2.1820951558425445,True,False,False
0.29412372431502376,0.36972535125872075,0.35780810848033434,0.08679710136070949,-0.269349156426672,0.2574110116801152,0.25241924447685865,False,True,False
0.6718951252132513,0.6230896697875355,0.004928971286750633,0.2200599507096053,-0.09893350725646093,0.18430304034717399,0.5740318963711395,False,True,False
-0.2935206770822205,-0.39036760432772466,-0.7008293031004178,-0.5957935239302007,-0.4016455156509146,-0.7067003602730497,-0.7195656590258572,False,True,False
0.9237427258120703,0.927126852022114,0.9459400038029744,0.9789461004369064,0.7553870497678861,0.6183816201365135,1.7532782866501695,True,False,False
0.21017452411541743,0.21770676014143156,0.004928971286750633,-0.04137937969242724,0.033362851967781645,-0.18123681631753316,0.25241924447685865,True,False,False
0.7138697253130545,0.6737625334932986,0.4754344875448625,0.5791575523902182,0.10287449833984143,0.3853499615127628,0.9957018177436412,True,False,False
-2.098428481373755,-2.0625721066179046,-1.75946671468117,-1.4848907020289421,-1.4331086553653494,-1.4606263146440082,-1.4699951801125128,False,True,False
-1.6786824803757237,-1.809207788089089,-1.17133481935853,-1.3913015253869692,-1.3479008307802438,-1.341825861227978,-1.391378754093911,False,False,True
1.343488726810102,1.5858740801970328,0.8283136247384462,1.6422085262039305,1.8698157028941336,1.7744014168386497,1.417371739116143,True,False,False
-1.5107840799765113,-1.403824878442985,-1.0537084402940018,-1.2895741594717813,-1.3187507855274445,-1.1956099185620954,-1.2127050585970882,False,False,True
-1.6367078802759203,-1.5051706058545111,-1.2889611984230578,-1.2905914331309334,-1.2066352268628322,-1.2641486416867278,-1.3199092758951818,False,True,False
0.6299205251134481,0.927126852022114,0.7106872456739187,0.6086584885056225,0.3584979720951578,0.7874438038439407,0.6812361136692332,True,False,False
1.133615726311086,0.977799715727877,1.1811927619320306,1.167141727380004,1.1881531062132897,1.431707801215487,0.9635405525542131,True,False,False
0.7558443254128576,0.927126852022114,0.5930608666093906,0.7032649388067477,0.5715175335579215,0.577258386261734,0.752705591867962,True,False,False
-0.2935206770822205,-0.2890218769161986,-0.46557654497136186,-0.6141044497949345,-0.6460574335397699,-0.382283737483122,-0.6052144939078908,False,True,False
-1.3009110794774956,-1.454497742148748,-1.524213956552114,-1.2549868550606178,-1.2133621603827087,-1.1864714221454777,-1.2127050585970882,False,False,True
0.587945925013645,0.52174394237601,0.7106872456739187,0.6076412148464708,0.9392565659778501,0.6823510950528373,0.18094976627812948,False,False,True
0.5039967248140387,0.6230896697875355,0.7106872456739187,0.5455875216382063,0.16565921119202448,0.4721656774706308,0.8456159135263099,True,False,False
1.0916411262112828,0.977799715727877,0.8283136247384462,0.9352033330933756,1.1657299944803678,1.057029448134162,0.616913583290377,True,False,False
-1.384860279677102,-1.099787696208407,-1.2889611984230578,-1.1410522052356074,-1.0855504235050508,-1.067670968729448,-1.18054379340766,False,True,False
1.0496665261114797,1.02847257943364,0.7106872456739187,1.497755666604364,1.6321307185251555,1.5368005100065898,1.0814651915821163,True,False,False
0.8397935256124639,1.0791454431394032,0.4754344875448625,0.8812878291583262,0.9459834994977272,1.3266150924243836,0.5811788441910124,True,False,False
-1.384860279677102,-1.454497742148748,-1.0537084402940018,-1.2193822769903018,-1.1460928251839415,-1.2321639042285661,-1.1769703194977235,False,True,False
1.2175649265106925,1.1804911705509293,1.2988191409965588,1.0969498448985244,1.1029452816281848,1.0478909517175443,1.1958163567000826,True,False,False
-0.3354952771820237,-0.33969474062196164,-0.23032378684230562,-0.4645652218996084,-0.3007415128527635,-0.47823794985760765,-0.5694797548085262,False,True,False
-0.2095714768826142,-0.33969474062196164,0.12255535035127811,-0.5113598102205948,-0.5451534307416187,-0.3959914821080485,-0.3908060593117035,False,True,False
-0.2095714768826142,-0.08633042209314629,0.5930608666093906,-0.2448341115228028,-0.4061301379974991,-0.3228835107751073,-0.104928146516787,True,False,False
-0.3354952771820237,0.015015305318379291,0.24018172941580623,-0.2743350476382074,-0.538426497221742,-0.16752907169260664,0.18094976627812948,False,False,True
-1.384860279677102,-1.6065163332660373,-0.5832029240358897,-0.7443154781663749,-0.6752074787925691,-0.6884233674398144,-0.7981820850444593,False,True,False
-0.16759687678281104,-0.1876761495046724,-0.34795016590683375,-0.5825689663612263,-0.5137610743155272,-0.2817602769003277,-0.7088452372960479,True,False,False
0.1262253239158111,-0.13700328579890936,-0.1126974077777775,-0.35673421402950944,-0.4038878268242069,-0.23606779481723927,-0.3407774245725931,False,True,False
0.4200475246144323,0.4203982149644838,-0.1126974077777775,0.18445537263928963,-0.02942186088440139,0.2574110116801152,-0.022738246588248662,False,False,True
1.1755903264108893,1.0791454431394032,0.9459400038029744,1.1356062439462955,1.0491298134691707,1.3083380995911482,1.110052982861608,True,False,False
0.6718951252132513,0.4203982149644838,0.5930608666093906,0.7968541154487201,-0.015967993844647883,0.1934415367637917,1.0385835046628786,True,False,False
1.343488726810102,1.4338554890797446,1.4164455200610868,1.915855140515786,2.029019796197883,1.8840633738380619,1.7890130257495342,False,False,True
0.6299205251134481,0.6737625334932986,0.7106872456739187,0.6117103094830784,0.6612099804896115,0.8331362859270292,0.4954154703525374,False,False,True
-0.3354952771820237,-0.44104046803348773,-0.8184556821649459,-0.6313981020005165,-0.7424768139913366,-0.528499680149005,-0.41224690277132225,False,True,False
-1.7206570804755268,-1.7078620606775634,-1.2889611984230578,-1.4238542824798295,-1.341173897260367,-1.4103645843526107,-1.4414073888330212,False,True,False
-0.545368277681039,-0.5423861954450139,-0.7008293031004178,-0.8460428440815627,-0.6527843670596466,-0.9031780332303296,-0.7838881894047135,False,False,True
0.29412372431502376,0.4710710786702469,0.4754344875448625,0.2770272756221105,0.4123134402541719,0.23913401884687985,0.24527229665698572,True,False,False
0.9657173259118734,1.3325097616682184,0.8283136247384462,0.7938022944712647,0.6701792251827805,0.7143358325109992,1.0743182437622432,True,False,False
0.7558443254128576,0.6737625334932986,0.7106872456739187,0.7154722227165702,0.5087328207057384,0.9930599732178381,0.002276070781306547,False,False,True
1.1755903264108893,0.927126852022114,0.8283136247384462,1.8538014473075215,1.0513721246424628,1.111860426633868,3.468545763419668,True,False,False
-1.5947332801761172,-1.5051706058545111,-1.17133481935853,-1.3170405482688823,-1.267177628541723,-1.4332108253941551,-1.2484397976964527,False,True,False
1.2175649265106925,1.0791454431394032,0.7106872456739187,1.2119017683826867,1.3451148883437474,1.4499847940487225,0.9313792873647849,True,False,False
0.08425072381600793,0.11636103272990543,0.12255535035127811,-0.0810530523993504,-0.1370527972024292,0.07464108334776177,0.07374554898003571,False,False,True
1.3015141267102988,1.4338554890797446,1.1811927619320306,1.9860470229972655,2.0716237084904363,1.6875857008807817,1.9676867212463571,True,False,False
-1.4688094798767082,-1.5051706058545111,-1.0537084402940018,-1.2407450238324915,-1.1752428704367408,-1.2595793934784192,-1.2127050585970882,False,True,False
0.7558443254128576,0.6230896697875355,0.35780810848033434,0.7510768007868857,0.6634522916629035,1.2717841139246775,0.37391735741469784,False,False,True
0.6718951252132513,0.7751082609048248,0.4754344875448625,0.7531113481051896,0.25310934695042203,0.9747829803846028,1.002848765563514,True,False,False
-1.4688094798767082,-1.6065163332660373,-0.9360820612294737,-0.8735092328786633,-0.8433808167894878,-1.0768094651460656,-0.8160494545941416,False,True,False
0.7978189255126608,1.02847257943364,0.9459400038029744,1.0186197731438293,1.0468875022958781,0.8696902715934999,1.0600243481224974,True,False,False
1.2595395266104956,1.0791454431394032,0.12255535035127811,0.8833223764766296,1.0850067922418467,1.0798756891757062,0.609766635470504,False,False,True
0.5459713249138418,0.3190524875529577,-0.1126974077777775,0.2749927283038067,0.3517710385752811,0.3076727419715125,0.14878850108870134,False,False,True
-0.9231396785792675,-0.6944047865623025,-0.23032378684230562,-0.9426838417009912,-0.962223308973977,-0.8437778065223148,-0.8553576676034427,True,False,False
0.6299205251134481,0.6230896697875355,-0.1126974077777775,0.2831309175770218,0.4706135307597704,0.13404131005577674,0.17380281845825654,True,False,False
1.0076919260116766,1.1298183068451662,0.8283136247384462,1.024723415098741,1.374264933596547,0.7828745556356319,0.8241750700666912,True,False,False
0.37807292451462915,0.572416806081773,0.35780810848033434,0.28007909659956626,0.3831633950013726,0.7326128253442346,0.1094802880794003,True,False,False
1.2595395266104956,1.02847257943364,0.24018172941580623,0.7439558851728223,0.5132174430523229,1.1255681712587946,1.0457304524827515,True,False,False
-1.3009110794774956,-1.1504605599141702,-0.9360820612294737,-1.144104026213063,-1.0945196681982197,-1.1407789400623893,-1.1162212630288038,True,False,False
-0.5873428777808423,-0.39036760432772466,-0.7008293031004178,-0.6446226595694908,-0.5473957419149109,-0.5239304319406961,-0.8124759806842051,False,True,False
-0.04167307648340156,0.06568816902414236,0.8283136247384462,-0.1583658504948932,-0.45994560615651314,-0.08985185215135631,0.1094802880794003,False,False,True
-0.08364767658320472,0.2683796238471946,0.7106872456739187,-0.4065806233279514,-0.37698009274469985,-0.638161637148417,-0.16925067689564327,True,False,False
-1.0490634788786766,-0.9477691050911179,-1.17133481935853,-1.0189793661373818,-0.9398001972410546,-1.0311169830629772,-1.141235580398359,False,True,False
0.1262253239158111,-0.035657558387383215,-0.34795016590683375,0.12240167943102515,0.5423674883051222,0.09748732438930599,-0.2693079463738639,False,False,True
-0.8811650784794643,-0.8464233776795917,-0.5832029240358897,-1.1034130798469879,-1.1685159369168638,-1.1316404436457717,-0.9018128284326167,False,False,True
0.25214912421522057,0.3190524875529577,0.24018172941580623,-0.15429675585828567,-0.24019911117387277,-0.2589140358587835,0.1452150271787649,False,False,True
-0.37746987728182685,-0.5423861954450139,-0.7008293031004178,-0.7758509616000832,-0.7155690799118295,-0.839208558314006,-0.7124187112059843,False,True,False
0.08425072381600793,0.015015305318379291,0.24018172941580623,-0.04137937969242724,-0.06978346200366191,0.056364090514526406,0.002276070781306547,False,False,True
0.4620221247142355,0.21770676014143156,0.7106872456739187,1.3207500499119373,1.3137225319176558,1.3083380995911482,1.2565654131690023,True,False,False
1.5533617273091167,1.5352012164912707,0.9459400038029744,1.6706921886601833,1.6792192531642927,1.8292323953383558,1.5210024825043003,True,False,False
-0.08364767658320472,-0.23834901321043547,-0.7008293031004178,-0.5133943575388986,-0.48236871788943564,-0.19037531273415084,-0.7124187112059843,False,False,True
-0.2095714768826142,-0.1876761495046724,-0.34795016590683375,-0.6293635546822128,-0.5025495184490659,-0.5833306586487109,-0.7767412415848406,False,False,True
0.5459713249138418,0.7751082609048248,0.35780810848033434,0.5038793016129793,0.41679806260075636,0.5726891380534251,0.5025624181724103,False,False,True
-1.7206570804755268,-1.7078620606775634,-1.6418403356166418,-1.419785187843222,-1.3546277643001206,-1.4195030807692286,-1.4199665453734025,False,True,False
-2.098428481373755,-2.0625721066179046,-1.406587577487586,-1.4950634386204609,-1.455531767098272,-1.4834725556855524,-1.4985829713920047,False,True,False
0.08425072381600793,0.2683796238471946,0.35780810848033434,0.1234189530901769,-0.08547964021670743,-0.03502087365165045,0.07374554898003571,False,False,True
0.4620221247142355,0.6737625334932986,0.35780810848033434,0.2912691068502368,0.3136517486293128,0.4493194364290866,0.3238887226755874,True,False,False
0.4620221247142355,0.4203982149644838,0.24018172941580623,0.1814035516618341,0.1454784106323942,0.2848265009299683,0.3560499878650155,True,False,False
-0.6293174778806454,-0.7957505139738287,-0.8184556821649459,-0.6822617849581104,-0.46218791732980535,-0.9031780332303296,-0.7910351372245864,False,False,True
-0.04167307648340156,-0.1876761495046724,-0.46557654497136186,-0.38114878184915457,-0.32316462458568607,-0.2177908019840039,-0.5623328069886533,False,False,True
1.5533617273091167,1.5858740801970328,1.5340718991256144,2.781555024454034,2.9214596431681983,3.1223296382897567,2.1999625253922264,False,False,True
-1.4688094798767082,-1.6065163332660373,-1.524213956552114,-1.3455242107251348,-1.242512205635508,-1.3281181166030516,-1.4199665453734025,False,True,False
0.4200475246144323,0.4710710786702469,0.35780810848033434,0.37061645226408313,0.4840673977995239,0.25284176347180637,0.39535820087431656,False,False,True
-2.0564538812739515,-2.924010789615876,-1.524213956552114,-1.452337944936082,-1.4129278548057191,-1.3875183433110665,-1.4664217062025764,False,True,False
-0.3354952771820237,-0.2890218769161986,-0.46557654497136186,-0.7290563732790968,-0.6864190346590304,-0.6701463746065789,-0.6623900764668741,False,True,False
0.6299205251134481,0.927126852022114,0.35780810848033434,1.0196370468029816,1.1791838615201213,0.938228994718132,0.7884403309673266,True,False,False
-3.3156918842680456,-3.1267022444389276,-2.582851368132866,-1.6639308660396726,-1.5967973710156835,-1.6251192501431262,-1.6844036147087003,False,True,False
0.8817681257122671,0.8257811246105878,0.7106872456739187,0.7856641051980497,0.8562910525660371,0.2848265009299683,0.5025624181724103,False,True,False
1.0076919260116766,0.927126852022114,2.004577415383727,1.6177939583842855,1.0154951458697867,2.053125557545489,1.2172572001597013,True,False,False
0.37807292451462915,0.52174394237601,0.24018172941580623,0.42046286156252555,0.8114448291001921,0.20714928138871797,0.07374554898003571,False,False,True
0.21017452411541743,0.1670338964356685,-0.1126974077777775,-0.3557169403703575,-0.4644302285030976,-0.098990348567974,-0.262160998553991,False,True,False
1.889158528107542,2.0926027172546635,1.5340718991256144,2.9148178738029302,2.0648967749705593,2.213049244836298,3.475692711239541,True,False,False
1.6792855276085263,1.5352012164912707,1.6516982781901424,2.66558582731072,1.2980263537046104,1.9845868344208564,5.469691152984082,True,False,False
-1.5107840799765113,-1.555843469560274,-0.9360820612294737,-1.2895741594717813,-1.2985699849678143,-1.1864714221454777,-1.2841745367958173,True,False,False
0.7978189255126608,0.927126852022114,0.7106872456739187,0.6452803402350902,0.8383525631796991,0.35793447226290975,0.656221796299678,True,False,False
0.587945925013645,0.4710710786702469,0.35780810848033434,0.46725744988351176,0.685875403395826,0.32594973480474787,0.43109293997368114,True,False,False
-0.37746987728182685,-0.2890218769161986,-0.23032378684230562,-0.43404701212505203,-0.2715914675999643,-0.3548682482332692,-0.46227553751043265,False,False,True
-0.16759687678281104,-0.1876761495046724,0.8283136247384462,-0.2824732369114224,-0.4195840050372526,-0.2817602769003277,-0.17639762471551618,True,False,False
1.4694125271095104,1.1804911705509293,1.1811927619320306,1.5679475490858437,1.5536498274599264,1.683016452672473,1.3601961565571596,True,False,False
-0.5873428777808423,-0.39036760432772466,-0.34795016590683375,-0.8094209923520951,-0.7155690799118295,-0.49651494269084306,-0.6766839721066199,False,True,False
-1.3009110794774956,-1.3024791510314588,-1.0537084402940018,-1.2376932028550356,-1.2559660726752615,-1.1864714221454777,-1.1769703194977235,False,False,True
-0.7132666780802517,-0.8464233776795917,-1.17133481935853,-0.9782884197713069,-0.9532540642808081,-1.0402554794795948,-0.9625618849015364,False,True,False
-1.2589364793776923,-1.049114832502644,-1.17133481935853,-1.0301693763880526,-0.9913733542267762,-1.1362096918540805,-1.0340313631002653,False,False,True
0.7138697253130545,0.7244353971990617,0.004928971286750633,0.40723830399355077,0.34504410505540434,0.7371820735525434,0.21668450537749406,False,False,True
-0.7972158782798581,-0.7450776502680656,-0.8184556821649459,-0.9213210948588016,-0.7738691704174281,-0.9351627706884915,-1.06976610219963,False,True,False
0.8817681257122671,0.8764539883163509,0.8283136247384462,0.8924778394089969,1.0962183481083076,0.8239977895104115,0.6312074789301229,False,False,True
-0.2515460769824174,-0.33969474062196164,0.24018172941580623,-0.4757552321502792,-0.4442494279434674,-0.4188377231495927,-0.4408346940508139,True,False,False
0.4200475246144323,0.52174394237601,0.5930608666093906,0.47641291281587855,0.6186060681970588,0.3076727419715125,0.2988744053060322,True,False,False
0.8817681257122671,0.8257811246105878,0.4754344875448625,0.5272765957734727,0.20826312348457698,0.3944884579293805,0.8170281222468183,False,False,True
0.5459713249138418,0.572416806081773,1.2988191409965588,0.5242247747960169,0.0356051631410739,0.056364090514526406,0.9671140264641496,False,True,False
0.29412372431502376,0.3190524875529577,0.7106872456739187,0.23124996096027606,-0.027179549711109138,0.33508823122136555,0.43109293997368114,False,True,False
-1.2169618792778891,-0.8970962413853548,-0.5832029240358897,-0.37301059257593955,-0.16844515362852072,-0.4416839641911369,-0.5408919635290346,True,False,False
-0.6293174778806454,-0.7957505139738287,-0.9360820612294737,-0.8541810333547778,-0.7447191251646288,-0.7386850977312115,-1.0125905196406466,False,True,False
0.16819992401561426,0.015015305318379291,0.12255535035127811,0.08577982770155751,-0.2558952893869185,0.13861055826408558,0.5025624181724103,False,False,True
-0.37746987728182685,-0.7450776502680656,-0.34795016590683375,-0.6242771863864532,-0.5137610743155272,-0.6518693817733435,-0.6766839721066199,False,True,False
0.5039967248140387,0.11636103272990543,0.35780810848033434,0.4133419459484623,0.34280179388211207,0.38078071330445395,0.5740318963711395,True,False,False
-2.8959458832700142,-2.82266506220435,-2.229972230939282,-1.6344299299242682,-1.5609203922430075,-1.5611497752268024,-1.6486688756093357,False,True,False
1.0916411262112828,1.02847257943364,0.8283136247384462,1.1885044742221933,1.0222220793896637,1.7515551757971055,0.8884976004455475,True,False,False
-0.4614190774814332,-0.64373192285654,0.004928971286750633,-0.751436393780438,-0.5899996542074636,-0.6427308853567258,-0.8839454588829342,False,True,False
1.133615726311086,1.1298183068451662,0.9459400038029744,1.389924658734265,0.7419331827281326,1.0661679445507797,1.2887266783584304,True,False,False
-0.2095714768826142,-0.33969474062196164,-0.5832029240358897,-0.48084160044603846,-0.7873230374571816,-0.30003726973356304,-0.3550713202123389,True,False,False
0.21017452411541743,0.1670338964356685,-0.1126974077777775,0.042037060358026825,0.006455117888274631,0.13861055826408558,0.21668450537749406,True,False,False
-0.7972158782798581,-0.6944047865623025,-0.9360820612294737,-0.9976166192951925,-0.9913733542267762,-1.0448247276879037,-0.8553576676034427,False,True,False
-2.686072882770999,-2.619973607381298,-1.75946671468117,-1.608998088445471,-1.5272857246436238,-1.5520112788101847,-1.6200810843298439,False,True,False
-0.6293174778806454,-0.4917133317392508,-0.34795016590683375,-0.7748336879409312,-0.7604153033776746,-0.8620547993555502,-0.6766839721066199,False,True,False
-1.2589364793776923,-1.2011334236199331,-1.406587577487586,-1.1166376374159621,-0.9868887318801917,-0.9899937491881977,-1.141235580398359,True,False,False
-1.8885554808747393,-1.809207788089089,-1.406587577487586,-1.4309751980938927,-1.4218970994988882,-1.4103645843526107,-1.4271134931932754,False,True,False
0.21017452411541743,0.21770676014143156,0.24018172941580623,0.0186397661975335,0.1544476553255632,0.12947206184746787,-0.11922204215653284,True,False,False
0.4620221247142355,0.36972535125872075,0.24018172941580623,0.055261617927001135,0.17687076705848573,-0.2269292984006216,0.09518639243965446,True,False,False
1.6373109275087232,1.5352012164912707,0.9459400038029744,1.5374293393112874,1.4818958699145746,1.7744014168386497,1.449533004305571,False,False,True
1.0916411262112828,1.3325097616682184,0.8283136247384462,1.4804620143987821,1.6500692079114936,2.0211408200873273,1.0385835046628786,True,False,False
0.7978189255126608,0.52174394237601,0.4754344875448625,0.24345724487009862,0.5872137117709672,0.1751645439305563,-0.08348730305716826,False,False,True
-0.9651142786790707,-0.8970962413853548,-1.0537084402940018,-1.0993439852103803,-0.9846464207068996,-1.0768094651460656,-1.1912642151374693,False,True,False
0.37807292451462915,0.3190524875529577,-0.34795016590683375,0.06950344915512745,0.031120540794489393,-0.07614410752643003,0.21668450537749406,True,False,False
0.7558443254128576,0.4710710786702469,0.12255535035127811,0.5791575523902182,0.6455138022765655,0.5224274077620279,0.538297157271775,True,False,False
-0.6293174778806454,-0.5423861954450139,-0.46557654497136186,-0.885716516788486,-0.9577386866273925,-0.9534397635217269,-0.6766839721066199,False,False,True
0.16819992401561426,0.21770676014143156,0.35780810848033434,-0.05562121092055355,0.217232368177746,-0.3365912554000338,-0.08348730305716826,False,False,True
0.8397935256124639,0.6737625334932986,0.4754344875448625,0.516086585522802,0.6275753128902275,0.49958116672048364,0.5061358920823468,False,False,True
0.8817681257122671,0.7751082609048248,0.9459400038029744,0.8395796091330991,0.703813892782164,1.1621221569252653,0.9313792873647849,False,False,True
1.133615726311086,0.927126852022114,0.5930608666093906,0.9942052053241843,1.374264933596547,0.8057207966771761,0.7241178005884708,False,False,True
-0.5873428777808423,-0.593059059150777,-0.8184556821649459,-0.7860236981916019,-0.6617536117528157,-0.6747156228148877,-0.9161067240723625,False,True,False
-0.6712920779804485,-0.8464233776795917,-0.9360820612294737,-0.9213210948588016,-0.8119884603633963,-0.7386850977312115,-1.076913050019503,False,True,False
1.0916411262112828,0.927126852022114,0.004928971286750633,0.691057654896925,0.8069602067536076,1.2489378728831333,0.3238887226755874,True,False,False
0.25214912421522057,0.4710710786702469,-0.1126974077777775,0.012536124242622224,0.09614756481996468,-0.08985185215135631,-0.033458668318058035,False,False,True
0.33609832441482596,0.2683796238471946,1.0635663828675024,0.40927285131185476,-0.02942186088440139,0.21628777780533565,0.5025624181724103,False,False,True
1.4274379270097073,1.4338554890797446,1.0635663828675024,1.725624966254385,1.9931428174252077,2.0165715718790183,1.1207734045914173,True,False,False
0.4200475246144323,0.4710710786702469,0.12255535035127811,0.6798676446462543,0.9885874117902796,0.4264731953875424,0.43109293997368114,False,False,True
0.6718951252132513,0.8257811246105878,0.9459400038029744,0.8060095783810873,0.5356405547852454,0.9702137321762939,0.7884403309673266,False,False,True
0.1262253239158111,0.21770676014143156,0.7106872456739187,0.010501576924318466,0.05354365252741191,0.006102360223129135,0.002276070781306547,False,True,False
0.08425072381600793,0.11636103272990543,-0.23032378684230562,-0.051552116283946035,-0.2671068452533798,0.0015331120148202922,0.28815398357622324,False,False,True
-0.8391904783796612,-0.593059059150777,-0.8184556821649459,-0.8908028850842453,-1.033977266519329,-1.0768094651460656,-0.5337450157091617,False,False,True
-1.174987279178086,-1.2011334236199331,-0.9360820612294737,-1.1664840467144042,-1.1685159369168638,-1.095086457979301,-1.0983538934791217,False,True,False
1.4694125271095104,1.7885655350200849,1.0635663828675024,1.9870642966564176,1.54692289394005,1.285491858549604,1.6818088084514404,True,False,False
1.0076919260116766,0.8764539883163509,0.24018172941580623,0.7704050003107714,1.0872491034151388,0.38078071330445395,0.7098239049487249,False,False,True
-0.4614190774814332,-0.44104046803348773,-0.46557654497136186,-0.5856207873386818,-0.5877573430341714,-0.2863295251086365,-0.6409492330072554,True,False,False
1.133615726311086,1.2311640342566923,0.7106872456739187,1.2210572313150534,1.1724569280002444,1.171260653341883,1.1314938263212266,True,False,False
-1.9725046810743456,-1.9612263792063784,-1.75946671468117,-1.4899770703247015,-1.4263817218454726,-1.4606263146440082,-1.4914360235721316,False,True,False
-1.1330126790782828,-1.099787696208407,-0.9360820612294737,-1.1481731208496706,-1.1214274022777266,-1.1133634508125363,-1.1126477891188673,False,True,False
0.21017452411541743,0.3190524875529577,-0.1126974077777775,0.09798711161138005,0.033362851967781645,0.26198025988842405,0.18094976627812948,False,False,True
-1.174987279178086,-1.3024791510314588,-0.34795016590683375,-1.193950435511505,-1.159546692223695,-1.3052718755615074,-1.1055008412989944,False,True,False
-0.04167307648340156,0.06568816902414236,0.004928971286750633,-0.39132151844067337,-0.29625689050617904,-0.3685759928581955,-0.4908633287899241,False,True,False
-0.41944447738163004,-0.4917133317392508,-0.7008293031004178,-0.7636436776902605,-0.8232000162298576,-0.7706698351893734,-0.6766839721066199,False,True,False
0.4620221247142355,0.3190524875529577,0.8283136247384462,0.8029577574036315,0.8069602067536076,0.8194285413021026,0.6204870572003135,False,False,True
-1.2589364793776923,-1.403824878442985,-0.1126974077777775,-0.4757552321502792,-0.3971608933043301,-0.45539170881606345,-0.5158776461594793,True,False,False
-1.3009110794774956,-1.3024791510314588,-0.8184556821649459,-1.23464138187758,-1.251481450328677,-1.1270711954374628,-1.1769703194977235,False,False,True
-2.392250682072377,-2.2652635614409564,-1.877093093745698,-1.5571171318287254,-1.484681812351071,-1.6479654911846704,-1.5700524495907338,False,True,False
-0.04167307648340156,-0.13700328579890936,-0.1126974077777775,-0.40251152869134393,-0.278318401119841,-0.46909945344098997,-0.46227553751043265,False,True,False
1.133615726311086,0.977799715727877,1.4164455200610868,1.6269494213166527,0.5647906000380447,1.0615986963424708,2.6466467641342835,False,False,True
-1.1330126790782828,-0.998441968796881,-0.8184556821649459,-1.1481731208496706,-1.0855504235050508,-1.1727636775205512,-1.134088632578486,False,True,False
0.7138697253130545,0.4203982149644838,-0.23032378684230562,0.08476255404240574,0.1275399212460562,-0.08528260394304746,0.23097840101723988,True,False,False
1.6792855276085263,1.4338554890797446,1.8869510363191988,2.479424747685927,1.8518772135077957,2.3729729321271074,2.9682594160285647,False,True,False
0.7978189255126608,0.927126852022114,0.8283136247384462,0.5618639001846364,0.5782444670777982,0.5407044005952633,0.7384116962282166,True,False,False
0.33609832441482596,0.3190524875529577,-0.1126974077777775,-0.12784764072033683,-0.13481048602913695,-0.38685298569143084,0.05587817943035342,False,True,False
-0.4614190774814332,-0.5423861954450139,-0.46557654497136186,-0.8908028850842453,-0.8680462396957025,-0.8437778065223148,-0.8910924067028072,False,True,False
1.3854633269099041,1.1804911705509293,1.1811927619320306,1.3451646177315824,1.2643916861052262,1.9160481112962238,1.2887266783584304,True,False,False
0.4200475246144323,0.4710710786702469,1.0635663828675024,0.6615567187815202,0.8607756749126216,0.5681198898451163,0.39535820087431656,False,False,True
0.29412372431502376,0.36972535125872075,0.4754344875448625,0.13359168968169569,0.2665632139901755,0.33508823122136555,-0.1299424638863422,False,False,True
-0.8391904783796612,-0.7450776502680656,-1.0537084402940018,-1.035255744683812,-1.0765811788118818,-1.095086457979301,-0.8196229285040781,True,False,False
-1.552758680076314,-1.5051706058545111,-1.406587577487586,-1.2834705175168704,-1.2582083838485538,-1.1453481882706982,-1.3199092758951818,False,True,False
0.08425072381600793,0.06568816902414236,0.24018172941580623,-0.5174634521755062,-0.004756437978186625,-0.4188377231495927,-0.104928146516787,False,True,False
0.1262253239158111,-0.035657558387383215,0.24018172941580623,-0.14717584024422264,-0.24019911117387277,0.2437032670551887,-0.3550713202123389,False,True,False
-0.545368277681039,-0.5423861954450139,-0.7008293031004178,-0.8246800972393733,-0.7133267687385373,-0.9123165296469473,-0.7838881894047135,False,True,False
1.7632347278081326,1.5858740801970328,2.004577415383727,2.4539929062071293,2.2846432699532,3.0492216669568153,2.342901481789685,True,False,False
0.5459713249138418,0.7244353971990617,0.4754344875448625,0.8772187345217186,0.9325296324579736,0.837705534135338,0.6812361136692332,False,False,True
0.08425072381600793,0.2683796238471946,0.004928971286750633,0.08781437501986127,0.05802827487399641,0.44018094001246894,-0.14423635952608804,False,False,True
-1.804606280675133,-1.6571891969718002,-1.0537084402940018,-1.385197883432058,-1.3815354983796277,-1.341825861227978,-1.3699379106342924,False,False,True
1.6792855276085263,1.9405841261373742,1.4164455200610868,1.8436287107160028,1.5088036039940815,1.623616225964458,2.5394425468361894,True,False,False
0.4200475246144323,0.4203982149644838,0.12255535035127811,0.08374528038325374,0.47958277545293937,-0.007605384401797393,-0.16210372907577034,False,True,False
-0.37746987728182685,-0.2890218769161986,-0.46557654497136186,-0.45337521164893785,-0.4038878268242069,-0.3685759928581955,-0.3908060593117035,True,False,False
-1.552758680076314,-1.6065163332660373,-1.6418403356166418,-1.2376932028550356,-1.150577447530526,-1.2641486416867278,-1.3199092758951818,False,True,False
0.16819992401561426,0.11636103272990543,0.12255535035127811,-0.10750216753729926,0.06251289722058091,-0.24063704302554811,-0.24786710291424535,False,False,True
-0.545368277681039,-0.44104046803348773,-0.34795016590683375,-0.7402463835297673,-0.7671422368975513,-0.7889468280226087,-0.583773650448272,False,False,True
0.8817681257122671,0.927126852022114,1.0635663828675024,1.0806734663520943,0.9773758559238187,1.203245390800045,1.0314365568430057,False,False,True
0.29412372431502376,0.4710710786702469,1.1811927619320306,-0.23771319590873977,-0.34783004749190083,-0.4736687016492988,0.25241924447685865,True,False,False
-1.7206570804755268,-1.7078620606775634,-1.2889611984230578,-1.3445069370659828,-1.3232354078740292,-1.2230254078119485,-1.3627909628144195,False,False,True
-0.08364767658320472,-0.08633042209314629,0.4754344875448625,-0.02713754846430094,-0.4890956514093124,-0.2269292984006216,0.43109293997368114,False,False,True
-0.5873428777808423,-0.593059059150777,-0.46557654497136186,-0.7636436776902605,-0.7447191251646288,-0.697561863856432,-0.7302860807556666,True,False,False
-0.7552412781800548,-0.593059059150777,-0.7008293031004178,-0.9091138109489791,-0.9756771760137305,-0.7341158495229027,-0.8196229285040781,True,False,False
0.33609832441482596,0.36972535125872075,0.24018172941580623,-0.07088031580783162,0.013182051408151384,0.028948601264673347,-0.1478098334360245,False,False,True
0.04227612371620477,0.2683796238471946,0.35780810848033434,-0.2682314056832961,-0.3254069357589783,-0.19494456094245968,-0.24786710291424535,False,False,True
0.4200475246144323,0.4203982149644838,0.35780810848033434,0.2383708765743391,0.30692481510943603,0.22999552243026217,0.13806807935889195,False,False,True
0.7558443254128576,0.6737625334932986,0.35780810848033434,0.4937065650214604,0.34504410505540434,0.7097665843026904,0.5025624181724103,False,False,True
-1.3009110794774956,-1.3024791510314588,-1.17133481935853,-1.2468486657874027,-1.1707582480901564,-1.1544866846873159,-1.273454115066008,False,True,False
-0.08364767658320472,-0.13700328579890936,-0.34795016590683375,-0.559171672200733,-0.40837244917079135,-0.7752390833976822,-0.498010276609797,False,True,False
0.37807292451462915,0.3190524875529577,0.8283136247384462,0.2251463190053648,0.08942063130008793,0.4356116918041601,0.30959482703584157,False,False,True
0.5039967248140387,0.4710710786702469,0.5930608666093906,0.34009824248952697,-0.06978346200366191,0.6275201165531312,0.538297157271775,True,False,False
0.04227612371620477,0.06568816902414236,-0.5832029240358897,-0.4869452424009497,-0.5720611648211256,-0.20408305735907736,-0.42654079841106807,True,False,False
0.7978189255126608,0.7751082609048248,0.35780810848033434,0.4438601557230184,0.4549173525467246,0.4584579328457043,0.07374554898003571,False,False,True
0.4620221247142355,0.4710710786702469,0.7106872456739187,0.2017490248448717,0.2127477458311615,0.7143358325109992,-0.1406628856161516,False,False,True
-1.3009110794774956,-1.2011334236199331,-1.17133481935853,-1.1929331618523533,-1.2178467827292934,-1.0539632241045214,-1.1769703194977235,False,True,False
-0.2515460769824174,-0.39036760432772466,-0.34795016590683375,-0.718883636687578,-0.7873230374571816,-1.008270742021433,-0.5051572244296699,False,True,False
-1.1330126790782828,-1.2011334236199331,-1.17133481935853,-1.1563113101228857,-1.0922773570249276,-1.1590559328956247,-1.1626764238579776,False,True,False
0.9657173259118734,0.7244353971990617,0.12255535035127811,0.5771230050719146,0.6612099804896115,0.5407044005952633,0.7169708527685978,True,False,False
0.1262253239158111,0.015015305318379291,0.12255535035127811,0.32178731662479315,-0.35455698101177757,0.293964997346586,0.8241750700666912,False,False,True
0.04227612371620477,0.1670338964356685,-0.23032378684230562,-0.23160955395382848,-0.6684805452726924,-0.13554433423444473,0.1094802880794003,True,False,False
0.8397935256124639,0.8764539883163509,1.0635663828675024,1.1244162336956247,1.5693460056729724,1.0935834338006327,0.752705591867962,False,False,True
-1.2589364793776923,-1.3024791510314588,-1.406587577487586,-1.235658655536732,-1.1012466017180964,-1.2595793934784192,-1.3199092758951818,False,True,False
-0.4614190774814332,-0.23834901321043547,-0.1126974077777775,-0.49101433703755726,-0.37698009274469985,-0.555915169398858,-0.498010276609797,False,False,True
0.5459713249138418,0.6737625334932986,0.35780810848033434,0.05322707060869738,-0.020452616191232384,-0.062436362901503506,0.28815398357622324,False,False,True
-0.4614190774814332,-0.33969474062196164,-0.23032378684230562,-0.5113598102205948,-0.6550266782329388,-0.1538213270676801,-0.3193365811129743,False,False,True
1.0916411262112828,1.2311640342566923,1.1811927619320306,1.214953589360142,0.593940645290844,1.2535071210914421,2.3250341122400022,True,False,False
0.21017452411541743,0.11636103272990543,0.12255535035127811,-0.18786678661029757,-0.17741439832168973,-0.2954680215252542,0.08803944461978155,False,False,True
1.2175649265106925,1.1298183068451662,0.5930608666093906,1.1376407912645992,1.5715883168462645,0.9656444839679851,0.43109293997368114,False,False,True
-0.8811650784794643,-1.049114832502644,-1.17133481935853,-1.0230484607739894,-0.863561617349118,-1.090517209770992,-1.1269416847586131,False,True,False
-0.08364767658320472,-0.08633042209314629,-0.1126974077777775,-0.3964078867364326,-0.2469260446937495,-0.5422074247739315,-0.387232585401767,False,True,False
0.37807292451462915,0.4203982149644838,-0.1126974077777775,0.3848582834922097,0.8316256296598226,0.2117185295970268,0.07374554898003571,False,False,True
0.8817681257122671,1.02847257943364,1.0635663828675024,0.8222859569275174,0.676906158702657,1.5368005100065898,0.4775481008028551,True,False,False
0.25214912421522057,0.1670338964356685,0.24018172941580623,0.08577982770155751,0.4571596637200169,0.03351784947298219,-0.30861615938316495,False,False,True
-0.8391904783796612,-0.7450776502680656,-0.9360820612294737,-0.8592674016505372,-0.8299269497497344,-0.8117930690641529,-0.748153450305349,False,False,True
-0.9231396785792675,-1.099787696208407,-0.9360820612294737,-1.0077893558867113,-0.9241040190280088,-1.0265477348546683,-1.0340313631002653,False,False,True
-1.3009110794774956,-1.3024791510314588,-1.17133481935853,-1.2163304560128463,-1.2111198492094168,-1.1544866846873159,-1.2127050585970882,False,True,False
0.6718951252132513,0.7244353971990617,0.004928971286750633,0.3258564112614007,0.5064905095324461,0.49044267030386596,0.002276070781306547,True,False,False
-2.098428481373755,-2.113244970323667,-1.6418403356166418,-1.4950634386204609,-1.4510471447516875,-1.4469185700190816,-1.4985829713920047,False,True,False
-0.7132666780802517,-0.6944047865623025,-0.8184556821649459,-0.9498047573150543,-0.9532540642808081,-0.9168857778552562,-0.8732250371531249,True,False,False
1.6373109275087232,1.737892671314322,1.1811927619320306,2.5587720930997726,2.8474633744495543,2.71566654775027,2.078464412454387,False,False,True
-1.5107840799765113,-1.5051706058545111,-1.17133481935853,-1.269228686288744,-1.269419939715015,-1.2550101452701103,-1.166249897767914,True,False,False
-0.04167307648340156,-0.23834901321043547,-0.5832029240358897,-0.5083079892431394,-0.47115716202297436,-0.2269292984006216,-0.6909778677463658,False,True,False
-2.224352281673164,-2.113244970323667,-1.6418403356166418,-1.503201627893676,-1.4510471447516875,-1.4697648110606258,-1.4985829713920047,False,True,False
-0.4614190774814332,-0.4917133317392508,-0.8184556821649459,-0.5835862400203781,-0.4061301379974991,-0.37771448927481316,-0.7910351372245864,False,False,True
0.7978189255126608,1.02847257943364,0.8283136247384462,0.916892407228642,0.9459834994977272,0.5269966559703367,1.0743182437622432,False,False,True
-0.37746987728182685,-0.33969474062196164,0.12255535035127811,-0.10953671485560301,-0.6482997447130621,-0.4645302052326811,-0.498010276609797,False,False,True
0.587945925013645,0.6737625334932986,0.7106872456739187,0.8467005247471624,0.5356405547852454,0.4036269543459982,1.3244614174577949,True,False,False
0.9657173259118734,0.7751082609048248,1.0635663828675024,1.1976599371545602,1.403414978849346,1.5139542689650456,0.6133401093804406,True,False,False
0.6299205251134481,0.7751082609048248,0.12255535035127811,-0.11157126217390677,-0.027179549711109138,-0.20408305735907736,-0.00487087703856637,True,False,False
-2.098428481373755,-2.366609288852483,-1.17133481935853,-1.2193822769903018,-1.1864544263032017,-1.1316404436457717,-1.2091315846871518,False,True,False
-0.04167307648340156,-0.035657558387383215,0.004928971286750633,-0.02713754846430094,-0.3635262257049463,0.019810104848055662,0.1452150271787649,True,False,False
1.0076919260116766,1.1298183068451662,1.6516982781901424,1.4702892778072636,1.1455491939207372,1.6875857008807817,1.6746618606315675,True,False,False
0.6718951252132513,0.6737625334932986,0.35780810848033434,0.6717294553730393,0.9482258106710192,0.5909661308866605,0.25241924447685865,False,False,True
-1.5107840799765113,-1.555843469560274,-1.406587577487586,-1.3465414843842867,-1.3479008307802438,-1.2641486416867278,-1.3270562237150547,False,False,True
0.0003015236164016051,-0.08633042209314629,0.12255535035127811,-0.4503233906714821,-0.5047918296223581,-0.19951380915076852,-0.46227553751043265,False,True,False
-0.2515460769824174,-0.08633042209314629,0.35780810848033434,-0.3791142345308508,-0.5316995637018652,-0.4416839641911369,-0.24786710291424535,True,False,False
-0.37746987728182685,-0.39036760432772466,-0.46557654497136186,-0.6446226595694908,-0.6864190346590304,-0.45539170881606345,-0.6052144939078908,False,True,False
0.21017452411541743,0.1670338964356685,0.24018172941580623,0.0013461139919516694,0.226201612870915,-0.03959012185995929,-0.1656772029857068,False,False,True
-1.2169618792778891,-1.403824878442985,-1.406587577487586,-1.2621077706746808,-1.2290583385957548,-1.2687178898950366,-1.2127050585970882,False,True,False
-0.9651142786790707,-1.049114832502644,-0.9360820612294737,-1.1522422154862781,-1.1685159369168638,-1.0539632241045214,-1.1055008412989944,False,True,False
-0.9651142786790707,-1.099787696208407,-1.17133481935853,-1.0718775964132796,-1.0384618888659134,-1.0037014938131241,-1.0304578891903289,False,True,False
0.4620221247142355,0.11636103272990543,0.004928971286750633,-0.2641623110466886,-0.14377973072230596,-0.7204081048979762,-0.10135467260685055,False,True,False
0.25214912421522057,0.4710710786702469,0.7106872456739187,0.025760681811596763,-0.23122986648070376,0.0883488279726883,0.43109293997368114,False,True,False
1.0076919260116766,0.927126852022114,0.24018172941580623,0.6676603607364318,0.47958277545293937,1.4134308083822515,0.5025624181724103,True,False,False
0.5459713249138418,0.4710710786702469,0.12255535035127811,0.472343818179271,0.694844648088995,0.5818276344700428,0.07374554898003571,True,False,False
0.16819992401561426,0.36972535125872075,0.8283136247384462,0.04407160767633058,-0.06305652848378515,0.07464108334776177,0.39535820087431656,True,False,False
-0.6293174778806454,-0.4917133317392508,0.4754344875448625,-0.5367916516993919,-0.8366538832696111,-0.5147919355240784,-0.104928146516787,False,False,True
-0.8811650784794643,-0.998441968796881,-0.9360820612294737,-1.1074821744835954,-1.1012466017180964,-0.98085525277158,-1.1055008412989944,False,True,False
-1.7206570804755268,-1.7585349243833264,-1.406587577487586,-1.3882497044095137,-1.329962341393906,-1.3692413504778311,-1.391378754093911,False,True,False
1.0076919260116766,0.927126852022114,1.2988191409965588,1.1600208117659407,1.1477915050940297,1.559646751048134,0.9492466569144672,False,False,True
-0.2935206770822205,-0.08633042209314629,-0.1126974077777775,-0.42082245455607775,-0.2558952893869185,-0.47823794985760765,-0.5051572244296699,False,True,False
0.21017452411541743,0.1670338964356685,0.12255535035127811,0.12036713211272139,0.3226209933224818,-0.08985185215135631,-0.02631172049818512,False,True,False
0.5459713249138418,0.6230896697875355,0.7106872456739187,0.14071260529575896,-0.024937238537816885,0.0883488279726883,0.07374554898003571,True,False,False
0.29412372431502376,0.3190524875529577,-0.23032378684230562,-0.21838499638485395,-0.0518449726173239,-0.29089877331694536,-0.2836018420136097,False,True,False
0.4200475246144323,0.4203982149644838,-0.9360820612294737,0.20480084582232722,0.31589405980260504,0.3762114650961451,-0.033458668318058035,True,False,False
-1.804606280675133,-1.9612263792063784,-1.524213956552114,-1.4309751980938927,-1.3635970089932896,-1.401226087935993,-1.455701284472767,False,True,False
0.25214912421522057,0.3190524875529577,0.004928971286750633,0.030847050107356045,-0.0652988396570774,-0.08528260394304746,0.24169882274704926,True,False,False
-0.2095714768826142,-0.2890218769161986,-0.34795016590683375,-0.5164461785163543,-0.4106147603440836,-0.49651494269084306,-0.6159349156377002,False,False,True
0.6718951252132513,0.8257811246105878,0.12255535035127811,0.9545315326172614,0.701571581608872,1.3494613334659278,0.5025624181724103,False,False,True
-2.3502760819725736,-2.3159364251467194,-1.75946671468117,-1.561186226465333,-1.5071049240839935,-1.5291650377686405,-1.5700524495907338,False,False,True
-1.384860279677102,-1.3531520147372218,-0.7008293031004178,-1.2153131823536942,-1.1909390486497864,-1.1727636775205512,-1.1055008412989944,False,True,False
0.29412372431502376,0.2683796238471946,0.9459400038029744,0.11833258479441763,-0.002514126804894374,0.2117185295970268,0.07374554898003571,False,False,True
-0.2095714768826142,-0.33969474062196164,-0.46557654497136186,-0.5876553346569856,-0.6527843670596466,-0.5924691550653286,-0.498010276609797,False,True,False
-1.0070888787788734,-0.998441968796881,-0.46557654497136186,-1.060687586162609,-0.9981002877466529,-1.122501947229154,-1.0340313631002653,True,False,False
0.5039967248140387,0.52174394237601,0.7106872456739187,0.514052038204498,0.06251289722058091,1.3266150924243836,0.609766635470504,True,False,False
-0.41944447738163004,-0.4917133317392508,-0.34795016590683375,-0.7809373298958425,-0.8568346838292412,-0.9123165296469473,-0.7124187112059843,True,False,False
-1.2169618792778891,-1.2518062873256963,-1.0537084402940018,-1.1959849828298088,-1.2156044715560013,-1.0448247276879037,-1.1769703194977235,False,True,False
-1.6367078802759203,-1.6065163332660373,-1.524213956552114,-1.4045260829559436,-1.365839320166582,-1.3326873648113604,-1.3556440149945463,False,True,False
0.5039967248140387,0.4203982149644838,0.24018172941580623,0.33806369517122326,0.2015361899647005,0.9336597465098232,0.08089249679990863,False,False,True
1.0076919260116766,0.7751082609048248,0.35780810848033434,1.3390609757766714,1.0356759464294172,1.198676142591736,1.002848765563514,False,False,True
0.8817681257122671,0.927126852022114,0.35780810848033434,0.3543400737176531,0.028878229621197144,0.16602604751393862,0.8599098091660557,True,False,False
0.29412372431502376,0.3190524875529577,0.35780810848033434,-0.04036210603327525,0.0356051631410739,-0.025882377235032762,-0.033458668318058035,False,True,False
1.0496665261114797,1.2818368979624555,0.8283136247384462,0.933168785775072,1.1163991486679383,0.8742595198018087,0.7455586440480891,True,False,False
-0.41944447738163004,-0.39036760432772466,-0.34795016590683375,-0.3699587715984838,-0.060814217310492906,-0.40969922673297504,-0.6981248155662387,False,False,True
-0.2515460769824174,-0.1876761495046724,0.24018172941580623,0.04508888133548235,-0.14377973072230596,0.07464108334776177,0.21668450537749406,False,False,True
1.0496665261114797,1.1804911705509293,0.9459400038029744,1.6177939583842855,1.0603413693356316,1.4956772761318102,2.074890938544451,False,True,False
-0.41944447738163004,-0.44104046803348773,-0.5832029240358897,-0.6934517952087811,-0.6169073882869706,-0.5239304319406961,-0.7588738720351583,False,True,False
0.04227612371620477,0.015015305318379291,0.5930608666093906,-0.039344832374123485,-0.5406688083950342,-0.10812884498459167,0.002276070781306547,True,False,False
-1.0910380789784797,-1.403824878442985,-0.9360820612294737,-1.0830676066639504,-0.9689502424938538,-1.095086457979301,-1.1269416847586131,False,True,False
-0.2935206770822205,-0.23834901321043547,-0.34795016590683375,-0.5927417029527452,-0.6415728111931853,-0.48280719806591654,-0.5337450157091617,True,False,False
0.37807292451462915,0.572416806081773,-0.34795016590683375,0.03695069206226732,0.08045138660691892,-0.03959012185995929,0.002276070781306547,False,False,True
-0.08364767658320472,-0.33969474062196164,-0.7008293031004178,-0.4564270326263934,-0.269349156426672,-0.45539170881606345,-0.6409492330072554,True,False,False
-0.7552412781800548,-0.7450776502680656,-0.7008293031004178,-0.9111483582672829,-0.9196193966814242,-1.035686231271286,-0.748153450305349,False,True,False
-1.384860279677102,-1.454497742148748,-1.2889611984230578,-1.3048332643590597,-1.2918430514479375,-1.181902173937169,-1.3199092758951818,False,True,False
0.7978189255126608,0.7244353971990617,2.122203794448255,0.5343975113875356,0.19032463409823924,0.5863968826783517,0.8241750700666912,True,False,False
-0.2515460769824174,-0.2890218769161986,-0.46557654497136186,-0.5245843677895694,-0.42631093855712937,-0.47823794985760765,-0.6838309199264929,True,False,False
0.8397935256124639,0.8257811246105878,-0.46557654497136186,0.09290074331562054,0.42800961846721763,-0.007605384401797393,-0.047752563957803675,False,False,True
0.33609832441482596,0.4203982149644838,0.8283136247384462,0.8253377779049726,0.7621139832877626,0.5909661308866605,0.4882685225326645,True,False,False
0.587945925013645,0.52174394237601,0.35780810848033434,0.4052037566752472,0.3001978815895593,0.23913401884687985,0.6490748484798051,False,False,True
0.9657173259118734,1.7885655350200849,1.2988191409965588,1.6605194520686646,1.6231614738319866,1.372307574507472,1.6532210171719488,False,False,True
0.5459713249138418,0.6737625334932986,0.5930608666093906,0.5008274806355236,0.42128268494734084,0.577258386261734,0.49898894426247387,False,False,True
-1.5107840799765113,-1.555843469560274,-1.2889611984230578,-1.2824532438577183,-1.1460928251839415,-1.314410371978125,-1.3556440149945463,False,True,False
1.3854633269099041,1.2311640342566923,0.7106872456739187,1.4702892778072636,1.9460542827860703,1.532231261798281,0.9278058134548485,True,False,False
0.8397935256124639,0.8764539883163509,0.8283136247384462,0.9413069750482871,0.9863451006169877,1.2443686246748245,0.8241750700666912,False,False,True
0.4620221247142355,0.6230896697875355,0.24018172941580623,0.15495443652388527,0.3741941503082036,0.04265634588959988,0.03443733597073467,False,True,False
0.04227612371620477,0.11636103272990543,1.0635663828675024,-0.16040039781319695,-0.27607608994654875,-0.2269292984006216,-0.24786710291424535,False,True,False
1.6373109275087232,1.4338554890797446,0.9459400038029744,1.4021319426440877,1.2397262631990118,1.317476596007766,1.3959308956565242,True,False,False
0.0003015236164016051,0.1670338964356685,0.4754344875448625,0.0094843032651667,-0.027179549711109138,0.29853424555489483,0.03801080988067113,True,False,False
0.04227612371620477,0.06568816902414236,-0.46557654497136186,-0.25398957445516984,-0.11238737429621444,-0.15839057527598893,-0.7517269242152854,False,False,True
-1.76263168057533,-1.7585349243833264,-1.6418403356166418,-1.3872324307503618,-1.3568700754734129,-1.3555336058529046,-1.3770848584541653,False,True,False
0.587945925013645,0.7244353971990617,0.24018172941580623,0.5679675421395479,0.6163637570237664,0.43104244359585125,0.6455013745698687,True,False,False
0.08425072381600793,-0.08633042209314629,0.24018172941580623,0.7999059364261758,1.1545184386139062,0.8605517751768822,0.3417560922252697,True,False,False
-1.0490634788786766,-0.8970962413853548,-1.0537084402940018,-0.9823575144079144,-0.746961436337921,-1.1681944293122424,-1.0912069456592488,False,True,False
-3.147793483868833,-3.1267022444389276,-2.7004777471973944,-1.659861771403065,-1.5967973710156835,-1.6159807537265085,-1.6772566668888274,False,True,False
0.6718951252132513,0.927126852022114,1.0635663828675024,0.5852611943451297,0.4863097089728159,0.7097665843026904,0.6812361136692332,True,False,False
-1.8885554808747393,-1.809207788089089,-1.524213956552114,-1.4319924717530443,-1.3837778095529198,-1.3783798468944488,-1.4664217062025764,False,True,False
-0.16759687678281104,-0.035657558387383215,0.9459400038029744,-0.4574443062855454,-0.5451534307416187,-0.5239304319406961,-0.42654079841106807,True,False,False
0.6299205251134481,0.6230896697875355,0.5930608666093906,0.464205628906056,0.6432714911032735,0.5498428970118809,0.25241924447685865,False,False,True
0.6299205251134481,0.6737625334932986,0.24018172941580623,0.6086584885056225,0.9616796777107727,0.13861055826408558,0.46682767907304573,True,False,False
-0.16759687678281104,-0.23834901321043547,-0.1126974077777775,-0.43201246480674826,-0.49133796258260465,-0.5787614104404022,-0.2836018420136097,True,False,False
-0.2095714768826142,-0.1876761495046724,-0.23032378684230562,-0.24788593250025853,-0.3837070262645766,-0.11726734140120937,-0.42654079841106807,False,False,True
-0.04167307648340156,-0.1876761495046724,0.004928971286750633,-0.20007407052012013,-0.5339418748751574,-0.3365912554000338,0.1452150271787649,False,True,False
-1.2589364793776923,-1.3531520147372218,-1.2889611984230578,-1.2427795711507952,-1.1281543357976036,-1.1956099185620954,-1.2806010628858808,False,True,False
-1.76263168057533,-1.7078620606775634,-1.6418403356166418,-1.4116469985700069,-1.3725662536864587,-1.3646721022695223,-1.4271134931932754,False,True,False
0.7138697253130545,0.7244353971990617,0.4754344875448625,0.8202514096092134,1.0648259916822163,0.5224274077620279,0.538297157271775,True,False,False
-0.2095714768826142,-0.1876761495046724,-0.23032378684230562,-0.3974251603955846,-0.4935802737558969,-0.15839057527598893,-0.3193365811129743,True,False,False
-1.1330126790782828,-0.9477691050911179,-1.17133481935853,-1.060687586162609,-0.9577386866273925,-1.1956099185620954,-1.06976610219963,False,True,False
-0.3354952771820237,-0.1876761495046724,-0.9360820612294737,-0.5581543985415812,-0.6236343218068473,-0.5970384032736374,-0.3908060593117035,True,False,False
0.16819992401561426,0.11636103272990543,0.8283136247384462,-0.15633130317658944,-0.46891485084968215,-0.030451625443341606,0.25241924447685865,True,False,False
0.5039967248140387,0.4710710786702469,0.7106872456739187,0.33297732687546394,0.2912286368963903,0.75088981817747,0.32031524876565093,True,False,False
0.8397935256124639,0.6230896697875355,0.12255535035127811,0.3116145800332744,0.5132174430523229,0.1751645439305563,0.18094976627812948,True,False,False
0.4200475246144323,0.4203982149644838,-0.46557654497136186,0.25973362341652867,0.3876480173479571,-0.10812884498459167,0.25241924447685865,True,False,False
-0.545368277681039,-0.593059059150777,-0.9360820612294737,-0.7321081942565525,-0.48685334023602017,-0.948870515313418,-0.833916824143824,False,True,False
0.6718951252132513,0.8257811246105878,0.35780810848033434,0.6554530768266092,0.638786868756689,0.6366586129697489,0.39535820087431656,False,False,True
-0.2095714768826142,-0.44104046803348773,-0.34795016590683375,-0.6161389971132383,-0.5899996542074636,-0.7112696084813586,-0.5373184896190981,False,True,False
0.8817681257122671,0.977799715727877,0.9459400038029744,0.8975642077047562,1.0850067922418467,1.0433217035092355,0.538297157271775,False,True,False
0.587945925013645,0.6230896697875355,0.5930608666093906,0.5638984475029404,0.5872137117709672,0.4721656774706308,0.6776626397592967,False,False,True
1.0496665261114797,0.977799715727877,0.5930608666093906,0.6696949080547353,0.5289136212653687,0.8514132787602645,0.7812933831474537,True,False,False
1.5113871272093136,1.4338554890797446,0.7106872456739187,0.7897331998346573,1.2509378190654727,0.5041504149287924,0.43823988779355405,True,False,False
0.25214912421522057,0.21770676014143156,0.004928971286750633,-0.15531402951743767,-0.036148794404278144,0.024379353056364506,-0.27288142028380036,True,False,False
0.5459713249138418,0.6230896697875355,0.24018172941580623,0.06136525988191241,0.235170857564084,-0.1538213270676801,0.0665986011601628,False,False,True
0.6299205251134481,0.8764539883163509,0.8283136247384462,0.9555488062764131,1.1612453721337832,0.9427982429264409,0.6347809528400593,False,False,True
0.4620221247142355,0.4203982149644838,1.2988191409965588,-0.00882662259956712,0.19256694527153148,-0.07157485931812119,-0.104928146516787,True,False,False
0.29412372431502376,0.21770676014143156,0.24018172941580623,0.08883164867901325,0.4145557514274641,-0.18123681631753316,-0.1406628856161516,True,False,False
-0.9231396785792675,-0.9477691050911179,-0.34795016590683375,-0.9009756216757641,-1.3120238520075678,-0.8300700618973883,-0.8196229285040781,False,False,True
0.16819992401561426,0.4203982149644838,0.4754344875448625,0.0623825335410644,-0.30522613519934805,-0.24063704302554811,0.8956445482654204,False,False,True
0.37807292451462915,0.11636103272990543,0.35780810848033434,0.36044371567256456,0.07372445308704217,0.11119506901423251,0.7169708527685978,False,False,True
-2.0564538812739515,-2.0118992429121416,-1.2889611984230578,-1.4737006917782713,-1.4420779000585184,-1.3829490951027577,-1.4985829713920047,False,True,False
0.33609832441482596,0.6230896697875355,1.2988191409965588,0.6330730563252677,0.1185706765528872,0.7051973360943815,0.7884403309673266,False,False,True
-0.5873428777808423,-0.7957505139738287,-0.9360820612294737,-0.9335283787686243,-0.01148337149806338,-0.9443012671051092,-0.9268271458021718,False,True,False
-1.6367078802759203,-1.5051706058545111,-1.406587577487586,-1.3038159906999078,-1.2739045620615996,-1.3007026273531985,-1.2484397976964527,False,True,False
-0.2095714768826142,-0.23834901321043547,-0.46557654497136186,-0.551033482927518,-0.34558773631860856,-0.7112696084813586,-0.748153450305349,False,True,False
0.1262253239158111,0.1670338964356685,-0.23032378684230562,-0.2244886383397652,-0.29177226815959456,-0.10812884498459167,-0.104928146516787,False,True,False
-2.2663268817729674,-2.1639178340294305,-1.9947194728102262,-1.542875300600599,-1.4891664346976554,-1.4971803003104787,-1.5629055017708608,False,True,False
-1.5947332801761172,-1.6065163332660373,-1.524213956552114,-1.319075095587186,-1.3008122961411066,-1.2504408970618015,-1.3199092758951818,False,True,False
-1.2589364793776923,-1.2011334236199331,-0.9360820612294737,-1.2448141184690988,-1.2021506045162478,-1.3052718755615074,-1.1769703194977235,False,True,False
0.16819992401561426,-0.33969474062196164,-0.46557654497136186,-0.5856207873386818,-0.5518803642614954,-0.5970384032736374,-0.4801429070601149,False,True,False
-0.545368277681039,-0.593059059150777,-0.5832029240358897,-0.7544882147578936,-0.7088421463919528,-0.6335923889401082,-0.8803719849729977,True,False,False
0.7558443254128576,0.7244353971990617,0.8283136247384462,0.584243920685978,0.3831633950013726,1.2672148657163687,0.43109293997368114,False,False,True
-0.2095714768826142,-0.13700328579890936,0.004928971286750633,-0.425908822851837,-0.30522613519934805,-0.5513459211905491,-0.3193365811129743,False,True,False
0.5039967248140387,0.4710710786702469,0.24018172941580623,0.1529198892055815,0.21947467935103826,0.4493194364290866,-0.044179090047867214,False,False,True
0.7138697253130545,0.7244353971990617,0.24018172941580623,0.7510768007868857,0.8944103425120056,0.5909661308866605,0.28815398357622324,False,False,True
0.7138697253130545,0.52174394237601,0.4754344875448625,0.3441673371261345,0.5984252676374284,0.14774905468070326,0.25241924447685865,False,False,True
0.7138697253130545,0.927126852022114,0.9459400038029744,1.2352990625431794,0.7082985151287485,1.7606936722137232,0.6776626397592967,True,False,False
-1.6367078802759203,-1.555843469560274,-1.0537084402940018,-1.3089023589956672,-1.2873584291013531,-1.2413024006451838,-1.2841745367958173,False,False,True
-0.8391904783796612,-0.9477691050911179,-0.34795016590683375,-0.9732020514755475,-1.1079735352379732,-1.1362096918540805,-0.7838881894047135,False,False,True
0.9657173259118734,0.8257811246105878,0.004928971286750633,0.738869516877063,0.37643646148149584,0.5224274077620279,0.9671140264641496,False,False,True
1.0076919260116766,0.927126852022114,0.7106872456739187,0.7195413173531777,0.5378828659585376,0.8514132787602645,0.8241750700666912,True,False,False
0.7978189255126608,1.3325097616682184,0.5930608666093906,0.6269694143703566,0.6230906905436432,0.5726891380534251,0.838468965706437,True,False,False
-0.6293174778806454,-0.593059059150777,0.12255535035127811,-0.5866380609978339,-0.8254423274031498,-0.528499680149005,-0.46227553751043265,True,False,False
-1.5947332801761172,-1.555843469560274,-1.2889611984230578,-1.327213284860401,-1.2985699849678143,-1.2824256345199632,-1.3199092758951818,False,True,False
1.0916411262112828,1.1804911705509293,0.4754344875448625,1.2800591035458622,1.4594727581816525,1.1895376461751184,1.181522461060337,False,False,True
-1.0490634788786766,-0.9477691050911179,-1.2889611984230578,-1.1461385735313665,-1.096761979371512,-1.1179326990208451,-1.166249897767914,False,True,False
0.7138697253130545,0.6230896697875355,0.4754344875448625,0.38892737812881717,0.3966172620411261,0.49044267030386596,0.3917847269643801,False,False,True
0.1262253239158111,0.2683796238471946,0.9459400038029744,0.3360291478529195,0.10287449833984143,0.4127654507626159,0.609766635470504,False,False,True
1.0496665261114797,0.927126852022114,0.35780810848033434,0.7551458954234931,0.9168334542449277,1.2123838872166626,0.38821125305444365,False,False,True
-0.16759687678281104,-0.08633042209314629,-0.1126974077777775,-0.21940227004400592,0.07372445308704217,-0.29089877331694536,-0.4408346940508139,False,False,True
0.7138697253130545,0.6737625334932986,0.24018172941580623,0.6330730563252677,1.1634876833070753,0.5132889113454101,0.03801080988067113,False,False,True
0.5459713249138418,0.6737625334932986,0.4754344875448625,0.23328450827857983,0.09390525364667243,0.028948601264673347,0.21668450537749406,False,False,True
0.21017452411541743,0.015015305318379291,-0.23032378684230562,0.08069345940579822,0.3809210838280803,0.2802572527216594,-0.19069152035526202,False,False,True
-0.08364767658320472,-0.13700328579890936,-0.34795016590683375,-0.3404578354830794,-0.18189902066827424,-0.3731452410665043,-0.498010276609797,False,True,False
-0.04167307648340156,-0.035657558387383215,0.12255535035127811,-0.003740254303807838,-0.03166417205769364,-0.11269809319290051,-0.24786710291424535,True,False,False
0.5039967248140387,0.06568816902414236,0.35780810848033434,-0.2692486793424479,-0.2715914675999643,-0.31831426256679846,-0.3193365811129743,True,False,False
0.587945925013645,0.8257811246105878,1.0635663828675024,0.7205585910123294,0.5446097994784145,0.18887228855548283,0.8670567569859287,False,False,True
0.6299205251134481,0.52174394237601,0.7106872456739187,0.7114031280799626,0.42800961846721763,1.427138553007178,0.6383544267499958,False,False,True
0.6299205251134481,0.52174394237601,0.35780810848033434,0.26176817073483244,0.3809210838280803,0.07464108334776177,0.39535820087431656,False,False,True
-2.392250682072377,-2.3159364251467194,-1.9947194728102262,-1.577462605011763,-1.511589546430578,-1.5337342859769494,-1.5843463452304796,False,True,False
-0.08364767658320472,-0.1876761495046724,-0.23032378684230562,-0.5194979994938098,-0.7312652581248753,-0.4645302052326811,-0.39437953322163993,True,False,False
0.33609832441482596,0.36972535125872075,0.004928971286750633,0.010501576924318466,0.20377850113799273,-0.185806064525842,-0.10850162042672347,False,False,True
0.33609832441482596,0.36972535125872075,0.35780810848033434,-0.009843896258719112,-0.08772195138999968,0.22542627422195333,0.05587817943035342,True,False,False
-0.16759687678281104,-0.1876761495046724,0.4754344875448625,-0.3801315081900026,-0.5070341407956505,0.19801078497210053,-0.544465437438971,True,False,False
-2.182377681573361,-2.0625721066179046,-1.6418403356166418,-1.475735239096575,-1.4420779000585184,-1.2778563863116543,-1.46284823229264,False,True,False
-0.7552412781800548,-0.7957505139738287,-1.0537084402940018,-0.8908028850842453,-0.6348458776733086,-0.9671475081466534,-1.0804865239294394,False,True,False
1.6373109275087232,1.5858740801970328,0.7106872456739187,1.5913448432463368,1.6254037850052785,1.3220458442160747,1.8211742909389623,True,False,False
-1.4688094798767082,-1.555843469560274,-1.406587577487586,-1.3007641697224521,-1.2582083838485538,-1.3007026273531985,-1.2627336933361986,False,False,True
0.9657173259118734,1.02847257943364,0.7106872456739187,1.1000016658759797,0.9258026989380966,1.1529836605086476,1.2101102523398284,False,False,True
1.0916411262112828,0.7751082609048248,1.2988191409965588,1.6055866744744633,1.1971223509064588,1.6190469777561491,1.7532782866501695,False,False,True
0.6299205251134481,0.6737625334932986,-0.1126974077777775,1.2403854308389388,1.0222220793896637,0.09291807618099715,0.5561645268214572,True,False,False
0.0003015236164016051,-0.08633042209314629,0.004928971286750633,-0.27535232129735915,-0.538426497221742,-0.19037531273415084,0.09518639243965446,False,True,False
1.8052093279079358,1.2818368979624555,1.0635663828675024,1.6666230940235758,1.674734630817708,2.4643578962932846,0.6812361136692332,False,False,True
0.08425072381600793,0.1670338964356685,0.35780810848033434,-0.11055398851475501,-0.26262222290679527,-0.22236005019231275,0.07374554898003571,True,False,False
0.8397935256124639,0.8257811246105878,0.5930608666093906,0.7175067700348737,0.701571581608872,0.5178581595537189,1.0743182437622432,False,False,True
-0.4614190774814332,-0.593059059150777,-0.9360820612294737,-0.718883636687578,-0.7716268592441358,-0.8437778065223148,-0.46227553751043265,False,False,True
-1.804606280675133,-1.8598806517948523,-1.524213956552114,-1.4269061034572852,-1.4129278548057191,-1.346395109436287,-1.398525701913784,False,False,True
-0.6293174778806454,-0.5423861954450139,-0.5832029240358897,-0.7158318157101223,-0.6639959229261079,-0.697561863856432,-0.6409492330072554,False,False,True
-0.545368277681039,-0.4917133317392508,0.004928971286750633,-0.7809373298958425,-0.8949539737752095,-0.8574855511472413,-0.5694797548085262,False,True,False
0.6718951252132513,0.8257811246105878,0.24018172941580623,0.6178139514379898,0.7441754939014246,0.7645975628023965,0.39535820087431656,True,False,False
0.7138697253130545,0.7751082609048248,0.5930608666093906,0.530328416750928,0.14772072180568646,0.5726891380534251,0.6455013745698687,True,False,False
1.4274379270097073,1.5352012164912707,1.8869510363191988,2.040979800591467,2.17477002246188,2.2039107484196805,1.5388698520539825,True,False,False
-0.2095714768826142,-0.33969474062196164,0.12255535035127811,-0.425908822851837,-0.38819164861116107,-0.13554433423444473,-0.6516696547370647,False,False,True
0.6718951252132513,0.7751082609048248,0.5930608666093906,0.36553008396832387,0.33383254918894306,0.2574110116801152,0.43109293997368114,True,False,False
-0.9231396785792675,-0.998441968796881,-0.9360820612294737,-1.119689458393418,-1.105731224064681,-1.1362096918540805,-1.016163993550583,False,True,False
-2.3083014818727707,-2.3159364251467194,-1.75946671468117,-1.5265989220541691,-1.4622587006181484,-1.4834725556855524,-1.5593320278609244,False,True,False
0.7978189255126608,0.572416806081773,1.0635663828675024,0.9016333023413637,0.9796181670971107,1.1484144123003388,0.5740318963711395,False,False,True
-0.545368277681039,-0.64373192285654,-0.8184556821649459,-0.8460428440815627,-0.7783537927640125,-0.8574855511472413,-0.9268271458021718,False,True,False
-1.6786824803757237,-1.6571891969718002,-1.524213956552114,-1.38621515709121,-1.3456585196069517,-1.3509643576445958,-1.391378754093911,False,True,False
-0.08364767658320472,0.2683796238471946,0.12255535035127811,0.10307347990713933,-0.3074684463726403,0.22999552243026217,0.1094802880794003,False,False,True
0.587945925013645,0.6230896697875355,0.12255535035127811,0.3258564112614007,0.19256694527153148,-0.27719102869201884,0.7169708527685978,False,False,True
0.29412372431502376,0.4710710786702469,0.12255535035127811,0.2912691068502368,0.8361102520064071,-0.17666756810922432,-0.033458668318058035,False,True,False
-0.04167307648340156,-0.035657558387383215,0.004928971286750633,-0.2834905105705742,-0.37922240391799206,-0.40056073031635736,-0.17639762471551618,True,False,False
-1.0490634788786766,-0.998441968796881,-0.9360820612294737,-1.4319924717530443,-1.141608202837357,-1.0037014938131241,-1.1055008412989944,False,True,False
-1.384860279677102,-1.403824878442985,-0.9360820612294737,-1.2488832131057064,-1.220089093902586,-1.2001791667704043,-1.2019846368672786,False,False,True
-1.0490634788786766,-1.2011334236199331,-0.9360820612294737,-1.1654667730552524,-1.150577447530526,-1.1133634508125363,-1.1305151586685496,False,True,False
-1.384860279677102,-1.454497742148748,-1.17133481935853,-1.2722805072661996,-1.1864544263032017,-1.314410371978125,-1.2948949585256266,False,True,False
1.3854633269099041,1.3831826253739816,1.5340718991256144,2.242399985103539,1.9056926816668096,2.2678802233360043,1.8461886083085175,True,False,False
-0.6293174778806454,-0.5423861954450139,-0.46557654497136186,-0.852146486036474,-1.1034889128913887,-1.0448247276879037,-0.5694797548085262,False,True,False
1.0076919260116766,0.7244353971990617,0.7106872456739187,0.6178139514379898,0.7509024274213015,0.6686433504279108,0.46682767907304573,True,False,False
-1.174987279178086,-1.099787696208407,-1.0537084402940018,-1.075946691049887,-0.93531557489447,-1.090517209770992,-1.1876907412275328,False,True,False
0.587945925013645,0.572416806081773,0.24018172941580623,0.49981020697637185,0.5849714005976749,0.35793447226290975,0.33818261831533325,True,False,False
0.9237427258120703,0.927126852022114,0.5930608666093906,0.8995987550230597,1.3137225319176558,0.293964997346586,0.8956445482654204,False,False,True
-2.3083014818727707,-2.2652635614409564,-1.75946671468117,-1.5459271215780548,-1.4958933682175322,-1.4834725556855524,-1.5521850800410515,False,True,False
-0.2935206770822205,-0.2890218769161986,0.35780810848033434,-0.5144116311980506,-0.5429111195683264,-0.5056534391074607,-0.42654079841106807,True,False,False
1.2595395266104956,1.3325097616682184,0.8283136247384462,1.4723238251255673,1.3630533777300853,0.8879672644267352,1.9462458777867384,False,False,True
-2.2663268817729674,-2.2145906977351935,-1.6418403356166418,-1.5245643747358653,-1.4914087458709477,-1.5063187967270963,-1.4914360235721316,False,True,False
-3.2317426840684393,-3.076029380733165,-2.465224989068338,-1.660879045062217,-1.5945550598423912,-1.6205500019348174,-1.6772566668888274,False,True,False
0.4620221247142355,0.4203982149644838,0.004928971286750633,0.37061645226408313,0.08717832012679567,0.32138048659643903,0.8599098091660557,False,False,True
0.21017452411541743,0.1670338964356685,0.004928971286750633,0.24650906584755414,0.5782444670777982,0.12490281363915905,-0.15138330734596098,True,False,False
-0.16759687678281104,-0.1876761495046724,-0.23032378684230562,-0.3190950886408898,-0.19759519888132,-0.36400674464988686,-0.4372612201408774,True,False,False
-0.7972158782798581,-0.8970962413853548,-0.7008293031004178,-0.9426838417009912,-0.8658039285224103,-0.7204081048979762,-0.9625618849015364,False,True,False
-0.2935206770822205,-0.13700328579890936,-0.1126974077777775,-0.5622234931781888,-0.6617536117528157,-0.8072238208558441,-0.17639762471551618,False,False,True
1.6792855276085263,1.4338554890797446,1.4164455200610868,1.38178646946105,2.300339448166246,2.24503398229446,1.9212315604171828,False,False,True
-0.4614190774814332,-0.4917133317392508,-0.23032378684230562,-0.7300736469382487,-0.8007769044969351,-0.610746147898564,-0.6409492330072554,True,False,False
0.4200475246144323,0.4203982149644838,0.35780810848033434,0.11222894283950635,-0.00027181563160212283,0.27568800451335057,0.1273476576290826,False,False,True
-1.174987279178086,-1.099787696208407,-0.5832029240358897,-0.9915129773402812,-0.8792577955621638,-0.8757625439804766,-0.9804292544512188,False,False,True
-1.174987279178086,-1.454497742148748,-1.406587577487586,-1.1797086042833786,-1.060885000598836,-1.314410371978125,-1.2127050585970882,False,True,False
0.7558443254128576,0.7751082609048248,0.4754344875448625,0.664608539758976,0.6275753128902275,0.6275201165531312,0.538297157271775,True,False,False
0.33609832441482596,0.3190524875529577,-0.34795016590683375,-0.05867303189800907,-0.004756437978186625,0.01524085663974682,-0.17639762471551618,False,False,True
0.1262253239158111,0.1670338964356685,-0.23032378684230562,-0.031206643100908454,0.031120540794489393,-0.4051299785246662,0.045157757700544046,False,True,False
-1.3009110794774956,-1.3531520147372218,0.004928971286750633,-1.2397277501733395,-1.1819698039566173,-1.236733152436875,-1.273454115066008,False,True,False
-0.5033936775812359,-0.33969474062196164,-0.1126974077777775,-0.4696515901953679,-0.6191496994602629,-0.4736687016492988,-0.06919340741742243,True,False,False
-0.3354952771820237,-0.33969474062196164,-0.7008293031004178,-0.7463500254846787,-0.7133267687385373,-0.8300700618973883,-0.6480961808271283,False,True,False
-1.3009110794774956,-1.3024791510314588,-1.17133481935853,-1.168518594032708,-1.0541580670789592,-1.063101720521139,-1.2520132716063892,False,True,False
-0.12562227668300788,-0.035657558387383215,-0.23032378684230562,-0.47168613751367167,-0.242441422347165,-0.5970384032736374,-0.6516696547370647,False,True,False
0.587945925013645,0.4203982149644838,0.24018172941580623,0.5761057314127629,1.0132528346964946,0.3625037204712186,0.07374554898003571,True,False,False
-1.3428856795772988,-1.1504605599141702,-1.406587577487586,-1.1705531413510117,-1.1819698039566173,-1.2595793934784192,-0.9982966240009008,False,False,True
0.4200475246144323,0.572416806081773,1.2988191409965588,0.3370464215120715,0.25310934695042203,0.604673875511587,1.646074069352076,True,False,False
0.6718951252132513,0.977799715727877,0.9459400038029744,1.2271608732699644,1.6500692079114936,0.7600283145940877,1.3673431043770325,True,False,False
1.0916411262112828,1.2311640342566923,0.8283136247384462,0.8802705554991743,0.5625482888647524,0.7554590663857789,1.2529919392590658,False,False,True
-1.6786824803757237,-1.6065163332660373,-1.524213956552114,-1.3679042312264762,-1.2806314955814764,-1.37381059868614,-1.3878052801839746,False,True,False
0.7978189255126608,0.6737625334932986,0.4754344875448625,1.0043779419157033,1.4617150693549443,0.47673492567893966,0.6276340050201864,True,False,False
0.08425072381600793,-0.035657558387383215,-0.34795016590683375,0.19564538288996042,-0.45097636146334413,-0.35029900002496034,0.752705591867962,True,False,False
0.8397935256124639,0.8257811246105878,0.5930608666093906,0.6025548465507116,0.5221866877454919,0.5087196631371013,0.5633114746413301,True,False,False
0.16819992401561426,-0.08633042209314629,-0.23032378684230562,-0.29468052082124474,-0.14377973072230596,-0.3228835107751073,-0.42654079841106807,False,True,False
1.0076919260116766,0.927126852022114,1.1811927619320306,0.8100786730176948,0.7329639380349635,0.8879672644267352,1.110052982861608,False,False,True
-0.7132666780802517,-0.8464233776795917,-1.406587577487586,-0.8501119387181703,-0.9711925536671461,-0.724977353106285,-0.7838881894047135,False,False,True
0.7558443254128576,0.7244353971990617,0.4754344875448625,0.8578905349978327,1.0065259011766177,0.718905080719308,0.6455013745698687,True,False,False
1.0916411262112828,0.4710710786702469,0.7106872456739187,0.9036678496596672,0.9975566564834487,1.116429674842177,0.6669422180294874,True,False,False
-1.174987279178086,-1.2518062873256963,-1.17133481935853,-1.18581224623829,-1.1976659821696634,-1.0493939758962125,-1.2127050585970882,False,True,False
0.7558443254128576,0.6737625334932986,0.8283136247384462,0.7999059364261758,1.0894914145884311,0.7326128253442346,0.5097093659922832,False,False,True
-1.4688094798767082,-1.6065163332660373,-1.6418403356166418,-1.3638351365898687,-1.2963276737945222,-1.346395109436287,-1.3842318062740382,False,True,False
0.16819992401561426,-0.035657558387383215,-0.1126974077777775,-0.48084160044603846,-0.4061301379974991,-0.5696229140237845,-0.3908060593117035,False,True,False
-3.0638442836692263,-3.025356517027402,-2.7004777471973944,-1.6507063084706983,-1.58334350397593,-1.6068422573098908,-1.6701097190689544,False,True,False
0.5039967248140387,0.6230896697875355,0.7106872456739187,0.3136491273515781,0.0400897854876584,0.5361351523869544,0.538297157271775,False,True,False
-0.545368277681039,0.1670338964356685,0.35780810848033434,-0.17260768172301952,-0.269349156426672,-0.2634832840670923,0.002276070781306547,True,False,False
-1.7206570804755268,-2.0625721066179046,-1.406587577487586,-1.3221269165646414,-1.2223314050758778,-1.341825861227978,-1.359217488904483,False,True,False
0.37807292451462915,0.4710710786702469,0.24018172941580623,0.5618639001846364,0.8047178955803156,0.6777818468445285,0.21668450537749406,True,False,False
0.8397935256124639,0.7244353971990617,0.12255535035127811,0.5171038591819537,0.4661289084131859,0.5818276344700428,0.62406053111025,False,False,True
-0.6293174778806454,-0.8464233776795917,-0.1126974077777775,-0.7992482557605763,-0.8075038380168118,-0.5878999068570198,-0.9268271458021718,True,False,False
0.7138697253130545,0.7244353971990617,1.1811927619320306,0.9453760696848946,0.721752382168502,1.2946303549662217,0.8956445482654204,True,False,False
0.4200475246144323,0.36972535125872075,0.7106872456739187,0.38994465178796894,0.845079496699576,0.33508823122136555,-0.08348730305716826,False,False,True
1.59533632740892,1.2818368979624555,1.1811927619320306,1.7185040506403215,2.3698510945383053,1.2078146390083537,1.2887266783584304,False,False,True
0.37807292451462915,0.572416806081773,0.9459400038029744,0.9443587960257424,-0.09669119608316867,0.38078071330445395,1.4316656347558887,True,False,False
1.2175649265106925,1.3831826253739816,1.4164455200610868,1.773436828234523,2.1187122431295733,1.765262920422032,1.2172572001597013,False,False,True
0.4620221247142355,0.52174394237601,0.24018172941580623,0.4438601557230184,0.7172677598219175,0.11576431722254135,0.46682767907304573,False,False,True
0.8397935256124639,0.977799715727877,0.8283136247384462,0.6493494348716977,0.8383525631796991,0.6869203432611461,0.4632542051631093,True,False,False
-0.8811650784794643,-0.8464233776795917,-0.34795016590683375,-0.8938547060617009,-0.9106501519882553,-0.7158388566896674,-0.8910924067028072,False,True,False
0.8397935256124639,0.927126852022114,0.5930608666093906,0.9301169647976163,0.9527104330176036,1.1209989230504858,0.538297157271775,True,False,False
1.4694125271095104,1.2818368979624555,0.4754344875448625,1.8202314165555096,1.2083339067729204,0.7554590663857789,2.14636041674318,False,False,True
0.7138697253130545,0.7244353971990617,0.5930608666093906,0.840596882792251,1.2285147073325504,0.6960588396777638,0.46682767907304573,False,False,True
1.0916411262112828,1.3831826253739816,0.5930608666093906,1.6106730427702227,1.3226917766108248,1.0798756891757062,1.9533928256066113,True,False,False
-0.37746987728182685,-0.5423861954450139,-0.5832029240358897,-0.5133943575388986,-0.4958225849291891,-0.6838541192315055,-0.3979530071315764,False,True,False
1.7212601277083295,1.889911262431611,2.122203794448255,4.058233466689641,3.5246413487838137,2.1764952591698274,4.6978207884378085,False,False,True
-0.2935206770822205,-0.5423861954450139,0.35780810848033434,0.3055109380783631,0.46837121958647815,0.18887228855548283,0.07731902288997217,False,False,True
0.6718951252132513,0.8257811246105878,0.004928971286750633,0.29432092782769254,0.26207859164359104,0.22999552243026217,0.538297157271775,False,False,True
1.0076919260116766,1.0791454431394032,2.3574565525773106,1.4458747099876186,0.4952789536659849,1.7195704383389436,2.1106256776438155,False,False,True
-0.5033936775812359,-0.1876761495046724,-0.7008293031004178,-0.3974251603955846,-0.8030192156702273,-0.2177908019840039,-0.104928146516787,True,False,False
0.25214912421522057,0.21770676014143156,0.35780810848033434,-0.18583223929199383,-0.2110490659210735,-0.34116050360834266,0.28815398357622324,False,True,False
0.5459713249138418,0.4203982149644838,0.35780810848033434,0.08781437501986127,0.03784747431436615,0.29853424555489483,0.002276070781306547,False,False,True
1.0496665261114797,1.1298183068451662,0.7106872456739187,1.087794381966157,1.1433068827474453,0.9839214768012204,0.8599098091660557,False,False,True
1.9311331282073452,1.737892671314322,1.5340718991256144,2.3919392129988646,2.103016064916528,2.0165715718790183,2.5394425468361894,False,False,True
1.8052093279079358,1.9912569898431371,1.4164455200610868,3.3807292096944908,3.5201567264372287,3.6021007001621848,2.0284357777152766,False,False,True
0.4620221247142355,0.21770676014143156,-0.34795016590683375,0.16410989945625207,0.3831633950013726,0.2437032670551887,-0.8482107197835698,False,False,True
-1.7206570804755268,-1.7078620606775634,-1.406587577487586,-1.3241614638829455,-1.2582083838485538,-1.3007026273531985,-1.3199092758951818,False,False,True
-1.2589364793776923,-1.403824878442985,-1.2889611984230578,-1.2468486657874027,-1.1931813598230787,-1.2961333791448897,-1.2127050585970882,False,True,False
1.0916411262112828,1.3325097616682184,1.7693246572546706,2.061325273774505,1.7128539207636766,1.3357535888410013,2.4679730686374604,False,False,True
0.37807292451462915,0.4710710786702469,0.5930608666093906,0.4652229025652082,0.35625566092186556,0.3533652240546009,0.3238887226755874,True,False,False
0.4620221247142355,0.3190524875529577,0.8283136247384462,0.4926892913623086,0.17911307823177797,0.49044267030386596,0.6812361136692332,True,False,False
-1.3428856795772988,-1.403824878442985,-1.2889611984230578,-1.3089023589956672,-1.2537237615019694,-1.2687178898950366,-1.298468432435563,False,True,False
-2.6021236825713925,-2.619973607381298,-1.9947194728102262,-1.6069635411271674,-1.5497088363765463,-1.57028827164342,-1.6236545582397803,False,True,False
-1.2589364793776923,-1.2518062873256963,-1.17133481935853,-1.1725876886693156,-1.0833081123317585,-1.1087942026042275,-1.2305724281467705,False,True,False
-0.5873428777808423,-0.593059059150777,0.004928971286750633,-0.5256016414487211,-0.7357498804714597,-0.4416839641911369,-0.46227553751043265,True,False,False
0.6718951252132513,0.8257811246105878,0.24018172941580623,0.6178139514379898,0.3136517486293128,0.6549356058029843,0.7884403309673266,True,False,False
-2.3502760819725736,-2.3159364251467194,-1.75946671468117,-1.5459271215780548,-1.482439501177779,-1.5337342859769494,-1.5593320278609244,False,True,False
-1.384860279677102,-1.2518062873256963,-0.8184556821649459,-1.1990368038072643,-1.2066352268628322,-1.1316404436457717,-1.1769703194977235,False,True,False
-3.0218696835694234,-2.873337925910113,-2.3475986100038098,-1.6405335718791796,-1.574374259282761,-1.6114115055181997,-1.6558158234292086,False,False,True
0.25214912421522057,0.3190524875529577,0.004928971286750633,0.08069345940579822,0.20826312348457698,-0.2269292984006216,0.1094802880794003,False,False,True
-0.12562227668300788,-0.035657558387383215,0.24018172941580623,-0.2590759427509291,-0.060814217310492906,-0.4279762195662104,-0.36579174194214825,False,False,True
-1.3428856795772988,-1.403824878442985,-1.17133481935853,-1.2519350340831619,-1.1662736257435717,-1.204748414978713,-1.2448663237865163,False,True,False
0.4200475246144323,0.7244353971990617,0.24018172941580623,0.08883164867901325,0.06475520839387316,0.11119506901423251,0.35962346177495197,True,False,False
0.9237427258120703,0.927126852022114,0.9459400038029744,0.6574876241449128,0.3584979720951578,0.46302718105401314,1.0528774003026244,False,False,True
-2.43422528217218,-2.4172821525582453,-1.9947194728102262,-1.5856007942849781,-1.5362549693367926,-1.5565805270184936,-1.5736259235006702,False,False,True
1.0496665261114797,0.8764539883163509,0.9459400038029744,1.9575633605410128,1.9729620168655773,1.4454155458404137,2.074890938544451,False,False,True
1.3015141267102988,1.02847257943364,1.4164455200610868,1.580154832995666,1.585042183886018,1.4454155458404137,1.6496475432620124,True,False,False
-0.16759687678281104,0.6737625334932986,0.4754344875448625,0.5791575523902182,0.665694602836196,0.5315659041786456,0.4775481008028551,True,False,False
-0.4614190774814332,-0.33969474062196164,-0.46557654497136186,-0.6995554371636923,-0.737992191644752,-0.7478235941478292,-0.748153450305349,False,True,False
-0.2515460769824174,-0.08633042209314629,-0.8184556821649459,-0.4655824955587604,-0.4935802737558969,-0.49651494269084306,-0.3550713202123389,False,True,False
0.6299205251134481,0.52174394237601,0.35780810848033434,0.29025183319108505,0.297955570416267,0.21628777780533565,0.43109293997368114,True,False,False
-0.08364767658320472,-0.08633042209314629,0.004928971286750633,-0.40149425503219216,-0.3254069357589783,-0.32745275898341614,-0.5123041722495428,False,False,True
1.0076919260116766,0.8257811246105878,0.8283136247384462,0.9952224789833365,1.3092379095710713,0.5178581595537189,0.7062504310387885,False,False,True
0.16819992401561426,0.2683796238471946,-0.1126974077777775,-0.1207267251062738,0.05130134135411966,-0.30003726973356304,-0.09063425087704118,False,True,False
-1.2589364793776923,-1.3024791510314588,-1.406587577487586,-1.2305722872409726,-1.1460928251839415,-1.2230254078119485,-1.2484397976964527,False,True,False
0.7138697253130545,0.6737625334932986,0.004928971286750633,0.6147621304605341,0.748660116248009,0.49958116672048364,0.7884403309673266,True,False,False
1.0076919260116766,0.977799715727877,0.24018172941580623,0.6707121817138875,0.7105408263020411,0.7371820735525434,0.6812361136692332,False,False,True
1.0076919260116766,0.8257811246105878,0.4754344875448625,0.854838714020377,0.784537095020685,1.4042923119656339,0.5490175790015843,False,False,True
-0.5873428777808423,-0.33969474062196164,-0.34795016590683375,-0.7056590791186036,-0.6505420558863544,-0.7204081048979762,-0.5337450157091617,False,False,True
0.587945925013645,0.572416806081773,0.004928971286750633,0.5740711840944589,0.703813892782164,0.577258386261734,0.46682767907304573,True,False,False
0.6718951252132513,0.6737625334932986,0.24018172941580623,0.6493494348716977,0.9616796777107727,0.467596429262322,0.4096520965140624,False,False,True
0.37807292451462915,0.2683796238471946,0.7106872456739187,0.03491614474396356,0.17687076705848573,-0.13554433423444473,0.07374554898003571,False,True,False
-1.9725046810743456,-2.0118992429121416,-1.877093093745698,-1.4472515766403227,-1.365839320166582,-1.437780073602464,-1.4985829713920047,False,True,False
-0.6293174778806454,-0.4917133317392508,-0.34795016590683375,-0.6741235956848953,-0.7043575240453684,-0.7386850977312115,-0.498010276609797,True,False,False
-1.552758680076314,-1.454497742148748,-1.2889611984230578,-1.3170405482688823,-1.2716622508883073,-1.2321639042285661,-1.2484397976964527,False,False,True
-1.0070888787788734,-1.049114832502644,-1.0537084402940018,-0.9813402407487626,-0.9644656201472693,-0.8346393101056971,-0.9982966240009008,True,False,False
0.37807292451462915,0.3190524875529577,0.12255535035127811,0.10307347990713933,-0.00027181563160212283,0.13404131005577674,0.24169882274704926,False,False,True
-0.7132666780802517,-0.8970962413853548,-0.46557654497136186,-0.7616091303719568,-0.5249726301819884,-0.8117930690641529,-0.9804292544512188,False,False,True
0.16819992401561426,0.015015305318379291,0.004928971286750633,-0.18379769197369006,-0.01821030501794013,-0.030451625443341606,-0.262160998553991,True,False,False
-0.9231396785792675,-1.049114832502644,-0.46557654497136186,-1.0067720822275594,-0.8770154843888714,-0.9580090117300357,-1.1376621064884225,False,True,False
0.9657173259118734,0.8764539883163509,0.5930608666093906,0.9687733638453875,1.4235957794089764,1.0159062142593824,0.18809671409800238,False,False,True
-1.6367078802759203,-1.7078620606775634,-1.524213956552114,-1.358748768294109,-1.2828738067547687,-1.3509643576445958,-1.3699379106342924,False,True,False
-1.174987279178086,-1.2011334236199331,-1.17133481935853,-1.2183650033311502,-1.233542960942339,-1.2001791667704043,-1.141235580398359,False,True,False
1.2175649265106925,1.0791454431394032,0.5930608666093906,0.6971612968518361,0.7419331827281326,0.9519367393430586,0.5454441050916479,False,False,True
-0.37746987728182685,-0.593059059150777,-0.8184556821649459,-0.3984424340547364,-0.038391105577570396,-0.4919456944825342,-0.748153450305349,False,True,False
1.0496665261114797,0.8764539883163509,0.4754344875448625,0.7663359056741639,0.8495641190461606,0.810290044885485,0.5740318963711395,False,False,True
0.5459713249138418,0.52174394237601,0.004928971286750633,0.35230552639934953,0.6073945123305975,0.32594973480474787,0.1452150271787649,False,False,True
-0.8391904783796612,-0.9477691050911179,-1.0537084402940018,-0.9426838417009912,-0.7805961039373048,-1.035686231271286,-1.0090170457307102,False,True,False
0.6299205251134481,0.977799715727877,1.1811927619320306,0.606623941187319,0.3495287274019888,0.6869203432611461,0.8599098091660557,True,False,False
-0.37746987728182685,-0.2890218769161986,-0.34795016590683375,-0.626311733704757,-0.6729651676192768,-0.697561863856432,-0.46227553751043265,False,True,False
0.6718951252132513,0.8257811246105878,0.9459400038029744,0.6839367392828618,0.4324942408138021,0.997629221426147,0.9635405525542131,False,False,True
0.6718951252132513,0.6230896697875355,0.9459400038029744,0.6300212353478124,0.06699751956716542,0.9108135054682794,1.0385835046628786,False,False,True
1.2175649265106925,1.1804911705509293,0.7106872456739187,1.159003538106789,1.5895268062326025,1.111860426633868,1.0528774003026244,False,False,True
1.4694125271095104,1.4845283527855078,1.4164455200610868,2.0898089362307575,1.65679614143137,1.6967241972973994,2.5394425468361894,False,False,True
0.6299205251134481,0.7751082609048248,0.8283136247384462,0.8884087447723894,0.6230906905436432,0.9199520018848967,1.002848765563514,False,False,True
1.343488726810102,1.1298183068451662,0.24018172941580623,1.0420170673043228,0.4616442860666014,1.0159062142593824,1.1457877219609724,False,False,True
1.4274379270097073,1.6365469439027958,1.4164455200610868,2.445854716933914,1.7509732107096445,2.235895485877842,3.1826678506247523,False,False,True
0.7558443254128576,0.8764539883163509,0.35780810848033434,0.9270651438201606,0.33383254918894306,1.0250447106760001,0.6061931615605676,False,False,True
-0.545368277681039,-0.4917133317392508,-0.9360820612294737,-0.7473672991438305,-0.5743034759944178,-0.8026545726475353,-0.8910924067028072,False,True,False
0.8397935256124639,0.8257811246105878,0.35780810848033434,0.5781402787310664,0.5535790441715834,0.8788287680101176,0.49898894426247387,True,False,False
0.6299205251134481,0.4203982149644838,1.2988191409965588,1.0359134253494118,1.1500338162673218,1.3220458442160747,0.8634832830759922,False,False,True
-0.545368277681039,-0.33969474062196164,-0.1126974077777775,-0.6863308795947178,-0.782838415110597,-0.8803317921887854,-0.498010276609797,False,False,True
0.4200475246144323,0.7244353971990617,0.24018172941580623,0.13460896334084768,0.28225939220322127,0.0883488279726883,0.05945165334028988,True,False,False
0.16819992401561426,0.21770676014143156,0.4754344875448625,0.02677795547074853,0.15220534415227097,0.04265634588959988,-0.06204645959754951,True,False,False
-1.174987279178086,-1.099787696208407,-1.0537084402940018,-1.20208862478472,-1.220089093902586,-1.1133634508125363,-1.1055008412989944,False,False,True
0.8397935256124639,0.7244353971990617,0.7106872456739187,1.0674489087831196,1.3922034229828848,0.7965823002605584,0.7062504310387885,False,False,True
-1.2169618792778891,-1.7585349243833264,-0.9360820612294737,-1.1654667730552524,-1.1438505140106492,-1.1590559328956247,-1.141235580398359,False,False,True
-0.4614190774814332,-0.44104046803348773,-0.9360820612294737,-0.8541810333547778,-0.8321692609230266,-0.8711932957721678,-0.748153450305349,False,True,False
0.7978189255126608,0.8257811246105878,1.1811927619320306,0.7876986525163533,0.8293833184865301,1.057029448134162,0.8241750700666912,False,False,True
0.4620221247142355,0.4710710786702469,-0.23032378684230562,0.04305433401717859,0.2217169905243305,-0.07614410752643003,-0.104928146516787,False,False,True
0.8817681257122671,1.02847257943364,2.122203794448255,1.4407883416918588,0.9101065207250512,0.9199520018848967,2.3607688513393668,False,False,True
-0.16759687678281104,-0.2890218769161986,0.12255535035127811,-0.36588967696187624,-0.3007415128527635,0.08377957976437946,-0.498010276609797,True,False,False
0.5039967248140387,0.4203982149644838,0.24018172941580623,0.1234189530901769,0.16565921119202448,0.20714928138871797,0.09518639243965446,False,True,False
-1.0070888787788734,-1.099787696208407,-0.8184556821649459,-1.0718775964132796,-0.9644656201472693,-1.095086457979301,-1.1376621064884225,False,True,False
-1.8465808807749362,-1.8598806517948523,-1.17133481935853,-1.3923187990461212,-1.3344469637404903,-1.341825861227978,-1.416393071463466,False,True,False
-0.41944447738163004,-0.2890218769161986,-0.46557654497136186,-0.793144613805665,-0.8164730827099809,-0.8437778065223148,-0.6373757590973189,False,True,False
-0.3354952771820237,-0.39036760432772466,-0.23032378684230562,-0.7585573093945012,-0.8052615268435196,-0.6198846443151816,-0.7410065024854761,False,True,False
1.0076919260116766,1.02847257943364,0.4754344875448625,0.8355105144964917,0.9908297229635722,0.8696902715934999,0.538297157271775,True,False,False
-0.2515460769824174,-0.13700328579890936,-0.1126974077777775,-0.40149425503219216,-0.2558952893869185,-0.46909945344098997,-0.6445227069171918,False,False,True
0.25214912421522057,0.2683796238471946,-0.1126974077777775,0.055261617927001135,0.07372445308704217,-0.20408305735907736,0.35962346177495197,False,False,True
1.2175649265106925,1.1804911705509293,1.1811927619320306,1.4163737738722137,0.9639219888840652,1.5733544956730605,1.4316656347558887,True,False,False
-1.7206570804755268,-1.7585349243833264,-1.75946671468117,-1.4085951775925512,-1.3568700754734129,-1.4469185700190816,-1.3556440149945463,False,True,False
0.33609832441482596,0.3190524875529577,-0.1126974077777775,-0.0017057069855040802,0.1454784106323942,-0.06700561110981235,-0.012017824858439287,True,False,False
0.5039967248140387,0.572416806081773,0.5930608666093906,0.21293903509554224,0.19256694527153148,0.4264731953875424,0.13806807935889195,True,False,False
1.4694125271095104,1.6872198076085587,1.5340718991256144,1.9168724141749376,1.0962183481083076,2.4323731588351225,2.132066521103434,True,False,False
0.4620221247142355,0.4710710786702469,0.7106872456739187,0.15597171018303704,0.06027058604728866,0.29853424555489483,0.3238887226755874,True,False,False
1.5113871272093136,1.3831826253739816,0.7106872456739187,1.524204781742313,1.2688763084518109,2.5191888747929907,0.18094976627812948,True,False,False
0.7558443254128576,0.6230896697875355,0.8283136247384462,0.9514797116398056,0.685875403395826,1.4819695315068844,0.5740318963711395,True,False,False
-1.8465808807749362,-1.9105535155006153,-1.6418403356166418,-1.4035088092967918,-1.338931586087075,-1.3692413504778311,-1.4485543366528941,False,True,False
0.37807292451462915,0.52174394237601,0.004928971286750633,0.2495608868250099,0.38540570617466485,0.234564770638571,0.03801080988067113,False,False,True
-1.3428856795772988,-1.403824878442985,-1.2889611984230578,-1.2916087067900854,-1.2469968279820927,-1.3098411237698162,-1.2841745367958173,False,True,False
1.2595395266104956,1.02847257943364,0.7106872456739187,1.4163737738722137,2.011081306811546,1.2535071210914421,0.7241178005884708,False,False,True
-0.6293174778806454,-0.4917133317392508,-0.34795016590683375,-0.6598817644567692,-0.6213920106335551,-0.6929926156481232,-0.5694797548085262,True,False,False
-0.9651142786790707,-0.8464233776795917,-0.8184556821649459,-0.9508220309742061,-0.9039232184683785,-0.948870515313418,-0.8553576676034427,True,False,False
0.37807292451462915,0.1670338964356685,0.004928971286750633,-0.13293400901609634,-0.13256817485584468,-0.3731452410665043,0.002276070781306547,False,True,False
1.0496665261114797,1.0791454431394032,0.8283136247384462,1.3217673235710892,0.757629360941178,0.8331362859270292,2.0391561994450864,False,False,True
1.2175649265106925,1.4338554890797446,0.35780810848033434,1.4957211192860604,2.230827801794186,1.4454155458404137,0.8170281222468183,True,False,False
0.29412372431502376,0.3190524875529577,-0.1126974077777775,-0.0576557582388573,-0.0473603502707394,-0.17666756810922432,0.13806807935889195,True,False,False
0.29412372431502376,0.3190524875529577,0.004928971286750633,0.2851654648953255,0.3697095279616191,0.21628777780533565,0.18094976627812948,False,False,True
0.33609832441482596,0.4203982149644838,0.4754344875448625,-0.07291486312613538,-0.00027181563160212283,-0.23149854660893043,-0.06919340741742243,True,False,False
-1.7206570804755268,-1.7585349243833264,-1.17133481935853,-1.318057821928034,-1.1774851816100327,-1.346395109436287,-1.4128195975535296,False,True,False
-0.2095714768826142,-0.23834901321043547,-0.46557654497136186,-0.6405535649328833,-0.7335075692981675,-0.4599609570243723,-0.5337450157091617,False,True,False
-3.0218696835694234,-2.924010789615876,-2.582851368132866,-1.6466372138340908,-1.5855858151492224,-1.6068422573098908,-1.6772566668888274,False,True,False
-3.0218696835694234,-3.025356517027402,-2.818104126261922,-1.65172358212985,-1.5878281263225145,-1.629688498351435,-1.6772566668888274,False,True,False
0.7558443254128576,0.6230896697875355,0.24018172941580623,0.5221902274777129,0.6141214458504742,0.9336597465098232,0.20596408364768468,False,False,True
-0.545368277681039,-0.6944047865623025,-1.17133481935853,-0.9091138109489791,-0.8119884603633963,-1.0311169830629772,-0.9268271458021718,False,True,False
1.4274379270097073,1.0791454431394032,0.8283136247384462,1.3950110270300244,0.9751335447505262,2.098818039628577,1.0743182437622432,False,False,True
-1.552758680076314,-1.555843469560274,-1.524213956552114,-1.3241614638829455,-1.2828738067547687,-1.286994882728272,-1.337776645444864,False,True,False
-0.545368277681039,-0.593059059150777,-0.8184556821649459,-0.9365801997460799,-0.9106501519882553,-0.948870515313418,-0.8982393545226802,False,True,False
-1.552758680076314,-1.5051706058545111,-1.17133481935853,-1.326196011201249,-1.2761468732348917,-1.1727636775205512,-1.3199092758951818,False,True,False
-1.3009110794774956,-1.3531520147372218,-1.406587577487586,-1.228537739922669,-1.1999082933429552,-1.0813787133543744,-1.2127050585970882,True,False,False
0.29412372431502376,0.3190524875529577,0.004928971286750633,-0.01187844357702287,0.18584001175165474,-0.382283737483122,0.03801080988067113,False,True,False
-0.08364767658320472,0.21770676014143156,0.004928971286750633,0.00643248228771095,0.028878229621197144,0.1751645439305563,-0.06919340741742243,True,False,False
0.08425072381600793,-0.035657558387383215,0.12255535035127811,-0.2977323417987005,-0.39491858213103787,-0.08985185215135631,-0.24786710291424535,True,False,False
0.8397935256124639,0.8257811246105878,0.35780810848033434,0.7683704529924674,0.46837121958647815,-0.17209831990091548,1.2244041479795742,True,False,False
-0.7132666780802517,-0.6944047865623025,-0.23032378684230562,-0.8368873811491958,-0.9308309525478855,-0.5970384032736374,-0.7838881894047135,True,False,False
-2.098428481373755,-2.1639178340294305,-1.6418403356166418,-1.527616195713321,-1.4779548788311945,-1.4560570664356993,-1.5343177104913692,True,False,False
-0.5873428777808423,-0.64373192285654,0.24018172941580623,-0.5113598102205948,-0.8613193061758257,-0.5102226873157696,-0.17639762471551618,False,False,True
0.37807292451462915,0.3190524875529577,-1.0537084402940018,-0.007809348940415354,-0.09444888490987642,0.3716422168878363,-0.033458668318058035,False,False,True
-1.384860279677102,-1.454497742148748,-1.17133481935853,-1.2499004867648582,-1.1864544263032017,-1.314410371978125,-1.1876907412275328,True,False,False
1.6373109275087232,1.6872198076085587,2.122203794448255,2.927025157712752,2.3451856716320902,1.9891560826291652,3.0397288942272938,False,False,True
-0.7552412781800548,-0.6944047865623025,-0.7008293031004178,-0.918269273881346,-0.9465271307609313,-0.8757625439804766,-0.8553576676034427,False,True,False
-0.37746987728182685,-0.5423861954450139,-0.34795016590683375,-0.685313605935566,-0.5473957419149109,-0.8894702886054031,-0.6409492330072554,False,True,False
-0.9231396785792675,-0.998441968796881,-0.7008293031004178,-1.0871367013005577,-1.0653696229454204,-1.1316404436457717,-1.0018700979108373,False,True,False
0.33609832441482596,0.2683796238471946,0.35780810848033434,-0.09936397826408423,-0.39940320447762234,-0.11726734140120937,0.3238887226755874,False,True,False
-0.7132666780802517,-0.8464233776795917,-0.9360820612294737,-0.8429910231041071,-0.7873230374571816,-0.8620547993555502,-0.9268271458021718,False,True,False
-0.8391904783796612,-0.8970962413853548,-1.2889611984230578,-1.1573285837820373,-1.0631273117721283,-1.0402554794795948,-1.1948376890474057,False,True,False
1.0496665261114797,1.1804911705509293,1.1811927619320306,1.0938980239210687,1.0625836805089242,1.0524601999258532,1.1457877219609724,False,False,True
1.0916411262112828,1.2311640342566923,0.5930608666093906,0.9209615018652495,0.9975566564834487,-0.5056534391074607,1.1457877219609724,True,False,False
0.25214912421522057,0.015015305318379291,-0.34795016590683375,-0.47168613751367167,-0.5653342313012489,-0.3137450143584896,-0.3264835289328472,False,False,True
1.0076919260116766,0.927126852022114,0.8283136247384462,1.030827057053652,0.8675026084324986,1.1621221569252653,1.2529919392590658,False,False,True
0.0003015236164016051,-0.23834901321043547,-0.23032378684230562,-0.4554097589672416,-0.5608496089546644,-0.5102226873157696,-0.3193365811129743,False,True,False
-1.0070888787788734,-0.8464233776795917,-0.7008293031004178,-0.9630293148840288,-0.9667079313205615,-0.9899937491881977,-0.9268271458021718,True,False,False
0.29412372431502376,0.3190524875529577,0.5930608666093906,-0.06274212653461658,-0.11462968546950669,-0.06700561110981235,0.07374554898003571,False,True,False
0.21017452411541743,0.3190524875529577,0.4754344875448625,0.3258564112614007,-0.0563295949639084,-0.11726734140120937,0.9671140264641496,False,False,True
-0.6293174778806454,-0.4917133317392508,-0.7008293031004178,-0.7809373298958425,-0.7065998352186605,-0.9031780332303296,-0.7838881894047135,True,False,False
0.7138697253130545,0.6230896697875355,0.5930608666093906,0.7073340334433551,0.9213180765915121,0.8925365126350441,0.38821125305444365,True,False,False
-1.384860279677102,-1.1504605599141702,-0.9360820612294737,-1.2621077706746808,-1.3209930967007368,-1.1727636775205512,-1.1769703194977235,False,False,True
-0.2515460769824174,-0.23834901321043547,-0.34795016590683375,-0.6476744805469467,-0.6864190346590304,-0.5970384032736374,-0.4837163809700514,False,True,False
0.9237427258120703,1.2818368979624555,1.1811927619320306,0.8365277881556434,0.9661643000573572,0.6092431237198959,1.0743182437622432,True,False,False
0.25214912421522057,-0.035657558387383215,1.1811927619320306,1.1701935483574593,1.1253683933611072,1.4728310350902667,1.0671712959423703,False,False,True
-0.41944447738163004,-0.5423861954450139,-0.1126974077777775,-0.718883636687578,-0.6550266782329388,-0.8300700618973883,-0.6874043938364294,False,True,False
0.37807292451462915,0.4203982149644838,0.12255535035127811,-0.16243494513150072,-0.35007235866519304,0.3533652240546009,-0.1299424638863422,False,True,False
0.6299205251134481,0.927126852022114,0.4754344875448625,0.37468554690069067,0.17462845588519346,-0.06700561110981235,0.6455013745698687,False,False,True
0.5039967248140387,0.4710710786702469,-0.34795016590683375,0.39910011472033574,0.1365091659392252,0.2848265009299683,0.07374554898003571,False,False,True
-0.04167307648340156,0.015015305318379291,0.35780810848033434,-0.2112640807707909,-0.3119530687192248,0.024379353056364506,-0.033458668318058035,True,False,False
1.0496665261114797,1.1298183068451662,1.1811927619320306,1.0450688882817785,0.7105408263020411,1.14384516409203,1.4781207955850626,False,False,True
-3.0218696835694234,-2.9746836533216388,-2.9357305053264504,-1.660879045062217,-1.592312748669099,-1.6251192501431262,-1.6772566668888274,False,True,False
1.133615726311086,0.927126852022114,0.8283136247384462,1.0104815838706145,0.8764718531256677,0.9108135054682794,1.206536778429892,True,False,False
-0.9231396785792675,-0.8970962413853548,-0.9360820612294737,-1.0789985120273429,-1.0720965564652971,-1.1270711954374628,-0.9697088327214094,False,False,True
-0.7552412781800548,-0.8970962413853548,-0.46557654497136186,-0.9203038211996498,-0.93531557489447,-0.8163623172724618,-0.8196229285040781,True,False,False
-3.1058188837690297,-2.9746836533216388,-2.7004777471973944,-1.6415508455383312,-1.5766165704560533,-1.6068422573098908,-1.659389297339145,False,False,True
0.21017452411541743,0.6230896697875355,0.24018172941580623,0.13460896334084768,0.07372445308704217,0.028948601264673347,0.35962346177495197,True,False,False
0.9657173259118734,1.2311640342566923,0.5930608666093906,0.7297140539446962,0.5199443765721997,1.0890141855923239,0.7884403309673266,False,False,True
0.587945925013645,0.7244353971990617,1.0635663828675024,0.7073340334433551,0.7419331827281326,1.0661679445507797,0.531150209451902,False,False,True
0.9237427258120703,1.02847257943364,1.6516982781901424,1.5608266334717809,1.3137225319176558,0.938228994718132,2.432238329538096,False,False,True
1.3854633269099041,1.4338554890797446,1.2988191409965588,1.9250106034481527,1.8316964129481657,1.8200938989217381,1.363769630467096,False,False,True
1.0076919260116766,1.02847257943364,0.5930608666093906,1.1640899064025483,0.9639219888840652,0.6457971093863666,1.535296378144046,False,False,True
0.8817681257122671,0.8257811246105878,0.35780810848033434,0.8100786730176948,0.782294783847393,0.997629221426147,0.6812361136692332,False,False,True
0.9657173259118734,1.0791454431394032,0.5930608666093906,0.9779288267777547,0.6006675788107207,0.6823510950528373,1.2172572001597013,True,False,False
0.8817681257122671,0.7751082609048248,0.4754344875448625,0.8385623354739474,1.1769415503468288,0.8605517751768822,0.43109293997368114,False,False,True
-1.8885554808747393,-1.9105535155006153,-1.75946671468117,-1.4391133873671076,-1.3523854531268285,-1.4149338325609198,-1.487862549662195,False,True,False
1.0916411262112828,1.1804911705509293,0.9459400038029744,1.1620553590842442,1.1814261726934132,1.029613958884309,0.8956445482654204,False,False,True
-0.04167307648340156,-0.08633042209314629,0.12255535035127811,-0.11055398851475501,-0.036148794404278144,0.03351784947298219,-0.3908060593117035,False,False,True
-0.8811650784794643,-0.8970962413853548,-0.9360820612294737,-0.9986338929543443,-0.8344115720963189,-1.1956099185620954,-1.0376048370102018,False,True,False
-1.3009110794774956,-1.2011334236199331,-0.5832029240358897,-1.1817431516016825,-1.1191850911044345,-1.1316404436457717,-1.1769703194977235,True,False,False
0.0003015236164016051,0.015015305318379291,0.5930608666093906,-0.06172485287546482,-0.4352801832502984,0.16145679930562978,0.07374554898003571,False,False,True
-0.2935206770822205,-0.33969474062196164,-0.5832029240358897,-0.751436393780438,-0.7021152128720761,-0.7889468280226087,-0.6909778677463658,False,True,False
-0.08364767658320472,0.015015305318379291,0.004928971286750633,-0.19397042856520885,-0.242441422347165,-0.40056073031635736,-0.2836018420136097,False,False,True
-0.2095714768826142,-0.035657558387383215,0.004928971286750633,-0.4381161067616596,-0.5361841860484496,-0.4142684749412839,-0.24786710291424535,False,False,True
-0.5033936775812359,-0.593059059150777,0.004928971286750633,-0.5194979994938098,-0.7133267687385373,-0.27719102869201884,-0.3550713202123389,False,False,True
0.9237427258120703,0.977799715727877,1.0635663828675024,0.9616524482313247,0.6298176240635199,1.0433217035092355,1.2172572001597013,True,False,False
-0.8811650784794643,-0.998441968796881,-0.9360820612294737,-1.119689458393418,-1.1124581575845578,-1.090517209770992,-1.0518987326499476,False,True,False
-1.0910380789784797,-1.1504605599141702,-0.9360820612294737,-1.0942576169146212,-0.9891310430534839,-1.0859479615626833,-1.1269416847586131,False,True,False
0.7978189255126608,1.02847257943364,0.9459400038029744,0.8182168622909098,1.0379182576027093,0.8514132787602645,0.5883257920108853,True,False,False
-0.04167307648340156,-0.035657558387383215,0.004928971286750633,-0.31400872034513055,-0.3321338692788551,-0.31831426256679846,-0.24786710291424535,False,True,False
0.33609832441482596,0.21770676014143156,-0.23032378684230562,-0.0952948836274767,-0.04960266144403165,0.07007183513945293,-0.19069152035526202,False,False,True
-0.5033936775812359,-0.64373192285654,-0.7008293031004178,-0.8908028850842453,-0.7985345933236428,-0.98085525277158,-0.8553576676034427,False,True,False
-0.37746987728182685,-0.1876761495046724,0.24018172941580623,-0.41370153894201467,-0.37922240391799206,-0.4279762195662104,-0.3908060593117035,False,True,False
0.8397935256124639,0.7751082609048248,0.24018172941580623,0.5364320587058395,0.764356294461055,0.7326128253442346,0.4025051486941895,True,False,False
-0.7132666780802517,-0.6944047865623025,-0.34795016590683375,-0.6944690688679329,-0.8388961944429033,-0.8529163029389325,-0.2836018420136097,False,True,False
0.7558443254128576,0.6737625334932986,0.12255535035127811,0.24752633950670613,0.13875147711251745,0.12947206184746787,0.5740318963711395,True,False,False
0.5039967248140387,0.52174394237601,0.5930608666093906,0.5750884577536107,0.9953143453101567,0.49044267030386596,0.24527229665698572,False,False,True
-0.4614190774814332,-0.44104046803348773,-0.1126974077777775,-0.6283462810230608,-0.5429111195683264,-0.2589140358587835,-0.6766839721066199,False,False,True
0.8817681257122671,0.977799715727877,2.004577415383727,1.4123046792356062,0.8944103425120056,1.3951538155490162,1.503135112954618,False,False,True
-1.0490634788786766,-0.8970962413853548,-0.7008293031004178,-0.9721847778163957,-0.9868887318801917,-0.752392842356138,-0.9982966240009008,True,False,False
-0.6293174778806454,-0.44104046803348773,-0.34795016590683375,-0.7504191201212862,-0.6595113005795233,-0.752392842356138,-0.7731677676749041,False,True,False
-1.5107840799765113,-1.3531520147372218,-1.0537084402940018,-1.2844877911760222,-1.278389184408184,-1.1636251811039335,-1.2127050585970882,False,True,False
-0.545368277681039,-0.5423861954450139,0.004928971286750633,-0.6863308795947178,-0.6482997447130621,-0.4371147159828281,-0.8910924067028072,False,True,False
0.7138697253130545,0.7244353971990617,0.7106872456739187,0.6229003197337492,0.43025192964050984,0.997629221426147,0.7669994875077079,False,False,True
0.6718951252132513,0.6737625334932986,1.1811927619320306,0.5995030255732557,1.0289490129095402,0.604673875511587,0.1452150271787649,False,False,True
1.7632347278081326,1.6365469439027958,1.6516982781901424,2.857850548890425,3.632272285101842,2.5785891015010054,2.08561136027426,False,False,True
0.1262253239158111,0.1670338964356685,-0.46557654497136186,-0.02815482212345293,-0.29625689050617904,-0.25434478765047464,-0.3193365811129743,False,False,True
-0.41944447738163004,-0.44104046803348773,0.004928971286750633,-0.43404701212505203,-0.711084457565245,-0.332022007191725,-0.3550713202123389,False,False,True
0.33609832441482596,0.3190524875529577,0.8283136247384462,0.5923821099591929,0.1454784106323942,0.1751645439305563,0.9671140264641496,False,False,True
2.0990315286065577,2.2446213083719524,2.592709310706367,3.9646442900476684,4.430535062793882,5.292722537236456,2.41794443389835,False,False,True
1.1755903264108893,1.2311640342566923,1.0635663828675024,1.14883080151527,0.42800961846721763,1.2763533621329863,1.7890130257495342,True,False,False
-0.7552412781800548,-0.9477691050911179,-0.7008293031004178,-0.9406492943826874,-0.8927116626019173,-0.9991322456048154,-0.8553576676034427,False,True,False
1.0076919260116766,0.927126852022114,1.4164455200610868,1.2159708630192942,1.2486955078921809,1.1347066676754123,0.8599098091660557,True,False,False
-3.1058188837690297,-3.025356517027402,-2.3475986100038098,-1.6588444977439134,-1.5878281263225145,-1.6251192501431262,-1.6772566668888274,False,False,True
0.5039967248140387,0.4203982149644838,0.4754344875448625,0.5008274806355236,0.6230906905436432,0.9747829803846028,0.07374554898003571,True,False,False
-0.7552412781800548,-0.7450776502680656,-0.9360820612294737,-1.0199966397965339,-1.0384618888659134,-1.0128399902297418,-0.9268271458021718,False,True,False
0.5039967248140387,0.4203982149644838,0.24018172941580623,0.21802540339130153,0.47734046427964716,0.20258003318040937,-0.104928146516787,True,False,False
1.0916411262112828,1.1298183068451662,0.7106872456739187,0.6381594246210274,0.7598716721144706,0.3853499615127628,0.7741464353275808,False,False,True
1.5113871272093136,1.5352012164912707,0.7106872456739187,1.2749727352501028,1.1051875928014767,1.2535071210914421,1.4316656347558887,True,False,False
-1.2589364793776923,-1.049114832502644,-0.5832029240358897,-1.1380003842581516,-1.2043929156895399,-0.9762860045632712,-1.06976610219963,False,True,False
-1.2169618792778891,-0.8464233776795917,-0.7008293031004178,-1.0586530388443052,-1.078823489985174,-0.9762860045632712,-0.9625618849015364,True,False,False
0.6299205251134481,0.4203982149644838,0.24018172941580623,0.2678718126897437,0.34504410505540434,0.38078071330445395,0.2702866140265409,True,False,False
1.0076919260116766,1.02847257943364,1.1811927619320306,1.3095600396612666,1.0962183481083076,1.500246524340119,1.717543547550805,False,False,True
1.59533632740892,1.1804911705509293,1.0635663828675024,1.483513835376238,1.36753800007667,1.8475093881715912,1.181522461060337,True,False,False
-0.12562227668300788,-0.08633042209314629,0.24018172941580623,-0.17464222904132326,-0.3321338692788551,-0.12183658960951821,-0.033458668318058035,False,True,False
-1.5107840799765113,-1.6065163332660373,-1.17133481935853,-1.277366875561959,-1.267177628541723,-1.1133634508125363,-1.3199092758951818,True,False,False
-1.384860279677102,-1.403824878442985,-1.17133481935853,-1.268211412629592,-1.1774851816100327,-1.2961333791448897,-1.2698806411560715,False,True,False
-1.0490634788786766,-0.9477691050911179,-1.17133481935853,-1.0301693763880526,-0.9398001972410546,-0.9854245009798889,-1.084059997839376,False,True,False
-0.7132666780802517,-0.7957505139738287,-0.7008293031004178,-0.9365801997460799,-0.9241040190280088,-0.8849010403970943,-0.8553576676034427,False,True,False
0.33609832441482596,0.21770676014143156,-0.1126974077777775,0.0481407023129381,-0.17741439832168973,-0.030451625443341606,0.25241924447685865,False,True,False
0.0003015236164016051,0.21770676014143156,0.5930608666093906,-0.23160955395382848,-0.3209223134123938,-0.05786711469319466,-0.3193365811129743,True,False,False
-0.04167307648340156,-0.13700328579890936,-0.34795016590683375,-0.34147510914223117,-0.269349156426672,-0.45539170881606345,-0.35149784630240244,False,True,False
0.9657173259118734,0.6737625334932986,0.004928971286750633,0.4916720177031568,0.5782444670777982,0.4447501882207778,0.5025624181724103,True,False,False
-0.3354952771820237,-0.33969474062196164,-0.1126974077777775,-0.559171672200733,-0.7536883698577977,-0.4508224606077546,-0.5087306983396064,True,False,False
-0.4614190774814332,-0.39036760432772466,0.9459400038029744,-0.6527608488427059,-0.7581729922043823,-0.47823794985760765,-0.5516123852588439,False,False,True
1.343488726810102,0.977799715727877,1.1811927619320306,1.4285810577820364,1.374264933596547,2.053125557545489,1.2172572001597013,False,False,True
1.5113871272093136,1.2818368979624555,1.8869510363191988,2.106085314777187,2.5492359884016853,1.8520786363799,1.4280921608459523,True,False,False
-1.3009110794774956,-1.3531520147372218,-1.17133481935853,-1.270245959947896,-1.1864544263032017,-1.2915641309365808,-1.298468432435563,False,True,False
0.6299205251134481,0.6230896697875355,1.4164455200610868,0.40723830399355077,0.14099378828580972,0.20714928138871797,0.35962346177495197,True,False,False
1.889158528107542,1.4338554890797446,0.9459400038029744,2.1610180923713886,2.6075360789072834,1.9754483380042387,1.4674003738552532,False,False,True
1.1755903264108893,1.2311640342566923,0.9459400038029744,1.343130070413279,1.2285147073325504,1.4728310350902667,1.3959308956565242,True,False,False
0.6718951252132513,0.7244353971990617,0.8283136247384462,0.6869885602603176,0.5423674883051222,0.45388868463739546,0.8313220178865641,True,False,False
-1.6367078802759203,-1.7585349243833264,-1.17133481935853,-1.358748768294109,-1.341173897260367,-1.341825861227978,-1.3199092758951818,False,False,True
0.587945925013645,0.6737625334932986,0.4754344875448625,0.9901361106875768,0.2127477458311615,0.48587342209555734,2.432238329538096,False,False,True
0.6718951252132513,0.572416806081773,0.35780810848033434,0.5476220689565103,0.8361102520064071,0.7828745556356319,0.1344946054489555,True,False,False
-1.426834879776905,-1.3024791510314588,-1.0537084402940018,-1.1908986145340492,-1.1886967374764943,-1.0859479615626833,-1.1769703194977235,False,False,True
-0.5873428777808423,-0.593059059150777,-0.34795016590683375,-0.7778855089183869,-0.9061655296416707,-0.7204081048979762,-0.7588738720351583,True,False,False
-0.6293174778806454,-0.7450776502680656,-0.7008293031004178,-0.8368873811491958,-0.8052615268435196,-0.8757625439804766,-0.7517269242152854,False,True,False
0.0003015236164016051,-0.08633042209314629,0.004928971286750633,-0.20007407052012013,-0.11911430781609118,-0.21322155377569504,-0.498010276609797,False,False,True
1.0076919260116766,1.02847257943364,1.2988191409965588,0.8039750310627833,1.0222220793896637,0.3716422168878363,0.9635405525542131,False,False,True
0.25214912421522057,0.2683796238471946,0.12255535035127811,-0.27128322666075166,-0.4420071167701751,-0.21322155377569504,0.002276070781306547,False,True,False
-0.2935206770822205,0.572416806081773,-0.34795016590683375,-0.6273290073639091,-0.5630919201279567,-0.4645302052326811,-0.7052717633861116,False,False,True
0.587945925013645,0.6230896697875355,0.35780810848033434,0.7541286217643414,0.5894560229442595,1.879494125629753,0.18094976627812948,False,False,True
1.2595395266104956,1.1804911705509293,0.7106872456739187,1.9911333912930251,1.898965748146933,1.9206173595045326,1.5388698520539825,True,False,False
-0.37746987728182685,-0.39036760432772466,-0.9360820612294737,-0.6456399332286429,-0.5272149413552807,-0.724977353106285,-0.748153450305349,False,False,True
1.1755903264108893,1.6365469439027958,1.0635663828675024,1.4062010372806952,1.5065612928207894,1.111860426633868,1.181522461060337,True,False,False
1.1755903264108893,1.1804911705509293,0.9459400038029744,1.5211529607648573,1.4235957794089764,0.44018094001246894,1.5460167998738554,True,False,False
-0.04167307648340156,-0.035657558387383215,-0.34795016590683375,-0.38114878184915457,-0.5339418748751574,-0.06700561110981235,-0.21213236381488076,True,False,False
-0.4614190774814332,-0.593059059150777,-0.34795016590683375,-0.8124728133295508,-0.764899925724259,-0.5878999068570198,-0.8732250371531249,False,True,False
0.16819992401561426,0.3190524875529577,0.24018172941580623,0.23735360291518734,0.02439360727461264,0.5315659041786456,0.25241924447685865,True,False,False
-0.3354952771820237,-0.39036760432772466,0.004928971286750633,-0.6598817644567692,-0.5294572525285729,-0.8483470547306237,-0.6659635503768105,False,True,False
-0.2095714768826142,-0.08633042209314629,-0.34795016590683375,-0.5174634521755062,-0.5429111195683264,-0.5010841908991519,-0.3908060593117035,True,False,False
-1.6786824803757237,-1.7078620606775634,-1.524213956552114,-1.309919632654819,-1.2469968279820927,-1.2458716488534927,-1.3556440149945463,False,True,False
-1.3009110794774956,-1.2011334236199331,-1.406587577487586,-1.1725876886693156,-1.132638958144188,-1.1362096918540805,-1.2127050585970882,False,True,False
-0.2935206770822205,-0.2890218769161986,-0.23032378684230562,-0.5937589766118969,-0.5899996542074636,-0.4142684749412839,-0.5337450157091617,True,False,False
-0.41944447738163004,-0.39036760432772466,-0.34795016590683375,-0.5978280712485045,-0.6213920106335551,-0.5422074247739315,-0.6409492330072554,False,False,True
0.21017452411541743,0.11636103272990543,-0.23032378684230562,-0.3964078867364326,-0.2984992016794713,-0.3365912554000338,-0.4587020636004962,False,True,False
-0.04167307648340156,-0.13700328579890936,0.12255535035127811,-0.12377854608372932,0.28450170337651354,-0.3548682482332692,-0.35864479412227535,False,True,False
-2.098428481373755,-2.113244970323667,-1.75946671468117,-1.4798043337331825,-1.40395861011255,-1.465195562852317,-1.4985829713920047,False,True,False
0.21017452411541743,0.4203982149644838,0.7106872456739187,-0.04239665335157901,-0.19535288770802772,-0.2177908019840039,-0.1406628856161516,False,False,True
0.08425072381600793,-0.08633042209314629,0.24018172941580623,-0.05358666360224979,-0.11687199664279894,0.28939574913827715,-0.21213236381488076,True,False,False
-1.1330126790782828,-1.2011334236199331,-1.17133481935853,-1.1318967423032404,-1.0115541547864064,-1.236733152436875,-1.1555294760381047,False,True,False
1.6373109275087232,1.5352012164912707,0.8283136247384462,1.822265963873813,1.2397262631990118,1.4682617868819579,2.0391561994450864,True,False,False
-0.2515460769824174,0.06568816902414236,0.5930608666093906,-0.16752131342726,-0.4330378720770061,-0.4279762195662104,0.3238887226755874,False,False,True
1.2595395266104956,0.977799715727877,0.4754344875448625,1.4265465104637327,1.701642364897215,1.6099084813395315,1.0135691872933235,False,False,True
-1.2169618792778891,-1.3531520147372218,-0.9360820612294737,-1.2315895609001244,-1.2582083838485538,-1.204748414978713,-1.1055008412989944,False,True,False
1.2175649265106925,1.7885655350200849,0.4754344875448625,0.972842458481995,0.8248986961399456,1.0387524553009266,1.23869804361932,True,False,False
-0.9651142786790707,-0.998441968796881,-1.17133481935853,-1.0006684402726482,-0.9218617078547165,-1.0174092384380506,-1.06976610219963,False,True,False
1.0916411262112828,0.927126852022114,1.5340718991256144,1.4184083211905176,1.1702146168269523,1.7515551757971055,1.5281494303241732,True,False,False
-1.5947332801761172,-1.5051706058545111,-1.2889611984230578,-1.2997468960633003,-1.1819698039566173,-1.3783798468944488,-1.3270562237150547,False,True,False
-0.3354952771820237,-0.33969474062196164,-0.34795016590683375,-0.5469643882909104,-0.4935802737558969,-0.42340697135790156,-0.6230818634575731,False,True,False
-0.545368277681039,-0.4917133317392508,-0.8184556821649459,-0.7422809308480711,-0.6191496994602629,-0.7478235941478292,-0.9268271458021718,False,True,False
0.4620221247142355,0.52174394237601,0.24018172941580623,0.3350118741937677,0.30692481510943603,0.2848265009299683,0.1452150271787649,True,False,False
0.29412372431502376,0.3190524875529577,-0.23032378684230562,-0.010861169917870877,-0.5294572525285729,0.1934415367637917,0.3238887226755874,False,False,True
0.7978189255126608,0.927126852022114,0.9459400038029744,1.1406926122420549,1.638857652045032,0.9016750090516618,0.6597952702096145,False,False,True
0.7138697253130545,0.927126852022114,2.3574565525773106,1.6503467154771456,0.7688409168076396,1.4042923119656339,3.218402589724116,False,False,True
0.37807292451462915,0.52174394237601,0.7106872456739187,0.147833520909822,0.21050543465786925,0.11576431722254135,-0.18354457253538908,False,False,True
1.3854633269099041,1.3325097616682184,1.2988191409965588,0.8578905349978327,1.65679614143137,1.9800175862125475,1.5888984867930929,True,False,False
-1.174987279178086,-1.3024791510314588,-1.17133481935853,-1.226503192604365,-1.1573043810504027,-1.2687178898950366,-1.2448663237865163,False,True,False
0.0003015236164016051,0.21770676014143156,0.24018172941580623,-0.19193588124690508,-0.17068746480181296,-0.18123681631753316,-0.17639762471551618,False,True,False
-0.6293174778806454,-0.64373192285654,-0.1126974077777775,-0.7890755191690575,-0.7312652581248753,-0.8529163029389325,-0.8732250371531249,False,True,False
-1.174987279178086,-1.099787696208407,-1.17133481935853,-1.1878467935565937,-1.0676119341187127,-1.2504408970618015,-1.2305724281467705,False,True,False
0.4620221247142355,0.4710710786702469,0.24018172941580623,0.3685819049457796,0.6186060681970588,0.2802572527216594,0.313168300945778,False,False,True
-0.2095714768826142,-0.13700328579890936,-0.46557654497136186,-0.5978280712485045,-0.6460574335397699,-0.6610078781899612,-0.4372612201408774,False,True,False
0.8397935256124639,0.21770676014143156,0.8283136247384462,1.1803662849489782,0.9482258106710192,1.0615986963424708,1.110052982861608,False,True,False
-0.2515460769824174,-0.1876761495046724,-0.34795016590683375,-0.3363887408464719,-0.3433454251453163,-0.17209831990091548,-0.2836018420136097,False,True,False
0.5459713249138418,0.4710710786702469,0.35780810848033434,0.11121166918035436,0.1230552988994717,0.0655025869311441,0.25241924447685865,False,False,True
0.7138697253130545,0.6230896697875355,0.24018172941580623,0.674781276350495,0.9168334542449277,0.7051973360943815,0.49184199644260096,False,False,True
-0.2935206770822205,-0.23834901321043547,0.24018172941580623,-0.09020851533171743,-0.5361841860484496,-0.3731452410665043,0.002276070781306547,True,False,False
0.33609832441482596,0.4710710786702469,1.0635663828675024,0.19462810923080842,-0.02942186088440139,-0.21322155377569504,0.9671140264641496,False,False,True
0.587945925013645,0.572416806081773,0.12255535035127811,-0.07189758946698362,-0.08099501787012292,-0.012174632610106236,0.02014344033098884,True,False,False
-0.12562227668300788,-0.23834901321043547,-0.1126974077777775,-0.40454607600964765,-0.3523146698384853,-0.32745275898341614,-0.498010276609797,True,False,False
0.08425072381600793,0.11636103272990543,-0.34795016590683375,-0.18888406026944957,-0.024937238537816885,0.07921033155607062,-0.4301142723210045,False,False,True
0.7138697253130545,0.7244353971990617,0.5930608666093906,0.5415184270015988,0.27329014751005226,0.7600283145940877,0.6812361136692332,False,True,False
1.7212601277083295,1.4338554890797446,1.5340718991256144,2.191536302145945,0.8114448291001921,1.6053392331312226,2.550162968565999,True,False,False
0.8397935256124639,0.927126852022114,0.7106872456739187,0.5445702479790545,0.4661289084131859,0.35793447226290975,0.8170281222468183,False,False,True
1.2175649265106925,1.1804911705509293,0.9459400038029744,1.690020388184069,1.9729620168655773,1.678447204464164,1.3601961565571596,False,False,True
-1.0910380789784797,-1.049114832502644,-0.8184556821649459,-1.1125685427793546,-1.1079735352379732,-1.1087942026042275,-1.0376048370102018,False,True,False
1.9731077283071485,1.9912569898431371,1.7693246572546706,2.73069134149644,1.9752043280388698,2.839036249374609,2.9039368856497085,False,False,True
0.6299205251134481,0.8764539883163509,1.2988191409965588,0.4611538079286007,0.10511680951313368,0.08377957976437946,0.9671140264641496,False,False,True
-1.2169618792778891,-1.2011334236199331,-0.9360820612294737,-1.2081922667396312,-1.132638958144188,-1.2915641309365808,-1.1269416847586131,False,True,False
-0.545368277681039,-0.593059059150777,-0.7008293031004178,-0.7392291098706155,-0.6639959229261079,-0.7478235941478292,-0.7302860807556666,False,True,False
-0.6293174778806454,-0.7450776502680656,0.004928971286750633,-0.7494018464621343,-0.881500106735456,-0.9580090117300357,-0.6409492330072554,False,False,True
-1.9725046810743456,-1.8598806517948523,-1.406587577487586,-1.4269061034572852,-1.377050876033043,-1.4149338325609198,-1.391378754093911,False,False,True
0.587945925013645,0.6230896697875355,0.24018172941580623,0.1234189530901769,-0.006998749151478877,0.27111875630504173,0.03801080988067113,False,False,True
-0.16759687678281104,-0.23834901321043547,-0.7008293031004178,-0.3577514876886612,-0.18862595418815098,-0.2817602769003277,-0.3908060593117035,False,False,True
0.9657173259118734,0.6737625334932986,1.1811927619320306,0.6513839821900017,0.3405594827088198,0.9153827536765883,1.0064222394734506,True,False,False
0.4620221247142355,0.4203982149644838,0.8283136247384462,0.48251655477079003,0.288986325723098,0.20258003318040937,0.5740318963711395,False,False,True
-2.770022082970605,-2.619973607381298,-2.229972230939282,-1.6140844567412307,-1.5362549693367926,-1.5977037608932732,-1.63437497996959,False,True,False
-0.5873428777808423,0.2683796238471946,-0.7008293031004178,-0.8226455499210695,-0.7424768139913366,-0.8300700618973883,-0.8517841936935062,False,True,False
0.0003015236164016051,-0.035657558387383215,0.24018172941580623,-0.07291486312613538,-0.2379568000005805,0.2208570260136445,0.1094802880794003,False,True,False
0.6299205251134481,0.7244353971990617,0.5930608666093906,0.6178139514379898,0.41679806260075636,0.8148592930937938,0.6812361136692332,True,False,False
-0.5873428777808423,-0.6944047865623025,-0.5832029240358897,-0.701589984481996,-0.4464917391167596,-1.0539632241045214,-0.7731677676749041,False,True,False
0.33609832441482596,0.21770676014143156,-0.34795016590683375,-0.3587687613478132,-0.35455698101177757,-0.382283737483122,-0.21213236381488076,False,True,False
0.25214912421522057,0.52174394237601,0.4754344875448625,0.059330712563608654,-0.11687199664279894,0.11576431722254135,0.25241924447685865,False,False,True
-1.5947332801761172,-1.5051706058545111,-1.17133481935853,-1.2905914331309334,-1.2245737162491703,-1.2778563863116543,-1.312762328075309,False,True,False
1.4694125271095104,1.6872198076085587,1.1811927619320306,2.9341460733268163,3.2936832979347117,2.1673567627532098,2.846761303090725,False,False,True
1.0076919260116766,0.7244353971990617,1.1811927619320306,1.0989843922168279,1.4886228034344515,1.002198469634456,0.7884403309673266,True,False,False
-0.6712920779804485,-0.998441968796881,-1.17133481935853,-1.0067720822275594,-0.9196193966814242,-0.8300700618973883,-1.101927367389058,False,True,False
-0.9651142786790707,-0.8464233776795917,-0.9360820612294737,-0.9670984095206362,-0.962223308973977,-0.9945629973965066,-0.9625618849015364,False,False,True
-0.6712920779804485,-0.7957505139738287,-0.9360820612294737,-0.8012828030788801,-0.8859847290820405,-0.9625782599383446,-0.498010276609797,False,True,False
1.3015141267102988,1.2311640342566923,1.5340718991256144,1.3533028070047974,0.9953143453101567,1.427138553007178,1.6103393302527116,False,False,True
0.0003015236164016051,-0.1876761495046724,-0.1126974077777775,-0.4686343165362159,-0.6012112100739249,-0.45539170881606345,-0.21213236381488076,True,False,False
-1.76263168057533,-1.7585349243833264,-1.406587577487586,-1.3241614638829455,-1.2582083838485538,-1.2413024006451838,-1.3770848584541653,False,True,False
-0.2095714768826142,-0.33969474062196164,-0.34795016590683375,-0.5317052834036324,-0.4554609838099286,-0.5193611837323873,-0.5909205982681449,False,True,False
-0.12562227668300788,-0.23834901321043547,0.24018172941580623,-0.418787907237774,-0.2289875553074115,-0.5650536658154757,-0.4801429070601149,False,True,False
0.6718951252132513,0.7244353971990617,0.24018172941580623,0.5048965752721312,0.40334419556100287,0.938228994718132,0.38106430523457074,True,False,False
-1.9305300809745425,-1.809207788089089,-1.2889611984230578,-1.4360615663896519,-1.428624033018765,-1.3920875915193753,-1.405672649733657,False,False,True
1.6373109275087232,1.7885655350200849,1.8869510363191988,2.2037435860557673,2.4886935867227944,2.44151165525174,1.710396599730932,False,False,True
0.33609832441482596,0.06568816902414236,-0.34795016590683375,-0.33333691986901615,-0.26262222290679527,-0.24063704302554811,-0.3908060593117035,False,False,True
0.0003015236164016051,0.06568816902414236,0.12255535035127811,0.028812502789052286,-0.036148794404278144,-0.15839057527598893,0.3417560922252697,False,False,True
-0.41944447738163004,-0.4917133317392508,-0.7008293031004178,-0.7707645933043237,-0.7604153033776746,-0.7478235941478292,-0.7838881894047135,False,True,False
1.5533617273091167,1.5858740801970328,1.2988191409965588,2.006392496180303,1.9034503704935177,2.8436054975829177,1.7890130257495342,True,False,False
0.8397935256124639,0.572416806081773,0.35780810848033434,0.2872000122136293,0.19480925644482375,0.03351784947298219,0.7884403309673266,False,True,False
0.37807292451462915,0.4203982149644838,0.12255535035127811,0.24243997121094663,0.17911307823177797,0.38991920972107164,0.32031524876565093,False,False,True
-0.04167307648340156,0.015015305318379291,0.7106872456739187,0.08069345940579822,0.05802827487399641,0.3487959758462921,0.07374554898003571,True,False,False
1.5533617273091167,1.4338554890797446,1.4164455200610868,2.184415386531882,2.338458738112214,2.3684036839187987,1.8604825039482633,False,False,True
0.4200475246144323,0.4203982149644838,0.4754344875448625,0.48251655477079003,0.8764718531256677,0.30310349376320367,0.1273476576290826,True,False,False
-2.811996683070408,-2.7213193347928235,-2.582851368132866,-1.626291740651053,-1.5609203922430075,-1.6068422573098908,-1.6379484538795264,False,True,False
-0.5873428777808423,-0.593059059150777,-0.1126974077777775,-0.5988453449076564,-0.33661849162543955,-0.8711932957721678,-0.7660208198550312,False,True,False
1.3854633269099041,1.737892671314322,1.2988191409965588,1.6828994725700057,1.558134449806511,1.651031715214311,1.6567944910818853,True,False,False
1.0076919260116766,1.02847257943364,0.4754344875448625,1.015567952166374,1.3720226224232543,1.171260653341883,0.5525910529115208,False,False,True
1.4694125271095104,1.6872198076085587,1.4164455200610868,1.8426114370568507,1.8608464582009647,1.9708790897959299,1.58175153897322,True,False,False
0.33609832441482596,0.8257811246105878,0.35780810848033434,0.1905590145942009,0.19929387879140822,0.3533652240546009,0.1094802880794003,True,False,False
-1.3009110794774956,-1.2011334236199331,-1.0537084402940018,-1.1837776989199862,-1.1483351363572338,-1.122501947229154,-1.234145902056707,False,True,False
0.8397935256124639,0.7751082609048248,0.4754344875448625,0.7785431895839865,1.2128185291195048,0.38991920972107164,0.445386835613427,False,False,True
1.6373109275087232,1.737892671314322,1.2988191409965588,2.588273029215178,2.9864866671936734,2.7339435405835055,2.1284930471934973,True,False,False
-0.41944447738163004,-0.4917133317392508,-0.7008293031004178,-0.6893827005721735,-0.6707228564459846,-0.6473001335650347,-0.6409492330072554,False,True,False
-1.552758680076314,-1.3531520147372218,-1.17133481935853,-1.270245959947896,-1.2918430514479375,-1.2595793934784192,-1.2127050585970882,False,False,True
-0.6293174778806454,-0.5423861954450139,-0.8184556821649459,-0.6273290073639091,-0.5541226754347877,-0.5878999068570198,-0.6766839721066199,True,False,False
0.04227612371620477,0.1670338964356685,-0.23032378684230562,-0.14717584024422264,-0.1594759089353517,0.14774905468070326,-0.24786710291424535,True,False,False
0.33609832441482596,-0.08633042209314629,-0.23032378684230562,-0.27128322666075166,-0.2379568000005805,-0.1309750860261359,-0.42654079841106807,True,False,False
-1.2589364793776923,-1.2518062873256963,-0.9360820612294737,-1.2041231721030239,-1.1460928251839415,-1.1453481882706982,-1.2127050585970882,False,True,False
1.5113871272093136,1.4845283527855078,1.7693246572546706,2.66558582731072,3.0761791141253636,1.8475093881715912,2.060597042904705,False,False,True
-0.7552412781800548,-0.8464233776795917,-0.7008293031004178,-0.943701115360143,-0.9016809072950862,-0.921455026063565,-0.9625618849015364,False,True,False
-1.426834879776905,-1.2011334236199331,-1.17133481935853,-1.0240657344331414,-1.0160387771329908,-0.866624047563859,-1.06976610219963,False,False,True
0.587945925013645,0.4710710786702469,0.4754344875448625,0.4255492298582848,0.4100711290808796,0.7737360592190142,0.34532956613520616,True,False,False
0.7978189255126608,0.7751082609048248,0.5930608666093906,0.6137448568013824,0.7307216268616711,0.6366586129697489,0.3060213531259051,False,False,True
1.3015141267102988,1.0791454431394032,0.8283136247384462,1.6025348534970076,0.6813907810492416,2.0851102950036506,2.7181162423330125,True,False,False
0.6299205251134481,0.572416806081773,0.35780810848033434,0.4255492298582848,0.5154597542256152,0.6320893647614401,0.28815398357622324,True,False,False
1.4274379270097073,1.2311640342566923,1.4164455200610868,2.4753556530493186,1.74648858836306,2.181064507378136,2.6430732902243474,True,False,False
0.8397935256124639,0.6230896697875355,0.7106872456739187,0.6829194656237101,0.44819041902684786,0.691489591469455,1.1064795089516715,False,False,True
0.5459713249138418,0.6737625334932986,0.004928971286750633,0.2973727488051481,0.4571596637200169,0.19801078497210053,0.25241924447685865,False,False,True
0.8817681257122671,0.6737625334932986,0.35780810848033434,0.3451846107852863,0.4100711290808796,0.6503663575946754,0.18094976627812948,True,False,False
0.4200475246144323,0.2683796238471946,0.24018172941580623,0.406221030334399,0.44819041902684786,0.3396574794296744,0.8599098091660557,True,False,False
-0.08364767658320472,-0.2890218769161986,-0.46557654497136186,-0.418787907237774,-0.15274897541547497,-0.46909945344098997,-0.5694797548085262,False,True,False
0.8397935256124639,0.4710710786702469,0.7106872456739187,0.5110002172270427,0.6051522011573052,0.49044267030386596,0.538297157271775,False,False,True
0.7978189255126608,0.8764539883163509,1.2988191409965588,1.390941932393417,0.9796181670971107,1.5093850207567368,1.9998479864357848,False,False,True
0.8817681257122671,0.7244353971990617,0.8283136247384462,1.0918634766027646,0.632059935236812,1.1209989230504858,1.9676867212463571,True,False,False
0.5459713249138418,0.3190524875529577,0.004928971286750633,0.35840916835426057,0.5244289989187841,0.27111875630504173,0.3774908313246343,True,False,False
0.5459713249138418,0.572416806081773,0.5930608666093906,0.5781402787310664,0.6993292704355795,0.8422747823436468,0.25241924447685865,False,False,True
-2.686072882770999,-2.7213193347928235,-2.112345851874754,-1.5967908045356485,-1.5429819028566696,-1.542872782393567,-1.6165076104199074,False,True,False
0.29412372431502376,0.015015305318379291,0.5930608666093906,0.2017490248448717,-0.045118039097447146,0.5132889113454101,0.43109293997368114,False,False,True
0.4200475246144323,0.52174394237601,0.5930608666093906,0.5964512045958005,-0.278318401119841,-0.021313129026723922,1.4316656347558887,True,False,False
0.04227612371620477,0.11636103272990543,-0.1126974077777775,-0.31299144668597856,-0.4666725396763899,-0.359437496441578,-0.21213236381488076,True,False,False
0.6299205251134481,0.52174394237601,0.9459400038029744,0.6290039616886601,0.28001708102992906,0.7006280878860727,0.8956445482654204,False,False,True
0.9657173259118734,0.927126852022114,0.5930608666093906,0.6768158236687986,0.8675026084324986,0.5315659041786456,0.5740318963711395,True,False,False
0.21017452411541743,0.4203982149644838,0.24018172941580623,0.3736682732415389,0.20826312348457698,0.18887228855548283,0.3417560922252697,False,False,True
-0.8391904783796612,-0.8464233776795917,-0.46557654497136186,-0.9264074631545611,-0.980161798360315,-0.6792848710231966,-0.9625618849015364,False,False,True
-1.2589364793776923,-1.1504605599141702,-0.7008293031004178,-1.0789985120273429,-1.0541580670789592,-1.1270711954374628,-0.9732823066313459,True,False,False
0.04227612371620477,0.11636103272990543,-0.46557654497136186,-0.4767725058094309,-0.47115716202297436,-0.36400674464988686,-0.4479816418706868,False,True,False
-0.3354952771820237,-0.39036760432772466,0.35780810848033434,0.27906182294041426,0.26207859164359104,0.5909661308866605,-0.022738246588248662,False,False,True
0.4620221247142355,0.3190524875529577,0.4754344875448625,-0.0027229806446558463,-0.10790275194962994,0.17973379213886514,0.06302512725022634,False,False,True
1.3015141267102988,1.2818368979624555,1.0635663828675024,1.5791375593365142,1.6321307185251555,1.285491858549604,1.8461886083085175,False,False,True
-1.3009110794774956,-1.403824878442985,-1.0537084402940018,-1.2478659394465546,-1.1819698039566173,-1.2321639042285661,-1.2484397976964527,False,True,False
0.7138697253130545,0.8764539883163509,0.4754344875448625,0.5252420484551688,0.4863097089728159,0.15688755109732094,1.0314365568430057,True,False,False
-0.4614190774814332,-0.4917133317392508,-0.46557654497136186,-0.718883636687578,-0.6729651676192768,-0.6884233674398144,-0.6409492330072554,True,False,False
0.5039967248140387,0.4710710786702469,0.12255535035127811,0.2485436131658579,0.15220534415227097,0.8011515484688673,0.13092113153901905,False,False,True
0.4620221247142355,0.3190524875529577,0.24018172941580623,0.43877378742725914,0.7060562039554565,0.34422672763798323,0.2845805096662868,False,False,True
1.133615726311086,1.1804911705509293,0.9459400038029744,1.7551259023697894,1.0850067922418467,2.0074330754624006,1.2887266783584304,False,True,False
0.6299205251134481,0.4203982149644838,0.4754344875448625,0.6330730563252677,0.8002332732337311,0.4036269543459982,0.4811215747127916,False,False,True
0.21017452411541743,0.015015305318379291,0.24018172941580623,-0.09326033630917295,-0.3523146698384853,0.04722559409790872,0.25241924447685865,False,False,True
-1.174987279178086,-1.099787696208407,-0.9360820612294737,-1.1013785325286842,-1.0720965564652971,-1.0768094651460656,-1.06976610219963,False,True,False
-0.8391904783796612,-1.049114832502644,-0.7008293031004178,-0.959977493906573,-0.8411385056161956,-0.8529163029389325,-1.016163993550583,False,False,True
0.9237427258120703,0.8257811246105878,0.4754344875448625,0.5496566162748138,0.7778101615008085,0.05179484230621756,0.7562790657778985,False,False,True
-0.41944447738163004,0.11636103272990543,0.4754344875448625,-0.24686865884110656,-0.0473603502707394,-0.27719102869201884,-0.39437953322163993,False,True,False
1.2595395266104956,1.1298183068451662,0.8283136247384462,1.34923371236819,1.6859461866841696,1.1392759158837211,0.9313792873647849,True,False,False
0.1262253239158111,0.1670338964356685,-0.1126974077777775,-0.29468052082124474,-0.058571906137200654,-0.24063704302554811,-0.19069152035526202,False,True,False
0.0003015236164016051,-0.08633042209314629,0.004928971286750633,-0.359786035006965,-0.24916835586704175,-0.19037531273415084,-0.5051572244296699,False,True,False
-0.3354952771820237,-0.33969474062196164,0.004928971286750633,-0.6303808283413646,-0.720053702258414,-0.528499680149005,-0.498010276609797,False,True,False
1.2175649265106925,1.1298183068451662,0.24018172941580623,1.1701935483574593,0.7105408263020411,1.5276620135899721,0.9313792873647849,True,False,False
0.0003015236164016051,-0.035657558387383215,0.12255535035127811,-0.2733177739790554,-0.251410667040334,-0.2497755394421658,-0.21213236381488076,False,True,False
-0.6712920779804485,-0.6944047865623025,0.12255535035127811,-0.8073864450337913,-0.7447191251646288,-0.8255008136890795,-0.7838881894047135,False,True,False
-0.16759687678281104,0.1670338964356685,-0.34795016590683375,-0.4462542960348746,-0.5182456966621116,-0.3959914821080485,-0.2836018420136097,False,True,False
0.33609832441482596,0.4203982149644838,0.12255535035127811,0.037967965721419306,0.27329014751005226,-0.11269809319290051,-0.104928146516787,True,False,False
-0.16759687678281104,-0.23834901321043547,-0.8184556821649459,-0.5662925878147963,-0.5451534307416187,-0.5147919355240784,-0.6016410199979543,False,False,True
-2.0564538812739515,-2.0625721066179046,-1.6418403356166418,-1.48387342836979,-1.4331086553653494,-1.3783798468944488,-1.4985829713920047,False,True,False
0.8817681257122671,0.8764539883163509,0.12255535035127811,0.6432457929167866,0.8293833184865301,0.7783053074273231,0.3489030400451426,True,False,False
1.847183928007739,1.6872198076085587,1.4164455200610868,2.1427071665066544,2.6613515470662974,1.4180000565905604,1.8247477648488988,False,False,True
1.1755903264108893,1.2818368979624555,2.004577415383727,2.7520540883386295,1.7621847665761057,1.9206173595045326,4.612057414599334,False,False,True
-1.2589364793776923,-1.2518062873256963,-1.17133481935853,-1.2081922667396312,-1.141608202837357,-1.2915641309365808,-1.141235580398359,False,True,False
0.8817681257122671,0.977799715727877,0.35780810848033434,0.5577948055480288,0.5894560229442595,0.4127654507626159,0.609766635470504,False,False,True
0.37807292451462915,0.4203982149644838,0.5930608666093906,0.14681624725067025,-0.13481048602913695,0.03351784947298219,0.39535820087431656,True,False,False
-0.16759687678281104,0.015015305318379291,-0.34795016590683375,-0.38420060282661006,-0.3209223134123938,-0.4371147159828281,-0.6052144939078908,False,False,True
0.08425072381600793,0.3190524875529577,0.24018172941580623,-0.31400872034513055,-0.46891485084968215,-0.382283737483122,0.1452150271787649,False,False,True
0.8817681257122671,0.7244353971990617,1.0635663828675024,0.7714222739699232,0.7598716721144706,0.6823510950528373,0.5883257920108853,False,False,True
-1.0490634788786766,-1.099787696208407,-0.34795016590683375,-0.8419737494449553,-0.7604153033776746,-0.8300700618973883,-0.8732250371531249,False,False,True
0.6299205251134481,0.6230896697875355,0.35780810848033434,0.4174110405850698,0.34504410505540434,0.13861055826408558,0.609766635470504,False,False,True
0.7138697253130545,0.6737625334932986,0.5930608666093906,0.5801748260493704,0.30244019276285156,0.3625037204712186,0.538297157271775,False,False,True
0.9237427258120703,0.7244353971990617,0.12255535035127811,0.7124204017391145,1.3652956889033778,0.44018094001246894,-0.104928146516787,False,False,True
-0.2935206770822205,-0.2890218769161986,-0.34795016590683375,-0.5734135034288593,-0.5182456966621116,-0.6701463746065789,-0.46942248533030556,True,False,False
0.0003015236164016051,-0.035657558387383215,-0.5832029240358897,-0.2255059119989172,-0.224502932960827,0.09748732438930599,-0.2836018420136097,True,False,False
0.7138697253130545,0.8257811246105878,0.4754344875448625,0.5720366367761553,0.46837121958647815,0.43104244359585125,0.7241178005884708,False,False,True
-3.0638442836692263,-2.924010789615876,-2.818104126261922,-1.6537581294481538,-1.58334350397593,-1.6114115055181997,-1.6772566668888274,False,True,False
0.7558443254128576,0.572416806081773,0.24018172941580623,0.1875071936167454,0.4526750413734324,0.01524085663974682,0.012996492511115922,True,False,False
-0.6293174778806454,-0.593059059150777,-0.23032378684230562,-0.743298204507223,-0.6864190346590304,-0.697561863856432,-0.748153450305349,False,False,True
0.21017452411541743,0.2683796238471946,0.4754344875448625,0.1529198892055815,-0.08323732904341517,0.3487959758462921,0.39535820087431656,False,False,True
0.33609832441482596,0.4203982149644838,1.2988191409965588,0.35128825274019776,0.20377850113799273,0.6366586129697489,0.3238887226755874,True,False,False
2.0150823284069515,1.7885655350200849,0.9459400038029744,3.1884644881147857,3.4416758353719996,3.0263754259152718,2.0999052559140057,False,False,True
-0.545368277681039,-0.2890218769161986,-0.23032378684230562,-0.39030424478152137,-0.2715914675999643,-0.2589140358587835,-0.5694797548085262,True,False,False
-2.224352281673164,-2.113244970323667,-1.75946671468117,-1.4950634386204609,-1.4196547883255959,-1.4057953361443019,-1.4985829713920047,False,False,True
0.29412372431502376,0.06568816902414236,-0.23032378684230562,-0.14107219828931136,0.0400897854876584,-0.098990348567974,-0.31576310720303785,False,False,True
-0.5873428777808423,-0.8464233776795917,-0.1126974077777775,-0.022051180168541656,0.17911307823177797,-0.08528260394304746,-0.20498541599500783,False,True,False
0.5459713249138418,0.927126852022114,1.4164455200610868,0.724627685648937,0.2306862352174995,0.8194285413021026,0.9313792873647849,False,False,True
-3.1058188837690297,-3.076029380733165,-2.112345851874754,-1.6547754031073059,-1.5945550598423912,-1.6205500019348174,-1.6772566668888274,False,True,False
-0.04167307648340156,-0.23834901321043547,0.004928971286750633,-0.3485960247562944,-0.5025495184490659,0.20714928138871797,-0.5694797548085262,False,False,True
-1.6367078802759203,-1.555843469560274,-1.2889611984230578,-1.35366239999835,-1.3344469637404903,-1.2961333791448897,-1.2841745367958173,False,True,False
1.4694125271095104,1.9405841261373742,2.122203794448255,2.3848182973848018,2.0178082403314224,2.0439870611288713,2.400077064348668,False,False,True
-0.5033936775812359,-0.593059059150777,-0.5832029240358897,-0.8338355601717402,-0.9151347743348398,-0.8209315654807706,-0.7517269242152854,True,False,False
0.6718951252132513,0.36972535125872075,0.004928971286750633,0.3075454853966669,0.3091671262827283,0.25284176347180637,0.39535820087431656,False,False,True
0.7558443254128576,0.8764539883163509,1.4164455200610868,0.9626697218904764,0.9818604782704031,1.1941068943834272,0.9385262351846578,False,False,True
0.37807292451462915,0.21770676014143156,0.4754344875448625,-0.04036210603327525,0.12081298772617945,-0.19951380915076852,-0.0799138291472318,True,False,False
-2.2663268817729674,-2.2652635614409564,-1.877093093745698,-1.511339817166891,-1.4532894559249796,-1.4606263146440082,-1.548611606131115,False,True,False
0.587945925013645,0.4710710786702469,0.24018172941580623,0.11222894283950635,0.3181363709758973,0.18430304034717399,-0.11922204215653284,False,False,True
1.0496665261114797,0.6737625334932986,0.5930608666093906,1.1325544229688398,0.9841027894436952,1.532231261798281,0.49898894426247387,True,False,False
0.04227612371620477,0.06568816902414236,-0.23032378684230562,-0.2784041422748149,0.13426685476593295,-0.638161637148417,-0.5194511200694157,False,True,False
0.7978189255126608,0.6230896697875355,0.12255535035127811,0.5201556801594095,0.674663847529365,0.8285670377187203,0.12020070980920967,False,False,True
0.7978189255126608,0.6737625334932986,0.4754344875448625,0.15495443652388527,0.04681671900753515,-0.12640583781782705,0.48469504862272805,False,True,False
-1.6367078802759203,-1.6065163332660373,-0.8184556821649459,-1.3414551160885273,-1.3232354078740292,-1.3326873648113604,-1.2841745367958173,False,True,False
-0.2095714768826142,-0.23834901321043547,-0.23032378684230562,-0.12784764072033683,-0.43976480559688286,-0.7843775798142999,0.21668450537749406,True,False,False
-1.7206570804755268,-1.6571891969718002,-1.524213956552114,-1.3740078731813874,-1.3546277643001206,-1.3052718755615074,-1.3627909628144195,False,False,True
0.08425072381600793,0.015015305318379291,-0.1126974077777775,0.06339980720021617,-0.33661849162543955,-0.2589140358587835,0.5740318963711395,False,False,True
0.8817681257122671,0.7751082609048248,1.1811927619320306,0.8395796091330991,0.4616442860666014,1.1392759158837211,1.0743182437622432,True,False,False
0.33609832441482596,0.2683796238471946,0.24018172941580623,0.3238218639430969,0.9818604782704031,0.01524085663974682,-0.24072015509437242,False,False,True
-0.6293174778806454,-0.7450776502680656,-0.34795016590683375,-0.7799200562366906,-0.6460574335397699,-0.5010841908991519,-0.9268271458021718,False,False,True
1.6373109275087232,1.839238398725848,1.5340718991256144,1.8690605521947996,1.8608464582009647,2.208479996627989,1.717543547550805,True,False,False
-0.2095714768826142,-0.08633042209314629,-0.23032378684230562,-0.3384232881647756,-0.45994560615651314,-0.4371147159828281,0.002276070781306547,False,False,True
-0.12562227668300788,-0.2890218769161986,-0.1126974077777775,-0.30485325741276353,-0.07651039552353842,-0.3548682482332692,-0.498010276609797,False,False,True
1.3015141267102988,0.977799715727877,0.7106872456739187,1.0430343409634746,1.3294187101307018,1.0615986963424708,0.8241750700666912,True,False,False
0.4620221247142355,0.4203982149644838,0.35780810848033434,-0.006792075281263361,-0.17741439832168973,0.1523183028890121,0.03443733597073467,False,False,True
1.0496665261114797,1.02847257943364,0.8283136247384462,1.0562588985324493,0.9616796777107727,1.230660880049898,1.0635978220324338,True,False,False
0.6299205251134481,0.7244353971990617,0.24018172941580623,0.4031692093569433,0.21499005700445376,0.8194285413021026,0.39535820087431656,True,False,False
0.29412372431502376,0.4203982149644838,0.4754344875448625,0.39197919910627294,0.30692481510943603,0.7965823002605584,0.43109293997368114,True,False,False
1.4694125271095104,1.1804911705509293,1.1811927619320306,1.659502178409513,2.2151316235811405,1.1529836605086476,1.142214248051036,True,False,False
-1.426834879776905,-1.2518062873256963,-1.0537084402940018,-1.2275204662635169,-1.1886967374764943,-1.2184561596036396,-1.2019846368672786,False,True,False
0.16819992401561426,0.015015305318379291,-0.46557654497136186,-0.07698395776274289,0.3293479268423586,-0.3685759928581955,-0.3550713202123389,False,False,True
0.6299205251134481,0.7244353971990617,0.8283136247384462,0.8100786730176948,0.23292854639079175,0.8468440305519557,1.2529919392590658,False,False,True
1.133615726311086,1.2311640342566923,1.0635663828675024,1.0481207092592342,0.8316256296598226,0.8194285413021026,1.6889557562713133,True,False,False
1.0076919260116766,0.927126852022114,0.9459400038029744,1.2820936508641663,1.0670683028555088,0.5635506416368075,1.4245186869360158,False,False,True
-0.6293174778806454,-0.593059059150777,0.12255535035127811,-0.6222426390681495,-0.6819344123124459,-0.7386850977312115,-0.5301715417992252,False,True,False
-0.08364767658320472,0.1670338964356685,0.12255535035127811,0.214973582413846,0.6118791346771819,0.0015331120148202922,-0.15138330734596098,False,False,True
-0.08364767658320472,0.4710710786702469,-0.1126974077777775,-0.2204195437031577,-0.29401457933288677,-0.16752907169260664,-0.033458668318058035,False,False,True
-0.6293174778806454,-0.5423861954450139,-0.8184556821649459,-0.7860236981916019,-0.7335075692981675,-0.8026545726475353,-0.7588738720351583,False,True,False
-0.5033936775812359,-0.4917133317392508,-0.46557654497136186,-0.7209181840058818,-0.7559306810310901,-0.6244538925234905,-0.5694797548085262,True,False,False
0.9657173259118734,0.927126852022114,0.7106872456739187,0.8823051028174779,0.9168334542449277,1.431707801215487,0.538297157271775,True,False,False
0.7558443254128576,0.52174394237601,0.24018172941580623,0.39808284106118397,0.5961829564641362,0.18430304034717399,0.24884577056692217,True,False,False
-1.0490634788786766,-1.049114832502644,-1.2889611984230578,-1.0861194276414061,-1.132638958144188,-1.008270742021433,-0.9982966240009008,False,False,True
-1.0910380789784797,-1.2011334236199331,-1.0537084402940018,-1.0718775964132796,-1.0474311335590825,-0.8849010403970943,-1.1626764238579776,False,True,False
1.3015141267102988,0.927126852022114,1.0635663828675024,1.8517668999892178,1.820484857081704,1.3220458442160747,1.6353536476222668,True,False,False
-1.8465808807749362,-1.809207788089089,-1.406587577487586,-1.3729905995222353,-1.31426616318086,-1.3372566130196692,-1.3699379106342924,True,False,False
0.04227612371620477,0.06568816902414236,0.12255535035127811,0.2302326873011241,0.10735912068642593,0.03808709768129103,0.18094976627812948,False,True,False
1.8052093279079358,1.9405841261373742,1.2988191409965588,2.3258164251539926,1.0648259916822163,2.0805410467953416,3.361341546121574,True,False,False
-0.9231396785792675,-0.8464233776795917,-0.9360820612294737,-1.0362730183429638,-0.9285886413745933,-1.1087942026042275,-0.9625618849015364,False,True,False
0.25214912421522057,0.11636103272990543,0.12255535035127811,0.07865891208749447,-0.2379568000005805,0.7006280878860727,0.07374554898003571,False,False,True
1.343488726810102,1.2818368979624555,0.8283136247384462,1.53336024467468,1.600738362099064,1.797247657880194,1.2994471000882397,True,False,False
0.7978189255126608,0.52174394237601,0.7106872456739187,0.6025548465507116,0.782294783847393,0.7554590663857789,0.4025051486941895,False,False,True
-1.6786824803757237,-1.6065163332660373,-1.406587577487586,-1.3322996531561606,-1.3501431419535361,-1.3281181166030516,-1.2627336933361986,False,True,False
1.133615726311086,0.6737625334932986,0.9459400038029744,1.0959325712393722,1.25766475258535,1.0341832070926178,0.6812361136692332,True,False,False
0.4200475246144323,0.2683796238471946,0.35780810848033434,0.13562623699999946,0.22844392404420724,0.4721656774706308,-0.06919340741742243,True,False,False
0.6299205251134481,0.927126852022114,0.4754344875448625,0.5923821099591929,0.667936914009488,0.6869203432611461,0.4954154703525374,True,False,False
-0.6293174778806454,-0.6944047865623025,-1.0537084402940018,-1.0301693763880526,-0.9958579765733607,-1.067670968729448,-0.9625618849015364,False,True,False
0.9237427258120703,0.7244353971990617,2.2398301735127824,0.474378365497575,0.235170857564084,0.43104244359585125,0.8599098091660557,False,False,True
0.4620221247142355,0.52174394237601,0.004928971286750633,0.19462810923080842,0.23741316873737625,0.03351784947298219,0.21668450537749406,False,True,False
-0.04167307648340156,0.52174394237601,0.24018172941580623,0.3828237361739057,0.728479315688379,0.16145679930562978,0.10233334025952738,True,False,False
-0.5033936775812359,-0.593059059150777,-0.1126974077777775,-0.41573608626031844,-0.4554609838099286,-0.332022007191725,-0.46227553751043265,True,False,False
-1.552758680076314,-1.6065163332660373,-1.17133481935853,-1.326196011201249,-1.269419939715015,-1.3509643576445958,-1.3199092758951818,False,True,False
-0.6293174778806454,-0.7450776502680656,-0.8184556821649459,-0.9538738519516619,-0.9106501519882553,-0.9260242742718738,-0.9304006197121083,False,True,False
-0.04167307648340156,0.06568816902414236,0.4754344875448625,-0.4798243267868867,-0.6729651676192768,-0.3548682482332692,0.1452150271787649,False,True,False
1.0076919260116766,1.02847257943364,0.35780810848033434,1.4407883416918588,1.2554224414120574,1.623616225964458,1.3601961565571596,False,False,True
1.5533617273091167,1.6365469439027958,1.2988191409965588,2.3390409827229672,2.8340095074098013,2.8481747457912268,1.717543547550805,True,False,False
-0.08364767658320472,-0.23834901321043547,-0.23032378684230562,-0.42285700187438147,-0.33661849162543955,-0.47823794985760765,-0.46227553751043265,False,False,True
0.7978189255126608,0.6737625334932986,1.0635663828675024,1.0053952155748551,1.0939760369350158,1.317476596007766,0.6455013745698687,False,False,True
0.21017452411541743,-0.035657558387383215,0.004928971286750633,-0.0576557582388573,-0.5227303190086962,-0.15839057527598893,0.1094802880794003,False,False,True
0.5039967248140387,0.8257811246105878,1.0635663828675024,0.6920749285560769,0.7239946933417946,0.664074102219602,0.6812361136692332,False,False,True
0.9237427258120703,0.927126852022114,0.9459400038029744,0.9372378804116795,1.0468875022958781,0.810290044885485,0.9313792873647849,False,False,True
-0.7132666780802517,-0.7957505139738287,-0.1126974077777775,-0.8572328543322334,-0.8859847290820405,-0.7341158495229027,-0.8625046154233156,False,True,False
1.4694125271095104,1.4845283527855078,1.8869510363191988,1.6991758511164359,1.284572486664857,2.263310975127695,1.5388698520539825,True,False,False
-0.545368277681039,-0.39036760432772466,-0.46557654497136186,-0.6049489868625677,-0.43079556090371385,-0.66557712639827,-0.7517269242152854,False,True,False
1.1755903264108893,1.0791454431394032,1.1811927619320306,1.6432257998630828,2.1097429984364044,1.6144777295478403,0.9385262351846578,False,False,True
0.04227612371620477,0.2683796238471946,-0.1126974077777775,-0.19193588124690508,-0.14826435306889046,-0.4508224606077546,-0.1406628856161516,False,False,True
-0.5033936775812359,-0.6944047865623025,-0.8184556821649459,-0.701589984481996,-0.5810304095142945,-0.7067003602730497,-0.8374902980537604,False,False,True
0.21017452411541743,0.2683796238471946,0.12255535035127811,0.02474340815244477,-0.1460220418955982,0.09748732438930599,0.1094802880794003,False,False,True
-0.04167307648340156,-0.13700328579890936,-0.5832029240358897,-0.3791142345308508,-0.2020798212279045,-0.5147919355240784,-0.3836591114918306,False,True,False
0.04227612371620477,-0.13700328579890936,0.12255535035127811,-0.11360580949221052,-0.23571448882728827,-0.10812884498459167,0.1094802880794003,True,False,False
-0.2095714768826142,-0.08633042209314629,-0.34795016590683375,-0.33231964620986437,-0.4464917391167596,-0.4508224606077546,-0.1406628856161516,True,False,False
1.3854633269099041,1.3325097616682184,1.0635663828675024,1.5069111295367308,1.493107425781036,1.2535071210914421,1.646074069352076,True,False,False
-0.04167307648340156,-0.23834901321043547,0.5930608666093906,-0.0810530523993504,0.06475520839387316,-0.007605384401797393,-0.4158203766812587,False,False,True
-1.9725046810743456,-1.9612263792063784,-1.877093093745698,-1.4635279551867526,-1.3792931872063354,-1.4834725556855524,-1.4842890757522587,False,True,False
-0.2515460769824174,-0.33969474062196164,-0.46557654497136186,-0.49203161069670925,-0.2379568000005805,-0.5422074247739315,-0.7088452372960479,False,True,False
1.0076919260116766,1.1298183068451662,0.9459400038029744,0.9240133228427048,0.9728912335772342,1.5642159992564428,0.5525910529115208,True,False,False
-0.7132666780802517,-0.593059059150777,0.004928971286750633,-0.7727991406226274,-0.8501077503093645,-1.008270742021433,-0.3979530071315764,False,False,True
0.29412372431502376,0.1670338964356685,-0.1126974077777775,0.2251463190053648,0.665694602836196,0.18887228855548283,-0.30146921156329204,False,False,True
-1.2169618792778891,-1.099787696208407,-0.9360820612294737,-1.1807258779425307,-1.141608202837357,-1.1636251811039335,-1.1591029499480412,False,False,True
0.6718951252132513,0.7751082609048248,0.8283136247384462,0.6391766982801792,0.3226209933224818,0.8148592930937938,1.181522461060337,False,False,True
-0.08364767658320472,-0.035657558387383215,-0.23032378684230562,-0.5245843677895694,-0.6617536117528157,-0.4279762195662104,-0.3193365811129743,False,True,False
1.2175649265106925,1.1804911705509293,0.5930608666093906,1.5821893803139702,1.4415342687953143,1.2215223836332803,1.149361195870909,False,False,True
-0.3354952771820237,-0.44104046803348773,0.24018172941580623,0.17021354141116335,0.24189779108396076,0.16602604751393862,0.2381253488371128,True,False,False
-0.8391904783796612,-0.8464233776795917,-0.9360820612294737,-1.0199966397965339,-1.0048272212665297,-0.9899937491881977,-0.9268271458021718,False,False,True
1.4694125271095104,1.4338554890797446,0.7106872456739187,1.7357977028459035,1.7621847665761057,1.3311843406326924,0.5740318963711395,True,False,False
-2.1404030814735577,-2.0625721066179046,-2.112345851874754,-1.519478006440106,-1.482439501177779,-1.4834725556855524,-1.5057299192118776,False,True,False
-1.384860279677102,-1.403824878442985,-1.17133481935853,-1.2376932028550356,-1.2447545168088003,-1.1681944293122424,-1.1769703194977235,False,False,True
0.4200475246144323,-0.08633042209314629,0.35780810848033434,0.20683539314063099,-0.00027181563160212283,0.5818276344700428,0.43109293997368114,False,False,True
1.7212601277083295,1.7885655350200849,2.004577415383727,2.8476778122989064,3.9417112270161723,2.2039107484196805,2.3107402166002564,False,False,True
0.8817681257122671,0.8764539883163509,1.1811927619320306,0.6808849183054061,0.7867794061939776,0.2802572527216594,-0.5516123852588439,True,False,False
2.057056928506755,2.1432755809604265,1.2988191409965588,3.4275237980154762,3.385618056039694,4.20981071186726,2.875349094370217,False,False,True
0.7558443254128576,0.977799715727877,1.1811927619320306,1.1640899064025483,1.394445734156177,1.0204754624676913,0.8956445482654204,False,False,True
-2.9379204833698176,-2.873337925910113,-2.3475986100038098,-1.6334126562651161,-1.574374259282761,-1.5794267680600378,-1.6486688756093357,False,True,False
0.6299205251134481,0.572416806081773,0.5930608666093906,0.44080833474556314,0.46837121958647815,0.49044267030386596,0.538297157271775,False,False,True
-0.16759687678281104,-0.44104046803348773,-0.5832029240358897,-0.6303808283413646,-0.4958225849291891,-0.7752390833976822,-0.6409492330072554,False,False,True
0.0003015236164016051,0.3190524875529577,0.24018172941580623,0.023726134493293003,0.0356051631410739,0.16145679930562978,0.002276070781306547,True,False,False
0.6718951252132513,0.8764539883163509,1.1811927619320306,1.233264515224876,0.4863097089728159,0.7737360592190142,1.2172572001597013,True,False,False
-0.5033936775812359,-0.4917133317392508,-0.8184556821649459,-0.6975208898453885,-0.7738691704174281,-0.8803317921887854,-0.3550713202123389,False,False,True
-0.4614190774814332,-0.33969474062196164,-0.23032378684230562,-0.626311733704757,-0.6572689894062311,-0.44625321239944576,-0.6766839721066199,False,False,True
0.37807292451462915,0.2683796238471946,-0.34795016590683375,0.13359168968169569,0.10063218716654919,0.024379353056364506,0.25241924447685865,False,False,True
-0.7132666780802517,-0.7957505139738287,-0.1126974077777775,-0.6283462810230608,-0.854592372655949,-0.8255008136890795,-0.3193365811129743,False,True,False
-1.2589364793776923,-1.3024791510314588,-1.0537084402940018,-1.2376932028550356,-1.2245737162491703,-1.2595793934784192,-1.141235580398359,False,False,True
-0.12562227668300788,-0.6944047865623025,0.9459400038029744,-0.26517958470584035,-0.21777599944095025,-0.1446828306510624,-0.2836018420136097,True,False,False
-0.3354952771820237,-0.1876761495046724,-0.1126974077777775,-0.43506428578420403,-0.4958225849291891,-0.42340697135790156,-0.544465437438971,False,False,True
1.59533632740892,1.4338554890797446,0.8283136247384462,2.022668874726733,2.5895975895209453,1.824663147130047,1.4316656347558887,False,False,True
-2.9379204833698176,-2.82266506220435,-1.9947194728102262,-1.626291740651053,-1.5698896369361766,-1.5931345126849643,-1.6236545582397803,False,True,False
0.6718951252132513,0.6737625334932986,0.9459400038029744,0.214973582413846,0.1499630329789787,0.3487959758462921,0.39535820087431656,False,False,True
1.0916411262112828,0.927126852022114,1.8869510363191988,1.0745698243971828,1.2621493749319344,1.3220458442160747,1.181522461060337,True,False,False
-2.014479281174149,-1.9612263792063784,-1.524213956552114,-1.4747179654374234,-1.4308663441920573,-1.4423493218107728,-1.46284823229264,False,False,True
-0.7972158782798581,-0.8464233776795917,-0.5832029240358897,-0.9040274426532198,-0.9554963754541003,-0.6792848710231966,-0.9268271458021718,True,False,False
0.8817681257122671,0.7751082609048248,0.12255535035127811,0.47030927086096747,0.6544830469697345,-0.021313129026723922,0.6919565353990427,False,False,True
-0.6712920779804485,-0.7957505139738287,-0.7008293031004178,-0.9620120412248768,-0.9330732637211777,-1.0402554794795948,-0.866078089333252,False,True,False
0.08425072381600793,0.36972535125872075,-0.34795016590683375,0.08476255404240574,0.25310934695042203,0.16602604751393862,0.002276070781306547,True,False,False
0.04227612371620477,0.11636103272990543,-0.23032378684230562,0.011518850583470458,0.06251289722058091,-0.12640583781782705,0.0665986011601628,False,True,False
-0.37746987728182685,-0.23834901321043547,-0.1126974077777775,-0.5998626185668082,-0.7671422368975513,-0.3548682482332692,-0.47656943315017847,True,False,False
1.0076919260116766,0.927126852022114,1.1811927619320306,1.4824965617170862,1.7061269872437996,1.7424166793804878,1.0350100307529422,False,False,True
1.0076919260116766,1.4338554890797446,0.8283136247384462,0.9372378804116795,0.9392565659778501,1.1301374194671034,0.6455013745698687,True,False,False
-1.7206570804755268,-1.555843469560274,-1.2889611984230578,-1.335351474133616,-1.2940853626212299,-1.3509643576445958,-1.305615380255436,False,True,False
1.0076919260116766,0.8764539883163509,1.1811927619320306,1.4407883416918588,1.1253683933611072,2.075971798587033,1.4674003738552532,False,False,True
0.4200475246144323,0.2683796238471946,0.24018172941580623,-0.052569389943097795,-0.3029838240260558,-0.16752907169260664,0.21668450537749406,False,False,True
-1.4688094798767082,-1.454497742148748,-1.17133481935853,-1.3292478321787047,-1.3591123866467052,-1.2687178898950366,-1.226998954236834,False,False,True
1.3015141267102988,1.6365469439027958,1.5340718991256144,2.057256179137897,1.1859107950399979,2.075971798587033,2.9325246769292,True,False,False
0.0003015236164016051,-0.08633042209314629,-0.23032378684230562,-0.0027229806446558463,-0.538426497221742,0.01524085663974682,0.25241924447685865,False,False,True
0.4200475246144323,0.36972535125872075,0.004928971286750633,-0.19091860758775334,-0.1594759089353517,-0.3685759928581955,-0.0191647726783122,False,False,True
-0.8391904783796612,-0.998441968796881,-1.0537084402940018,-0.977271146112155,-0.8792577955621638,-1.0037014938131241,-0.9982966240009008,False,True,False
0.6718951252132513,0.4710710786702469,0.4754344875448625,0.5913648363000408,0.7733255391542241,0.8422747823436468,0.22383145319736697,False,False,True
0.33609832441482596,0.11636103272990543,0.35780810848033434,-0.17871132367793077,-0.22674524413411926,0.04722559409790872,-0.06204645959754951,False,True,False
0.21017452411541743,0.015015305318379291,0.12255535035127811,-0.004757527962959604,-0.2289875553074115,0.0883488279726883,0.07374554898003571,True,False,False
1.0496665261114797,1.1804911705509293,0.8283136247384462,1.4357019733960996,1.4617150693549443,1.623616225964458,1.181522461060337,False,False,True
0.9237427258120703,0.927126852022114,0.7106872456739187,1.2281781469291166,1.1231260821878148,1.171260653341883,1.2744327827186845,False,False,True
-0.9651142786790707,-0.8464233776795917,-0.8184556821649459,-0.9559083992699655,-0.8971962849485018,-1.0448247276879037,-0.9768557805412823,False,True,False
-0.2935206770822205,-0.1876761495046724,-0.1126974077777775,-0.4899970633784055,-0.6527843670596466,-0.5102226873157696,-0.39437953322163993,True,False,False
0.7978189255126608,0.6737625334932986,0.4754344875448625,0.6076412148464708,0.45940197489330914,0.8011515484688673,0.6455013745698687,True,False,False
1.7212601277083295,1.4845283527855078,0.9459400038029744,1.7469877130965743,1.3226917766108248,0.14317980647239442,1.8140273431190894,True,False,False
0.4200475246144323,0.4203982149644838,1.0635663828675024,0.1915762882533529,-0.08323732904341517,0.14774905468070326,0.7884403309673266,False,False,True
0.5039967248140387,0.4203982149644838,0.8283136247384462,0.6035721202098633,0.5916983341175517,0.7417513217608522,0.6812361136692332,False,False,True
-1.2589364793776923,-1.2011334236199331,0.004928971286750633,-1.0800157856864945,-0.9891310430534839,-1.0813787133543744,-1.1233682108486767,False,True,False
0.16819992401561426,-0.08633042209314629,0.004928971286750633,-0.10750216753729926,0.033362851967781645,0.31224199017982135,-0.42654079841106807,True,False,False
-0.7132666780802517,-0.593059059150777,-0.34795016590683375,-0.7626264040311087,-0.6752074787925691,-0.7798083316059911,-0.7767412415848406,False,True,False
-1.5947332801761172,-1.5051706058545111,-0.9360820612294737,-1.2997468960633003,-1.2649353173684306,-1.1179326990208451,-1.2127050585970882,False,True,False
-0.5873428777808423,-0.5423861954450139,23.294952026063296,-0.48185887410519046,-0.1280835525092602,-0.5924691550653286,-0.7588738720351583,True,False,False
1.3854633269099041,1.4338554890797446,0.9459400038029744,1.6849340198883098,2.291370203473077,0.7737360592190142,1.4280921608459523,True,False,False
0.08425072381600793,-0.08633042209314629,-0.1126974077777775,-0.4645652218996084,-0.31868000223910153,-0.5467766729822403,-0.6123614417277637,False,True,False
1.59533632740892,1.1298183068451662,0.9459400038029744,1.5648957281083882,1.558134449806511,1.5687852474647517,1.4674003738552532,False,False,True
0.08425072381600793,0.2683796238471946,0.24018172941580623,-0.23160955395382848,-0.058571906137200654,-0.332022007191725,-0.3264835289328472,False,False,True
-3.77741248536588,-3.582758017790795,-3.053356884390978,-1.686310886541014,-1.6124935492287293,-1.6479654911846704,-1.7022709842583825,False,True,False
0.7138697253130545,0.7244353971990617,0.24018172941580623,0.648332161212546,0.9123488318983431,0.8514132787602645,0.17380281845825654,False,False,True
-2.644098282671196,-2.619973607381298,-2.112345851874754,-1.6120499094229268,-1.547466525203254,-1.574857519851729,-1.6415219277894628,False,False,True
-0.41944447738163004,-0.5423861954450139,-0.8184556821649459,-0.7382118362114636,-0.7155690799118295,-0.6335923889401082,-0.8553576676034427,False,True,False
-0.12562227668300788,-0.1876761495046724,-0.34795016590683375,-0.35469966671120573,-0.4420071167701751,0.024379353056364506,-0.46227553751043265,False,False,True
0.04227612371620477,0.1670338964356685,0.35780810848033434,-0.0820703260585024,-0.24019911117387277,-0.08985185215135631,0.14164155326882844,False,False,True
0.587945925013645,0.4710710786702469,0.35780810848033434,0.42758377717658835,0.24862472460383753,0.27111875630504173,0.8956445482654204,False,False,True
0.7558443254128576,0.6230896697875355,0.35780810848033434,0.5150693118636501,1.0222220793896637,0.2574110116801152,0.045157757700544046,True,False,False
0.0003015236164016051,0.015015305318379291,0.8283136247384462,0.08781437501986127,-0.009241060324771127,0.23913401884687985,-0.24786710291424535,False,True,False
0.08425072381600793,0.015015305318379291,-0.23032378684230562,-0.23669592224958777,-0.11462968546950669,-0.3365912554000338,-0.22999973336456306,True,False,False
0.8817681257122671,0.6737625334932986,0.12255535035127811,0.46725744988351176,0.6993292704355795,0.3533652240546009,0.28815398357622324,False,True,False
-0.16759687678281104,-0.23834901321043547,-0.34795016590683375,-0.4777897794685829,-0.5182456966621116,-0.7661005869810645,-0.21213236381488076,False,True,False
-0.4614190774814332,-0.5423861954450139,-0.5832029240358897,-0.8450255704224109,-0.8680462396957025,-0.8849010403970943,-0.7195656590258572,False,True,False
0.0003015236164016051,0.06568816902414236,0.24018172941580623,-0.234661374931284,-0.5608496089546644,-0.08985185215135631,0.21668450537749406,True,False,False
-1.76263168057533,-1.809207788089089,-1.6418403356166418,-1.3974051673418806,-1.3792931872063354,-1.37381059868614,-1.4271134931932754,False,True,False
-0.8811650784794643,-0.8464233776795917,-0.7008293031004178,-1.0291521027289008,-1.0586426894255436,-0.9625782599383446,-0.9804292544512188,False,True,False
-0.2515460769824174,-0.2890218769161986,-0.23032378684230562,-0.6476744805469467,-0.6370881888466009,-0.5924691550653286,-0.5694797548085262,False,True,False
0.33609832441482596,0.572416806081773,0.24018172941580623,0.6056066675281673,0.07372445308704217,1.5687852474647517,0.6455013745698687,False,False,True
0.29412372431502376,0.4203982149644838,0.12255535035127811,0.21293903509554224,0.288986325723098,-0.14925207885937125,0.23455187492717633,False,False,True
-0.5873428777808423,-0.5423861954450139,-0.23032378684230562,-0.6425881122511871,-0.720053702258414,-0.4873764462742254,-0.46227553751043265,False,False,True
-0.5873428777808423,-0.64373192285654,-0.34795016590683375,-0.7951791611239688,-0.8590769950025334,-0.6792848710231966,-0.748153450305349,False,False,True
-0.5033936775812359,-0.64373192285654,-0.8184556821649459,-0.8735092328786633,-0.5316995637018652,-1.3372566130196692,-0.9339740936220448,False,True,False
-0.9651142786790707,-1.099787696208407,-0.9360820612294737,-1.077981238368191,-1.060885000598836,-1.0219784866463595,-1.06976610219963,False,False,True
-1.76263168057533,-1.6065163332660373,-1.17133481935853,-1.277366875561959,-1.341173897260367,-1.314410371978125,-1.1448090543082954,False,False,True
1.4274379270097073,1.1804911705509293,1.5340718991256144,2.009444317157759,2.05592753027739,2.025710068295636,1.5210024825043003,True,False,False
0.04227612371620477,0.11636103272990543,-0.23032378684230562,0.34620188444443806,-0.09220657373658417,0.4127654507626159,0.18094976627812948,True,False,False
0.8397935256124639,0.36972535125872075,0.4754344875448625,0.5272765957734727,0.4459481078535556,1.057029448134162,0.4596807312531728,True,False,False
0.04227612371620477,0.11636103272990543,-0.23032378684230562,-0.35164784573374996,-0.2895299569863023,-0.5147919355240784,-0.2978957376533556,False,True,False
-1.804606280675133,-1.9105535155006153,-1.2889611984230578,-1.393336072705273,-1.3434162084336594,-1.3189796201864339,-1.391378754093911,False,False,True
0.7978189255126608,1.02847257943364,0.8283136247384462,1.5954139378829444,0.6724215363560725,0.10205657259761483,3.111198372426023,False,False,True
0.16819992401561426,0.36972535125872075,0.24018172941580623,-0.06274212653461658,-0.03166417205769364,-0.1629598234842978,-0.2335732072744995,True,False,False
-2.224352281673164,-2.0625721066179046,-1.6418403356166418,-1.4930288913021572,-1.4308663441920573,-1.4789033074772435,-1.4950094974820682,False,True,False
-1.3009110794774956,-1.3024791510314588,-1.0537084402940018,-1.1074821744835954,-0.9420425084143468,-1.0219784866463595,-1.1448090543082954,False,True,False
-2.43422528217218,-2.3159364251467194,-1.877093093745698,-1.5723762367160035,-1.5183164799504547,-1.5200265413520229,-1.5843463452304796,False,True,False
-0.2095714768826142,-0.08633042209314629,0.24018172941580623,-0.04544847432903476,-0.3926762709577456,-0.6290231407317993,0.39535820087431656,True,False,False
-0.2935206770822205,-0.2890218769161986,0.004928971286750633,-0.14310674560761513,-0.5182456966621116,-0.12640583781782705,-0.3908060593117035,False,False,True
-1.384860279677102,-1.3024791510314588,-1.17133481935853,-1.2315895609001244,-1.220089093902586,-1.286994882728272,-1.06976610219963,False,True,False
-0.5033936775812359,-0.4917133317392508,-0.7008293031004178,-0.6822617849581104,-0.42182631621054484,-0.8757625439804766,-0.8482107197835698,False,False,True
-1.384860279677102,-1.403824878442985,-1.2889611984230578,-1.2458313921282507,-1.1393658916640648,-1.3052718755615074,-1.2698806411560715,False,True,False
-0.5033936775812359,-0.64373192285654,-0.7008293031004178,-0.7921273401465132,-0.8299269497497344,-0.8255008136890795,-0.8553576676034427,False,True,False
-1.2169618792778891,-1.3531520147372218,-1.0537084402940018,-1.410629724910855,-1.2313006497690469,-1.1179326990208451,-1.2806010628858808,False,True,False
-1.5947332801761172,-1.6065163332660373,-1.524213956552114,-1.311954179973123,-1.1931813598230787,-1.3052718755615074,-1.3949522280038475,False,True,False
-0.41944447738163004,-0.44104046803348773,-0.46557654497136186,-0.6120699024766307,-0.4935802737558969,-0.7615313387727557,-0.5516123852588439,False,True,False
0.9657173259118734,1.02847257943364,0.8283136247384462,1.092880750261917,0.692602336915703,0.7783053074273231,2.3607688513393668,False,False,True
1.0496665261114797,1.3831826253739816,2.122203794448255,1.874146920490559,0.8966526536852977,0.9930599732178381,4.11177106720823,True,False,False
1.3854633269099041,1.1804911705509293,1.4164455200610868,1.9362006136988235,2.4931782090693795,1.3860153191323985,1.58175153897322,False,False,True
1.2595395266104956,1.2818368979624555,0.4754344875448625,1.1783317376306743,1.0379182576027093,1.2489378728831333,1.2887266783584304,True,False,False
1.133615726311086,1.2818368979624555,1.4164455200610868,1.9534942659044052,1.6702500084711236,1.2535071210914421,2.14636041674318,False,False,True
0.21017452411541743,0.21770676014143156,0.12255535035127811,-0.08410487337680615,0.06251289722058091,-0.08985185215135631,-0.11922204215653284,False,True,False
-0.04167307648340156,-0.2890218769161986,-0.34795016590683375,-0.5622234931781888,-0.3254069357589783,-0.46909945344098997,-0.5194511200694157,False,True,False
1.6373109275087232,1.3831826253739816,1.0635663828675024,1.805989585327383,1.9370850380929012,2.0120023236707096,1.6317801737123303,True,False,False
-0.16759687678281104,-0.035657558387383215,-0.23032378684230562,-0.4665997692179122,-0.26486453408008753,-0.6473001335650347,-0.42654079841106807,False,True,False
0.7138697253130545,0.8257811246105878,0.4754344875448625,0.658504897804065,1.0132528346964946,0.5269966559703367,0.3703438835047614,False,True,False
-0.12562227668300788,-0.08633042209314629,-0.23032378684230562,-0.38114878184915457,-0.4061301379974991,-0.1309750860261359,-0.24786710291424535,False,False,True
0.21017452411541743,-0.2890218769161986,0.5930608666093906,0.7612495373784046,0.8181717626200691,1.0341832070926178,0.6776626397592967,True,False,False
-0.7132666780802517,-0.8464233776795917,-0.5832029240358897,-0.8969065270391566,-0.8859847290820405,-0.8574855511472413,-0.9053863023425531,False,False,True
-0.3354952771820237,-0.1876761495046724,-0.46557654497136186,-0.47168613751367167,-0.49133796258260465,-0.42340697135790156,-0.5051572244296699,False,False,True
-0.9231396785792675,-0.8464233776795917,-0.7008293031004178,-1.0474630285936344,-0.9958579765733607,-0.9260242742718738,-1.0518987326499476,False,True,False
-0.12562227668300788,-0.08633042209314629,-0.46557654497136186,-0.26517958470584035,-0.060814217310492906,-0.6427308853567258,-0.3193365811129743,True,False,False
0.587945925013645,0.4710710786702469,1.2988191409965588,1.016585225825526,0.4437057966802634,1.3037688513828394,0.752705591867962,False,False,True
-0.7132666780802517,-0.44104046803348773,-0.5832029240358897,-0.6710717747074397,-0.5249726301819884,-0.8849010403970943,-0.6659635503768105,False,True,False
1.6373109275087232,1.5858740801970328,0.12255535035127811,0.724627685648937,1.4818958699145746,0.12490281363915905,0.20596408364768468,False,False,True
1.4694125271095104,1.5352012164912707,0.8283136247384462,1.6879858408657655,2.2420393576606474,1.34032283704931,1.1314938263212266,True,False,False
0.21017452411541743,0.2683796238471946,-0.34795016590683375,-0.18278041831453828,-0.0563295949639084,-0.20408305735907736,-0.24072015509437242,False,True,False
-0.7132666780802517,-0.7957505139738287,-0.5832029240358897,-0.8755437801969671,-0.9756771760137305,-0.6198846443151816,-0.8553576676034427,True,False,False
0.21017452411541743,0.572416806081773,0.9459400038029744,0.7765086422656825,-0.16171822010864395,0.2208570260136445,2.0391561994450864,True,False,False
0.8397935256124639,0.6737625334932986,-0.23032378684230562,0.05831343890445689,-0.18414133184156647,-0.030451625443341606,0.002276070781306547,True,False,False
0.4620221247142355,0.2683796238471946,0.004928971286750633,0.2485436131658579,0.5132174430523229,0.32594973480474787,-0.21570583772481722,True,False,False
-0.2935206770822205,-0.2890218769161986,0.004928971286750633,-0.39132151844067337,-0.5832727206875868,-0.3548682482332692,-0.3193365811129743,False,False,True
-0.8391904783796612,-0.64373192285654,-0.7008293031004178,-0.944718389019295,-1.0564003782522515,-0.9123165296469473,-0.8767985110630613,True,False,False
-1.0070888787788734,-0.998441968796881,-0.9360820612294737,-0.9070792636306754,-0.8411385056161956,-0.8163623172724618,-0.9268271458021718,False,False,True
0.6718951252132513,0.4710710786702469,0.12255535035127811,0.06339980720021617,-0.11911430781609118,0.16145679930562978,0.43109293997368114,True,False,False
0.21017452411541743,-0.08633042209314629,-0.1126974077777775,-0.23160955395382848,-0.13032586368255245,-0.2863295251086365,-0.13351593779627868,False,True,False
1.4274379270097073,1.4338554890797446,0.4754344875448625,1.6391567052264753,1.495349736954328,1.0935834338006327,1.4316656347558887,True,False,False
0.9237427258120703,0.8257811246105878,0.8283136247384462,0.8395796091330991,0.9863451006169877,1.2078146390083537,0.46682767907304573,True,False,False
1.59533632740892,1.5858740801970328,2.3574565525773106,2.78460684543149,1.6321307185251555,2.5968660943342408,4.612057414599334,True,False,False
-0.41944447738163004,-0.593059059150777,-0.46557654497136186,-0.6924345215496291,-0.7043575240453684,-0.4645302052326811,-0.748153450305349,False,True,False
0.37807292451462915,0.36972535125872075,0.004928971286750633,0.4733610918384228,0.7441754939014246,0.3533652240546009,0.002276070781306547,False,False,True
1.343488726810102,1.1804911705509293,0.8283136247384462,1.788695933121801,0.8114448291001921,1.171260653341883,2.432238329538096,True,False,False
0.1262253239158111,0.11636103272990543,1.1811927619320306,-0.29569779448039674,-0.3029838240260558,-0.1629598234842978,1.002848765563514,False,False,True
0.9657173259118734,1.5858740801970328,2.122203794448255,1.4041664899623911,1.2711186196251034,1.7469859275887967,1.1886694088802099,False,False,True
-0.7132666780802517,-0.7450776502680656,-0.5832029240358897,-0.8328182865125884,-0.8411385056161956,-0.9534397635217269,-0.9053863023425531,False,True,False
0.21017452411541743,0.21770676014143156,0.35780810848033434,-0.09326033630917295,-0.3209223134123938,0.4219039471792336,-0.047752563957803675,True,False,False
0.0003015236164016051,-0.08633042209314629,0.004928971286750633,-0.4584615799446971,-0.44873405029005187,-0.66557712639827,-0.21213236381488076,False,True,False
0.08425072381600793,0.06568816902414236,0.7106872456739187,0.09798711161138005,-0.29401457933288677,0.14317980647239442,0.3238887226755874,True,False,False
0.7558443254128576,0.6737625334932986,0.24018172941580623,0.42046286156252555,0.5177020653989074,0.4721656774706308,0.30959482703584157,False,False,True
0.29412372431502376,0.4710710786702469,-0.34795016590683375,0.22819813998282032,-0.07426808435024641,-0.4736687016492988,0.9671140264641496,True,False,False
-0.08364767658320472,0.11636103272990543,-0.1126974077777775,-0.4096324443054072,-0.35455698101177757,-0.4919456944825342,-0.17639762471551618,True,False,False
-1.5107840799765113,-1.555843469560274,-1.0537084402940018,-1.318057821928034,-1.2806314955814764,-1.3007026273531985,-1.2841745367958173,False,True,False
0.7978189255126608,0.8257811246105878,0.4754344875448625,0.45810198695114496,0.593940645290844,0.577258386261734,0.23455187492717633,True,False,False
0.25214912421522057,0.3190524875529577,0.24018172941580623,0.5313456904100802,0.24862472460383753,0.2848265009299683,1.4352391086658252,False,False,True
-0.37746987728182685,-0.4917133317392508,-0.9360820612294737,-0.7972137084422726,-0.746961436337921,-0.7478235941478292,-0.8910924067028072,False,False,True
0.9657173259118734,1.1804911705509293,1.4164455200610868,1.1101744024674987,0.35625566092186556,1.1575529087169565,1.646074069352076,False,False,True
0.4620221247142355,0.4710710786702469,0.4754344875448625,0.18445537263928963,-0.21777599944095025,0.13861055826408558,0.43109293997368114,True,False,False
0.4200475246144323,0.6737625334932986,0.4754344875448625,0.5761057314127629,0.6051522011573052,0.8559825269685734,0.35962346177495197,False,False,True
-0.2935206770822205,-0.23834901321043547,-0.46557654497136186,-0.4879625160601017,-0.4016455156509146,-0.6244538925234905,-0.44440816796075033,False,True,False
1.4274379270097073,1.3325097616682184,1.2988191409965588,1.75003953407403,1.8272117906015812,1.6647394598392375,1.6853822823613769,False,False,True
-1.7206570804755268,-1.555843469560274,-0.9360820612294737,-1.3333169268153122,-1.2896007402746454,-1.2732871381033455,-1.2484397976964527,False,True,False
0.8397935256124639,0.8257811246105878,0.8283136247384462,0.5628811738437881,0.39437495086783386,0.32594973480474787,0.8563363352561193,True,False,False
0.8397935256124639,0.7244353971990617,0.35780810848033434,0.7581977164009489,1.0132528346964946,0.5315659041786456,0.5633114746413301,True,False,False
1.0916411262112828,0.977799715727877,1.2988191409965588,1.2403854308389388,1.4684420028748209,1.824663147130047,0.8813506526256745,True,False,False
-0.6712920779804485,-0.7450776502680656,-0.7008293031004178,-0.8541810333547778,-0.7267806357782908,-0.7980853244392264,-0.9339740936220448,False,True,False
-1.552758680076314,-1.6065163332660373,-1.524213956552114,-1.3312823794970086,-1.2649353173684306,-1.2824256345199632,-1.3556440149945463,False,True,False
0.7978189255126608,1.02847257943364,1.5340718991256144,1.0511725302366894,0.5244289989187841,0.691489591469455,1.717543547550805,True,False,False
-2.0564538812739515,-2.0625721066179046,-1.406587577487586,-1.4319924717530443,-1.3837778095529198,-1.2961333791448897,-1.4128195975535296,False,True,False
-0.3354952771820237,-0.23834901321043547,-0.8184556821649459,-0.559171672200733,-0.2895299569863023,-0.7021311120647409,-0.7624473459450948,False,False,True
-0.12562227668300788,-0.2890218769161986,-0.5832029240358897,-0.6415708385920353,-0.6527843670596466,-0.6153153961068728,-0.5265980678892886,False,True,False
0.21017452411541743,0.21770676014143156,-0.34795016590683375,0.1875071936167454,0.19256694527153148,-0.05329786648488582,0.30959482703584157,True,False,False
-0.12562227668300788,-0.33969474062196164,-0.9360820612294737,-0.5133943575388986,-0.5496380530882031,-0.5330689283573138,-0.46227553751043265,False,True,False
-1.0490634788786766,-1.099787696208407,-0.7008293031004178,-1.0830676066639504,-1.0003425989199453,-1.0037014938131241,-1.1769703194977235,False,True,False
0.7558443254128576,0.7244353971990617,1.1811927619320306,1.076604371715487,0.7621139832877626,0.5178581595537189,1.646074069352076,False,False,True
0.7978189255126608,0.7751082609048248,0.35780810848033434,0.7398867905362149,0.6724215363560725,0.8239977895104115,0.8027342266070724,True,False,False
0.08425072381600793,0.4203982149644838,0.7106872456739187,-0.10139852558238799,-0.2469260446937495,-0.23149854660893043,0.39535820087431656,False,True,False
0.587945925013645,0.52174394237601,0.004928971286750633,0.3533228000585013,0.4706135307597704,0.26198025988842405,0.08446597070984509,True,False,False
0.7558443254128576,0.927126852022114,1.5340718991256144,0.5588120792071806,0.37643646148149584,0.4219039471792336,1.0743182437622432,True,False,False
0.4200475246144323,0.4710710786702469,0.35780810848033434,0.08476255404240574,-0.0518449726173239,0.26198025988842405,0.3238887226755874,False,True,False
0.33609832441482596,0.4203982149644838,1.0635663828675024,0.19869720386741593,-0.26262222290679527,-0.0030361361934885503,0.18094976627812948,True,False,False
0.8397935256124639,0.7751082609048248,0.5930608666093906,0.8029577574036315,0.658967669316319,1.0524601999258532,0.8599098091660557,True,False,False
0.16819992401561426,0.21770676014143156,0.004928971286750633,-0.29264597350294097,-0.4442494279434674,-0.3685759928581955,0.07374554898003571,False,True,False
-1.76263168057533,-1.809207788089089,-3.288609642520034,-1.417750640524918,-1.3591123866467052,-1.3920875915193753,0.792013804877263,False,True,False
1.7212601277083295,1.6872198076085587,1.0635663828675024,2.133551703574288,2.558205233094854,1.8200938989217381,1.7354109171004872,True,False,False
-2.0564538812739515,-2.113244970323667,-1.75946671468117,-1.5082879961894353,-1.455531767098272,-1.4834725556855524,-1.4985829713920047,False,True,False
0.7558443254128576,0.7244353971990617,0.5930608666093906,0.672746729032191,0.683633092222534,1.0981526820089416,0.46682767907304573,True,False,False
1.0076919260116766,1.1804911705509293,0.7106872456739187,1.0969498448985244,1.1343376380542762,0.9336597465098232,0.7169708527685978,True,False,False
1.0496665261114797,1.1804911705509293,1.1811927619320306,1.1274680546730806,2.3631241610184284,1.1758299015501918,1.181522461060337,True,False,False
0.7138697253130545,0.6230896697875355,1.2988191409965588,0.9006160286822119,0.4863097089728159,1.3768768227157808,1.1314938263212266,True,False,False
1.3854633269099041,1.4845283527855078,1.5340718991256144,2.005375222521151,1.8743003252407182,2.3638344357104897,1.9676867212463571,True,False,False
0.8817681257122671,0.977799715727877,0.5930608666093906,0.8731496398851111,0.4123134402541719,0.865121023385191,1.1886694088802099,False,False,True
0.37807292451462915,0.4203982149644838,0.004928971286750633,0.1966626565491122,0.5221866877454919,-0.185806064525842,0.08446597070984509,False,False,True
-0.5873428777808423,-0.33969474062196164,-0.46557654497136186,-0.6792099639806547,-0.5608496089546644,-0.6884233674398144,-0.78746166331465,False,True,False
0.8817681257122671,1.02847257943364,0.8283136247384462,1.038965246326867,1.3316610213039939,0.7417513217608522,0.9671140264641496,False,False,True
0.8397935256124639,0.52174394237601,0.4754344875448625,0.8314414198598842,0.8495641190461606,0.8422747823436468,1.002848765563514,False,True,False
0.6299205251134481,0.6737625334932986,0.7106872456739187,0.5232075011368652,0.5827290894243827,0.6092431237198959,0.5025624181724103,True,False,False
0.5039967248140387,0.6737625334932986,0.5930608666093906,0.4519983449962334,0.43697886316038664,0.3305189830130567,0.43109293997368114,True,False,False
-0.5873428777808423,-0.39036760432772466,-0.8184556821649459,-0.6883654269130216,-0.6482997447130621,-0.5147919355240784,-0.748153450305349,True,False,False
1.1755903264108893,1.2818368979624555,0.35780810848033434,1.123398960036473,1.0558567469890472,0.691489591469455,1.7532782866501695,False,False,True
-0.2515460769824174,-0.39036760432772466,-0.46557654497136186,-0.48185887410519046,-0.3612839145316541,-0.6473001335650347,-0.7302860807556666,True,False,False
0.21017452411541743,0.21770676014143156,0.24018172941580623,-0.3577514876886612,-0.4352801832502984,-0.5376381765656226,-0.13351593779627868,True,False,False
-0.41944447738163004,-0.33969474062196164,-0.46557654497136186,-0.544929840972607,-0.4846110290627279,-0.5513459211905491,-0.3908060593117035,False,False,True
0.8817681257122671,1.2311640342566923,0.9459400038029744,0.9128233125920344,1.1545184386139062,0.6869203432611461,0.538297157271775,False,False,True
-0.6293174778806454,-0.7450776502680656,-0.8184556821649459,-0.7809373298958425,-0.5698188536478334,-0.25434478765047464,-0.8625046154233156,False,True,False
0.04227612371620477,-0.13700328579890936,-0.34795016590683375,-0.42183972821522947,-0.28280302346642555,-0.66557712639827,-0.3193365811129743,False,True,False
0.16819992401561426,0.3190524875529577,0.8283136247384462,-0.11462308315136252,-0.278318401119841,0.06093333872283525,0.18094976627812948,True,False,False
-0.2095714768826142,-0.08633042209314629,0.5930608666093906,-0.01187844357702287,-0.47788409554285116,0.2208570260136445,0.3238887226755874,False,False,True
0.37807292451462915,0.3190524875529577,-0.23032378684230562,-0.1308994616977926,-0.060814217310492906,-0.021313129026723922,-0.2693079463738639,False,True,False
1.7632347278081326,1.6365469439027958,0.8283136247384462,2.1345689772334397,2.4617858526432874,1.8840633738380619,1.7747191301097884,False,False,True
0.7978189255126608,0.6230896697875355,0.24018172941580623,0.972842458481995,1.0154951458697867,2.3729729321271074,0.609766635470504,False,False,True
-0.6293174778806454,-0.64373192285654,-0.7008293031004178,-0.7341427415748562,-0.5608496089546644,-0.8711932957721678,-0.9018128284326167,False,True,False
-0.5033936775812359,-0.593059059150777,-0.23032378684230562,-0.685313605935566,-0.7447191251646288,-0.7112696084813586,-0.6052144939078908,True,False,False
-0.3354952771820237,-0.5423861954450139,-0.23032378684230562,-0.5083079892431394,-0.5182456966621116,-0.44625321239944576,-0.5123041722495428,False,True,False
-0.2515460769824174,-0.33969474062196164,0.004928971286750633,-0.685313605935566,-0.8052615268435196,-0.7615313387727557,-0.347924372392466,False,True,False
0.4620221247142355,0.7244353971990617,0.9459400038029744,0.8517868930429218,0.6006675788107207,0.8148592930937938,0.9385262351846578,True,False,False
-0.12562227668300788,0.06568816902414236,0.004928971286750633,-0.025103001145997183,-0.260379911733503,0.3168112383881302,-0.033458668318058035,False,False,True
0.4620221247142355,0.21770676014143156,-0.23032378684230562,-0.06681122117122411,0.019908984928028138,-0.07157485931812119,-0.0799138291472318,False,False,True
0.587945925013645,0.7751082609048248,0.24018172941580623,0.514052038204498,0.7621139832877626,0.4584579328457043,0.25956619229673156,False,False,True
0.37807292451462915,0.4710710786702469,0.8283136247384462,0.3848582834922097,0.5378828659585376,0.3076727419715125,0.35962346177495197,False,False,True
-2.4761998822719833,-2.4679550162640083,-1.877093093745698,-1.5856007942849781,-1.5317703469902082,-1.5200265413520229,-1.455701284472767,False,True,False
-0.2095714768826142,-0.44104046803348773,-0.23032378684230562,-0.48084160044603846,-0.23122986648070376,-0.6610078781899612,-0.6159349156377002,False,False,True
-0.9651142786790707,-0.998441968796881,-0.34795016590683375,-0.9589602202474212,-0.9824041095336072,-0.8437778065223148,-0.8910924067028072,False,False,True
0.8397935256124639,0.6737625334932986,0.8283136247384462,0.6361248773027234,0.5154597542256152,0.6092431237198959,0.7812933831474537,True,False,False
0.7558443254128576,0.8764539883163509,0.4754344875448625,0.8629769032935921,0.9908297229635722,1.2672148657163687,0.5918992659208218,True,False,False
-1.4688094798767082,-1.454497742148748,-1.17133481935853,-1.2295550135818207,-1.1707582480901564,-1.1270711954374628,-1.2484397976964527,False,False,True
-1.2589364793776923,-1.3531520147372218,-1.17133481935853,-1.2061577194213275,-1.1348812693174803,-1.1544866846873159,-1.2127050585970882,False,True,False
0.9237427258120703,1.0791454431394032,0.4754344875448625,0.7663359056741639,0.7979909620604386,0.9245212500932055,0.752705591867962,False,False,True
0.5459713249138418,0.36972535125872075,-0.1126974077777775,-0.1207267251062738,-0.1460220418955982,-0.05786711469319466,-0.06919340741742243,False,True,False
1.4694125271095104,1.737892671314322,1.5340718991256144,2.6432058068093784,1.7083692984170922,2.8253285047496823,2.432238329538096,False,False,True
-1.0070888787788734,-1.099787696208407,-1.17133481935853,-1.1034130798469879,-0.9981002877466529,-1.0722402169377567,-1.166249897767914,False,True,False
-1.0490634788786766,-0.998441968796881,-0.9360820612294737,-1.067808501776672,-1.033977266519329,-1.1042249543959186,-1.0411783109201382,False,True,False
0.4200475246144323,0.4203982149644838,-0.1126974077777775,-0.04850029530649028,0.00421280671498238,-0.04415937006826813,0.10233334025952738,False,True,False
0.37807292451462915,0.4203982149644838,0.35780810848033434,0.740904064195367,0.9056218983784666,0.691489591469455,0.39535820087431656,False,False,True
-0.4614190774814332,-0.39036760432772466,-0.1126974077777775,-0.5774825980654669,-0.6213920106335551,-0.4416839641911369,-0.498010276609797,False,False,True
0.5459713249138418,0.572416806081773,0.7106872456739187,0.4306355981540441,0.4616442860666014,0.5407044005952633,0.21668450537749406,True,False,False
-0.6712920779804485,-0.7450776502680656,0.004928971286750633,-0.7616091303719568,-0.8164730827099809,-0.610746147898564,-0.7124187112059843,True,False,False
1.0496665261114797,1.1804911705509293,0.8283136247384462,1.2037635791094716,1.1186414598412302,1.084444937384015,1.4674003738552532,True,False,False
-0.6293174778806454,-0.4917133317392508,-0.8184556821649459,-0.7310909205974006,-0.7043575240453684,-0.7980853244392264,-0.6480961808271283,True,False,False
-0.2935206770822205,-0.1876761495046724,0.004928971286750633,-0.25195502713686607,-0.3635262257049463,0.34422672763798323,-0.42654079841106807,False,False,True
1.343488726810102,1.02847257943364,0.9459400038029744,1.2688690932951914,1.2150608402927967,1.1849683979668095,0.9492466569144672,False,False,True
-1.3009110794774956,-1.2518062873256963,-1.0537084402940018,-1.2305722872409726,-1.1079735352379732,-1.181902173937169,-1.2305724281467705,False,True,False
-1.2589364793776923,-1.099787696208407,-0.9360820612294737,-1.1888640672157458,-1.150577447530526,-1.2184561596036396,-1.1197947369387402,False,False,True
0.5459713249138418,0.6737625334932986,0.12255535035127811,0.2922863805093888,0.47958277545293937,0.23913401884687985,0.13806807935889195,False,True,False
0.4200475246144323,0.4203982149644838,0.5930608666093906,0.273975454644655,0.6163637570237664,0.08377957976437946,-0.06919340741742243,False,False,True
0.0003015236164016051,-0.2890218769161986,0.004928971286750633,-0.4564270326263934,-0.746961436337921,-0.30460651794187193,-0.21213236381488076,True,False,False
-1.4688094798767082,-1.3024791510314588,-1.524213956552114,-1.2916087067900854,-1.2492391391553848,-1.286994882728272,-1.2555867455163257,False,True,False
-1.804606280675133,-1.8598806517948523,-2.112345851874754,-1.3963878936827288,-1.31426616318086,-1.3007026273531985,-1.391378754093911,False,True,False
-0.9651142786790707,-0.9477691050911179,-1.0537084402940018,-1.119689458393418,-1.105731224064681,-1.3372566130196692,-0.9268271458021718,False,True,False
0.4200475246144323,0.4203982149644838,0.5930608666093906,0.18445537263928963,-0.14826435306889046,0.4036269543459982,0.11662723589927322,False,False,True
0.1262253239158111,-0.08633042209314629,0.12255535035127811,-0.15022766122167816,-0.20432213240119673,0.0015331120148202922,-0.17639762471551618,False,True,False
1.0496665261114797,1.1298183068451662,0.35780810848033434,1.092880750261917,1.1567607497871988,0.9793522285929116,0.8956445482654204,False,False,True
0.587945925013645,0.52174394237601,0.004928971286750633,0.04305433401717859,0.27329014751005226,0.40819620255430705,-0.09063425087704118,False,False,True
1.4274379270097073,1.5352012164912707,1.1811927619320306,1.34923371236819,1.0199797682163712,1.4774002832985755,1.7532782866501695,False,False,True
1.5533617273091167,1.3325097616682184,0.5930608666093906,2.295298215379437,1.820484857081704,0.7326128253442346,3.8616278935126784,False,False,True
0.04227612371620477,-0.2890218769161986,-0.34795016590683375,-0.4370988331025078,-0.3074684463726403,-0.6198846443151816,-0.3908060593117035,False,True,False
-2.8959458832700142,-2.873337925910113,-2.112345851874754,-1.643585392856635,-1.5788588816293454,-1.602273009101582,-1.6415219277894628,False,False,True
-0.16759687678281104,-0.13700328579890936,-0.34795016590683375,-0.3984424340547364,-0.3164376910658093,-0.23149854660893043,-0.46227553751043265,False,False,True
1.59533632740892,1.5858740801970328,0.9459400038029744,1.9514597185861018,2.168043088942003,1.5779237438813696,2.13563999501337,True,False,False
0.7978189255126608,1.02847257943364,0.24018172941580623,1.271920914272647,0.9885874117902796,0.9747829803846028,0.5740318963711395,True,False,False
0.4200475246144323,0.4203982149644838,0.35780810848033434,0.2963554751459963,0.602909889984013,0.3076727419715125,-0.033458668318058035,False,False,True
-0.5873428777808423,-0.593059059150777,-0.7008293031004178,-0.7585573093945012,-0.720053702258414,-0.638161637148417,-0.780314715494777,False,False,True
0.16819992401561426,0.2683796238471946,0.5930608666093906,0.3350118741937677,-0.16171822010864395,0.7828745556356319,0.609766635470504,False,False,True
0.7978189255126608,0.8764539883163509,0.7106872456739187,0.47030927086096747,0.05130134135411966,0.293964997346586,0.7169708527685978,True,False,False
-0.7132666780802517,-0.6944047865623025,-0.9360820612294737,-0.9192865475404979,-0.8433808167894878,-0.9077472814386385,-0.9911496761810279,False,True,False
-0.2515460769824174,-0.7957505139738287,-0.9360820612294737,-0.7951791611239688,-0.8232000162298576,-0.7843775798142999,-0.6409492330072554,False,True,False
-0.04167307648340156,-0.2890218769161986,-0.5832029240358897,-0.3384232881647756,-0.14377973072230596,-0.098990348567974,-0.6945513416563023,False,True,False
0.6299205251134481,0.7244353971990617,0.7106872456739187,0.1763171833660746,0.08717832012679567,0.38078071330445395,0.35962346177495197,False,True,False
-1.0490634788786766,-1.2011334236199331,-0.5832029240358897,-1.1217240057117215,-1.1169427799311422,-1.1270711954374628,-1.1769703194977235,False,False,True
-0.16759687678281104,-0.08633042209314629,0.12255535035127811,-0.25704139543262533,-0.11911430781609118,-0.35029900002496034,-0.2335732072744995,False,True,False
-0.2935206770822205,-0.2890218769161986,-0.7008293031004178,-0.5632407668373406,-0.3007415128527635,-0.7341158495229027,-0.6409492330072554,False,False,True
-0.5033936775812359,-0.4917133317392508,-0.23032378684230562,-0.619190818090694,-0.6729651676192768,-0.5696229140237845,-0.5337450157091617,False,False,True
-0.37746987728182685,-0.44104046803348773,-0.9360820612294737,-0.7524536674395899,-0.6281189441534318,-0.8894702886054031,-0.748153450305349,False,True,False
0.33609832441482596,0.7244353971990617,0.8283136247384462,0.2566818024390729,0.12529761007276394,0.31224199017982135,0.25241924447685865,True,False,False
-0.37746987728182685,-0.23834901321043547,0.12255535035127811,-0.3882696974632176,-0.30522613519934805,-0.3685759928581955,-0.5873471243582085,False,False,True
0.16819992401561426,-0.1876761495046724,-0.1126974077777775,-0.0963121572866287,0.2777747698566368,0.006102360223129135,-0.5980675460880178,False,False,True
0.6299205251134481,0.52174394237601,0.24018172941580623,0.8222859569275174,1.0850067922418467,0.8514132787602645,0.35962346177495197,True,False,False
-0.8811650784794643,-0.64373192285654,-0.8184556821649459,-0.8155246343070064,-0.8321692609230266,-0.7752390833976822,-0.7838881894047135,False,False,True
0.16819992401561426,0.015015305318379291,0.004928971286750633,-0.418787907237774,-0.6169073882869706,-0.19037531273415084,-0.033458668318058035,False,False,True
-0.8811650784794643,-0.9477691050911179,-0.9360820612294737,-0.9915129773402812,-0.9128924631615475,-0.9260242742718738,-1.06976610219963,False,True,False
0.6299205251134481,0.572416806081773,0.9459400038029744,0.7368349695587595,0.6903600257424105,1.226091631841589,0.4704011529829822,False,False,True
1.1755903264108893,1.3325097616682184,0.8283136247384462,1.0501552565775378,0.6051522011573052,0.6686433504279108,1.2529919392590658,False,False,True
1.133615726311086,1.0791454431394032,1.2988191409965588,1.4947038456269084,1.6769769419910006,1.5733544956730605,1.0457304524827515,False,False,True
-0.545368277681039,-0.593059059150777,-0.5832029240358897,-0.7951791611239688,-0.764899925724259,-0.7158388566896674,-0.7838881894047135,True,False,False
0.8397935256124639,0.7751082609048248,0.8283136247384462,1.0806734663520943,1.4168688458890994,0.7371820735525434,0.9349527612747214,True,False,False
1.0496665261114797,0.977799715727877,0.8283136247384462,0.7663359056741639,0.6724215363560725,0.7417513217608522,1.0743182437622432,True,False,False
0.04227612371620477,-0.08633042209314629,-0.34795016590683375,-0.14921038756252641,0.16790152236531672,-0.27262178048371,-0.46227553751043265,False,False,True
0.7558443254128576,0.927126852022114,0.5930608666093906,1.0094643102114627,1.0737952363753853,1.1027219302172504,0.8241750700666912,True,False,False
1.6792855276085263,0.977799715727877,1.0635663828675024,2.3339546144272076,2.9842443560203815,2.235895485877842,1.5067085868645544,False,False,True
-0.08364767658320472,-0.08633042209314629,0.7106872456739187,-0.07088031580783162,-0.45994560615651314,-0.04872861827657698,0.28815398357622324,True,False,False
-2.5601490824715896,-2.5186278799697717,-2.112345851874754,-1.5906871625807373,-1.520558791123747,-1.5611497752268024,-1.605787188690098,False,True,False
0.7138697253130545,0.572416806081773,0.4754344875448625,0.4916720177031568,0.5513367329982912,0.6457971093863666,0.28815398357622324,True,False,False
1.2175649265106925,1.2818368979624555,1.0635663828675024,1.5587920861534768,1.1971223509064588,1.5459390064232075,1.646074069352076,True,False,False
1.2595395266104956,1.0791454431394032,0.24018172941580623,0.9789461004369064,0.8764718531256677,0.9473674911347497,1.2279776218895107,False,False,True
1.847183928007739,1.7885655350200849,1.1811927619320306,2.309540046607563,2.1658007777687107,2.3409881946689457,2.4715465425473973,True,False,False
-1.3428856795772988,-1.3531520147372218,-0.1126974077777775,-1.20208862478472,-1.132638958144188,-1.2458716488534927,-1.1876907412275328,False,True,False
-1.5947332801761172,-1.6065163332660373,-1.406587577487586,-1.3455242107251348,-1.305296918487691,-1.2504408970618015,-1.359217488904483,False,True,False
-1.3009110794774956,-1.3531520147372218,-1.406587577487586,-1.2173477296719981,-1.1999082933429552,-1.1407789400623893,-1.1984111629573422,False,True,False
-1.0910380789784797,-1.1504605599141702,-1.0537084402940018,-1.135965836939848,-1.1012466017180964,-1.0813787133543744,-1.1055008412989944,False,True,False
0.16819992401561426,0.2683796238471946,0.12255535035127811,0.21904267705045352,0.0356051631410739,-0.5147919355240784,0.752705591867962,False,False,True
-2.644098282671196,-2.619973607381298,-2.229972230939282,-1.608998088445471,-1.556435769896423,-1.5794267680600378,-1.6379484538795264,False,True,False
0.29412372431502376,0.21770676014143156,0.12255535035127811,0.13664351065915145,0.12978223241934844,0.4721656774706308,0.03801080988067113,True,False,False
0.4620221247142355,0.6230896697875355,0.5930608666093906,0.19564538288996042,-0.17517208714839747,0.16145679930562978,0.538297157271775,False,False,True
1.2175649265106925,1.3325097616682184,1.2988191409965588,0.7856641051980497,0.7688409168076396,0.8468440305519557,0.656221796299678,False,False,True
1.4274379270097073,1.2818368979624555,0.8283136247384462,2.050135263523834,1.9864158839053307,1.966309841587621,1.881923347407882,True,False,False
0.33609832441482596,0.36972535125872075,-0.34795016590683375,-0.0006884333263520885,-0.2110490659210735,-0.021313129026723922,-0.06919340741742243,True,False,False
0.1262253239158111,0.06568816902414236,-0.23032378684230562,-0.012895717236174635,-0.3971608933043301,0.4127654507626159,0.002276070781306547,False,False,True
0.8397935256124639,0.927126852022114,-0.23032378684230562,0.5110002172270427,0.9773758559238187,0.21628777780533565,0.07374554898003571,False,False,True
-0.9231396785792675,-0.64373192285654,-0.1126974077777775,-0.9040274426532198,-1.042946511212498,-1.0128399902297418,-0.6552431286470012,False,False,True
0.25214912421522057,0.21770676014143156,0.004928971286750633,-0.1308994616977926,-0.08772195138999968,-0.1446828306510624,-0.06919340741742243,False,True,False
0.7558443254128576,0.6737625334932986,1.5340718991256144,1.0298097833945001,1.0715529252020932,0.9199520018848967,0.9313792873647849,False,False,True
-2.97989508346962,-2.873337925910113,-1.9947194728102262,-1.6425681191974832,-1.5766165704560533,-1.602273009101582,-1.6558158234292086,False,True,False
-1.3009110794774956,-1.2518062873256963,-0.8184556821649459,-1.1410522052356074,-1.1124581575845578,-1.1179326990208451,-1.1162212630288038,True,False,False
0.29412372431502376,0.1670338964356685,-0.34795016590683375,0.2058181194814792,0.0019704955416901286,0.293964997346586,0.6812361136692332,True,False,False
1.6792855276085263,1.737892671314322,1.0635663828675024,1.4082355845989987,1.9909005062519152,1.6327547223810757,1.4137982652062064,True,False,False
-0.5873428777808423,-0.64373192285654,-0.7008293031004178,-0.8073864450337913,-0.6886613458323226,-0.8711932957721678,-0.8446372458736333,False,True,False
1.0496665261114797,0.977799715727877,0.5930608666093906,1.0705007297605753,0.9504681218443116,0.9153827536765883,1.3601961565571596,True,False,False
-0.7132666780802517,-0.593059059150777,-0.34795016590683375,-0.8694401382420559,-0.8321692609230266,-1.0768094651460656,-0.7910351372245864,True,False,False
0.21017452411541743,0.36972535125872075,0.12255535035127811,-0.09732943094578046,-0.251410667040334,-0.2177908019840039,0.18094976627812948,False,True,False
0.6299205251134481,0.6230896697875355,0.24018172941580623,0.18547264629844162,0.010939740234859134,0.1203335654308502,0.46682767907304573,True,False,False
0.21017452411541743,0.2683796238471946,0.5930608666093906,-0.05460393726140156,-0.09220657373658417,0.1203335654308502,0.030863862060798213,False,True,False
-0.545368277681039,-0.64373192285654,-0.46557654497136186,-0.6863308795947178,-0.5249726301819884,-0.5787614104404022,-0.7695942937649677,False,False,True
-0.5033936775812359,-0.4917133317392508,-1.406587577487586,-0.6975208898453885,-0.7604153033776746,-0.5102226873157696,-0.6052144939078908,False,False,True
0.21017452411541743,0.2683796238471946,0.004928971286750633,-0.15734857683574144,-0.14377973072230596,-0.23149854660893043,-0.05132603786774013,False,True,False
-0.6293174778806454,-0.593059059150777,-0.1126974077777775,-0.551033482927518,-0.5810304095142945,-0.40056073031635736,-0.6766839721066199,True,False,False
-0.3354952771820237,-0.39036760432772466,-0.5832029240358897,-0.7605918567128049,-0.7716268592441358,-0.7706698351893734,-0.6409492330072554,False,True,False
-0.08364767658320472,0.11636103272990543,0.004928971286750633,-0.1258130934020331,-0.4935802737558969,-0.24520629123385695,0.35962346177495197,False,False,True
1.4274379270097073,1.2311640342566923,0.24018172941580623,1.3146464079570264,1.241968574372304,1.111860426633868,1.3601961565571596,False,False,True
0.1262253239158111,0.3190524875529577,0.4754344875448625,0.5282938694326245,0.1365091659392252,0.4447501882207778,0.8241750700666912,True,False,False
0.7558443254128576,0.6737625334932986,0.5930608666093906,0.3909619254471207,0.5827290894243827,0.13404131005577674,0.45610725734323637,True,False,False
-0.2095714768826142,-0.2890218769161986,-0.7008293031004178,-0.5500162092683663,-0.3612839145316541,-0.6838541192315055,-0.6409492330072554,False,True,False
1.2175649265106925,1.1804911705509293,1.2988191409965588,1.2403854308389388,1.340630265997163,0.7920130520522496,1.3244614174577949,False,False,True
0.25214912421522057,0.1670338964356685,0.12255535035127811,-0.0820703260585024,-0.054087283790616156,-0.03959012185995929,-0.104928146516787,False,True,False
-0.7132666780802517,-0.7450776502680656,-0.7008293031004178,-0.8999583480166122,-0.8321692609230266,-0.8894702886054031,-0.9196801979822989,False,True,False
0.16819992401561426,0.4203982149644838,0.24018172941580623,-0.10241579924153997,0.08493600895350342,-0.16752907169260664,-0.16925067689564327,False,False,True
-1.2589364793776923,-1.2011334236199331,-1.0537084402940018,-1.1054476271652915,-1.0653696229454204,-1.0996557061876098,-1.141235580398359,False,True,False
0.7558443254128576,0.6737625334932986,1.1811927619320306,1.2261435996108128,1.663523074951247,1.1347066676754123,0.6347809528400593,False,False,True
1.2595395266104956,1.3831826253739816,1.2988191409965588,1.8385423424202432,1.4527458246617755,1.7241396865472525,2.610912025034919,True,False,False
0.4200475246144323,0.6737625334932986,0.12255535035127811,0.05322707060869738,0.026635918447904892,-0.07157485931812119,0.20953755755762113,False,False,True
-2.43422528217218,-2.366609288852483,-2.3475986100038098,-1.5469443952372066,-1.4667433229647329,-1.515457293143714,-1.5700524495907338,False,True,False
-2.1404030814735577,-2.1639178340294305,-1.6418403356166418,-1.4828561547106385,-1.4151701659790115,-1.5291650377686405,-1.4699951801125128,False,True,False
0.8397935256124639,0.6230896697875355,0.24018172941580623,0.5964512045958005,0.8764718531256677,0.46302718105401314,0.33818261831533325,False,False,True
0.8817681257122671,0.977799715727877,0.5930608666093906,0.47641291281587855,0.4437057966802634,0.32138048659643903,0.538297157271775,True,False,False
0.1262253239158111,0.4710710786702469,0.004928971286750633,0.2872000122136293,0.26207859164359104,0.6777818468445285,0.20953755755762113,False,False,True
0.08425072381600793,-0.1876761495046724,-0.34795016590683375,-0.47168613751367167,-0.4532186726366364,-0.29089877331694536,-0.5051572244296699,False,True,False
0.7558443254128576,1.2311640342566923,0.7106872456739187,0.5883130153225854,0.9728912335772342,0.26198025988842405,0.33103567049546034,False,False,True
0.9237427258120703,0.7751082609048248,0.5930608666093906,0.8924778394089969,0.9101065207250512,1.1484144123003388,0.7133973788586614,True,False,False
1.0916411262112828,1.0791454431394032,1.4164455200610868,1.34923371236819,1.63661534087174,1.171260653341883,1.181522461060337,True,False,False
-0.37746987728182685,-0.2890218769161986,-0.1126974077777775,-0.6588644907976171,-0.7581729922043823,-0.4051299785246662,-0.6052144939078908,True,False,False
0.7558443254128576,0.8764539883163509,0.35780810848033434,0.5079483962495869,0.7150254486486255,0.08377957976437946,0.5740318963711395,True,False,False
-1.5947332801761172,-1.454497742148748,-1.0537084402940018,-1.2885568858126297,-1.2604506950218461,-1.3098411237698162,-1.2127050585970882,False,False,True
-0.7972158782798581,-0.6944047865623025,-0.7008293031004178,-0.9131829055855867,-0.926346330201301,-0.7798083316059911,-0.9339740936220448,True,False,False
0.4620221247142355,0.52174394237601,0.004928971286750633,-0.0027229806446558463,0.13875147711251745,-0.1446828306510624,-0.012017824858439287,False,True,False
0.5039967248140387,0.6737625334932986,0.4754344875448625,0.44691197670047417,0.5356405547852454,0.48587342209555734,0.3238887226755874,False,True,False
-2.182377681573361,-2.0118992429121416,-1.877093093745698,-1.4940461649613088,-1.4263817218454726,-1.4514878182273905,-1.4985829713920047,False,True,False
0.29412372431502376,0.36972535125872075,0.24018172941580623,-0.016964811872782152,0.0356051631410739,0.056364090514526406,-0.02631172049818512,False,True,False
-0.7972158782798581,-0.8464233776795917,-0.8184556821649459,-1.0617048598217609,-1.0833081123317585,-0.921455026063565,-1.0125905196406466,False,True,False
-0.2095714768826142,-0.1876761495046724,-0.1126974077777775,-0.10038125192323621,0.0019704955416901286,-0.21322155377569504,-0.008444350948502828,False,False,True
0.9237427258120703,0.7751082609048248,1.1811927619320306,1.1101744024674987,1.2262723961592583,0.9839214768012204,1.1886694088802099,True,False,False
-0.3354952771820237,-0.33969474062196164,0.12255535035127811,-0.49304888435586103,-0.5473957419149109,-0.5970384032736374,-0.3550713202123389,True,False,False
0.7138697253130545,0.572416806081773,-0.34795016590683375,0.1864899199575934,0.33831717153552754,0.08377957976437946,0.1452150271787649,False,True,False
0.8817681257122671,0.8257811246105878,0.35780810848033434,0.8578905349978327,1.2083339067729204,0.5955353790949693,0.35247651395507906,False,False,True
0.1262253239158111,0.6737625334932986,0.35780810848033434,0.1976799302082642,0.1499630329789787,0.1203335654308502,0.1452150271787649,True,False,False
-2.182377681573361,-2.113244970323667,-1.75946671468117,-1.519478006440106,-1.464501011791441,-1.5565805270184936,-1.4985829713920047,False,False,True
-2.014479281174149,-1.9612263792063784,-1.6418403356166418,-1.4716661444599677,-1.3882624318995045,-1.4469185700190816,-1.5200238148516234,False,True,False
0.5459713249138418,0.3190524875529577,0.24018172941580623,0.2536299814616174,0.02439360727461264,0.5635506416368075,0.39535820087431656,False,False,True
-1.8885554808747393,-1.809207788089089,-1.0537084402940018,-1.4085951775925512,-1.365839320166582,-1.3189796201864339,-1.4485543366528941,False,True,False
1.0496665261114797,0.927126852022114,0.5930608666093906,0.6381594246210274,0.558063666518168,0.3396574794296744,0.8956445482654204,True,False,False
0.29412372431502376,0.015015305318379291,0.4754344875448625,-0.018999359191085908,-0.08323732904341517,0.028948601264673347,0.09518639243965446,True,False,False
0.04227612371620477,-0.035657558387383215,0.24018172941580623,0.0013461139919516694,-0.038391105577570396,0.056364090514526406,0.09161291852971801,False,False,True
-1.0070888787788734,-0.8464233776795917,-0.7008293031004178,-0.9670984095206362,-0.9398001972410546,-1.0768094651460656,-0.8767985110630613,True,False,False
0.6299205251134481,0.6737625334932986,0.24018172941580623,0.3238218639430969,0.11408605420630269,0.3533652240546009,0.5061358920823468,False,False,True
-1.4688094798767082,-1.454497742148748,-1.406587577487586,-1.2834705175168704,-1.2133621603827087,-1.2687178898950366,-1.2841745367958173,False,True,False
-0.37746987728182685,-0.39036760432772466,-0.46557654497136186,-0.5998626185668082,-0.49133796258260465,-0.610746147898564,-0.6409492330072554,False,True,False
-1.6367078802759203,-1.555843469560274,-1.0537084402940018,-1.3404378424293755,-1.3209930967007368,-1.4195030807692286,-1.2841745367958173,False,True,False
-1.804606280675133,-1.8598806517948523,-1.406587577487586,-1.4167333668657662,-1.3748085648597508,-1.4332108253941551,-1.3556440149945463,False,False,True
0.5459713249138418,0.4710710786702469,0.8283136247384462,0.2749927283038067,0.1365091659392252,0.5909661308866605,0.5025624181724103,True,False,False
0.587945925013645,0.572416806081773,0.12255535035127811,0.5618639001846364,0.18584001175165474,0.5544121452201898,0.5025624181724103,True,False,False
1.133615726311086,1.2311640342566923,0.7106872456739187,1.007429762893159,0.7105408263020411,0.7463205699691612,1.4316656347558887,True,False,False
-0.2515460769824174,-0.23834901321043547,-0.1126974077777775,-0.40149425503219216,-0.720053702258414,-0.5330689283573138,0.1452150271787649,False,False,True
-0.7552412781800548,-0.8970962413853548,-1.406587577487586,-1.0138929978416225,-0.9510117531075157,-1.0722402169377567,-0.9625618849015364,False,True,False
-0.545368277681039,-0.5423861954450139,-0.23032378684230562,-0.7585573093945012,-0.7559306810310901,-0.6884233674398144,-0.7838881894047135,True,False,False
-0.8391904783796612,-0.2890218769161986,-0.8184556821649459,-1.026100281751445,-1.0407042000392057,-0.9351627706884915,-0.9982966240009008,False,True,False
0.0003015236164016051,0.015015305318379291,-0.23032378684230562,0.3238218639430969,0.11632836537959494,0.5681198898451163,0.39535820087431656,False,False,True
0.6718951252132513,0.8257811246105878,0.5930608666093906,0.5974684782549522,0.5894560229442595,0.3762114650961451,0.8277485439766277,False,False,True
-0.2095714768826142,-0.39036760432772466,-0.46557654497136186,-0.5825689663612263,-0.5003072072757736,-0.6792848710231966,-0.6266553373675096,False,True,False
1.2175649265106925,1.3831826253739816,0.4754344875448625,1.4458747099876186,1.0670683028555088,0.691489591469455,1.8247477648488988,True,False,False
-1.3009110794774956,-1.403824878442985,-1.0537084402940018,-1.2183650033311502,-1.0227657106528676,-1.2778563863116543,-1.273454115066008,False,True,False
-0.2095714768826142,-0.035657558387383215,0.24018172941580623,-0.4767725058094309,-0.48236871788943564,-0.5010841908991519,-0.3908060593117035,True,False,False
0.5459713249138418,0.6737625334932986,0.35780810848033434,0.2861827385544775,0.04681671900753515,0.4950119185121748,0.28815398357622324,True,False,False
-0.2095714768826142,-0.33969474062196164,-0.23032378684230562,-0.22347136468061346,-0.2469260446937495,-0.07614410752643003,-0.1406628856161516,False,False,True
-0.37746987728182685,-0.4917133317392508,-0.34795016590683375,-0.5876553346569856,-0.3635262257049463,-0.7158388566896674,-0.6623900764668741,False,True,False
1.3015141267102988,1.3325097616682184,1.2988191409965588,1.9362006136988235,0.8787141642989597,1.3037688513828394,1.3494757348273503,False,False,True
0.21017452411541743,0.11636103272990543,0.35780810848033434,0.16512717311540406,0.602909889984013,-0.0030361361934885503,-0.24786710291424535,False,True,False
0.1262253239158111,0.11636103272990543,0.004928971286750633,-0.052569389943097795,0.03784747431436615,-0.07614410752643003,-0.21213236381488076,True,False,False
-1.426834879776905,-1.3531520147372218,-1.2889611984230578,-1.2427795711507952,-1.2043929156895399,-1.1042249543959186,-0.6409492330072554,False,True,False
-0.16759687678281104,-0.2890218769161986,-0.1126974077777775,-0.29569779448039674,0.0019704955416901286,-0.22236005019231275,-0.5623328069886533,True,False,False
1.4274379270097073,1.1804911705509293,0.8283136247384462,1.8538014473075215,1.5043189816474969,1.9023403666712972,1.8962172430476278,False,False,True
-0.4614190774814332,-0.44104046803348773,-0.46557654497136186,-0.5062734419248356,-0.3164376910658093,-0.8117930690641529,-0.669537024286747,True,False,False
0.0003015236164016051,0.015015305318379291,-0.23032378684230562,-0.2916286998437892,-0.07651039552353842,-0.2863295251086365,-0.4515551157806233,False,False,True
-1.9305300809745425,-1.9105535155006153,-1.6418403356166418,-1.4340270190713482,-1.3860201207262122,-1.401226087935993,-1.46284823229264,False,True,False
0.37807292451462915,0.21770676014143156,0.12255535035127811,0.004397934969407193,-0.02942186088440139,-0.3365912554000338,0.2988744053060322,False,True,False
0.7138697253130545,0.7244353971990617,0.004928971286750633,0.47132654452011924,0.6970869592622875,0.4036269543459982,0.3703438835047614,False,False,True
-0.7132666780802517,-0.6944047865623025,-0.8184556821649459,-0.8724919592195115,-1.0317349553460367,-0.7798083316059911,-0.5337450157091617,False,False,True
-0.6712920779804485,-0.7957505139738287,-0.46557654497136186,-0.9843920617262182,-1.078823489985174,-0.8849010403970943,-0.9625618849015364,False,True,False
0.04227612371620477,0.21770676014143156,0.004928971286750633,-0.31299144668597856,-0.2805607122931333,-0.7706698351893734,-0.06919340741742243,False,True,False
-0.7132666780802517,-0.44104046803348773,-0.34795016590683375,-0.6405535649328833,-0.6505420558863544,-0.610746147898564,-0.6052144939078908,False,False,True
0.6718951252132513,0.4203982149644838,1.2988191409965588,0.5435529743199028,0.54012517713183,0.9930599732178381,0.538297157271775,True,False,False
1.6373109275087232,1.1804911705509293,0.9459400038029744,1.249540893771306,1.2128185291195048,1.285491858549604,1.3959308956565242,True,False,False
1.0916411262112828,1.2311640342566923,1.2988191409965588,1.1335716966279916,0.9258026989380966,0.8468440305519557,1.2172572001597013,False,False,True
-0.8391904783796612,-1.099787696208407,-1.0537084402940018,-0.9752365987938513,-0.9846464207068996,-0.9443012671051092,-0.8553576676034427,False,True,False
-1.1330126790782828,-1.099787696208407,-1.0537084402940018,-1.026100281751445,-0.8702885508689947,-1.1270711954374628,-1.076913050019503,False,True,False
-0.9651142786790707,-0.998441968796881,-1.17133481935853,-1.0118584505233188,-0.8837424179087482,-1.095086457979301,-1.062619154379757,False,True,False
0.587945925013645,0.572416806081773,0.24018172941580623,0.3960482937428805,0.2306862352174995,0.8559825269685734,0.35247651395507906,True,False,False
0.4620221247142355,0.572416806081773,0.5930608666093906,0.5506738899339656,0.19480925644482375,0.26198025988842405,0.7884403309673266,True,False,False
-2.014479281174149,-1.9105535155006153,-1.75946671468117,-1.4950634386204609,-1.4353509665386417,-1.465195562852317,-1.4985829713920047,False,True,False
0.4620221247142355,0.36972535125872075,0.12255535035127811,0.11629803747611386,0.2217169905243305,0.006102360223129135,0.02014344033098884,True,False,False
-2.4761998822719833,-2.366609288852483,-1.75946671468117,-1.5591516791470292,-1.5003779905641168,-1.5565805270184936,-1.5700524495907338,False,True,False
0.9237427258120703,1.1298183068451662,0.8283136247384462,0.9382551540708314,1.0737952363753853,0.8057207966771761,0.9099384439051662,False,False,True
0.37807292451462915,0.8764539883163509,0.4754344875448625,0.530328416750928,0.4100711290808796,0.8605517751768822,0.538297157271775,True,False,False
0.6718951252132513,0.6737625334932986,0.5930608666093906,0.45810198695114496,0.32486330449577405,0.3533652240546009,0.838468965706437,True,False,False
0.6718951252132513,0.6737625334932986,0.12255535035127811,0.3818064625147539,0.48855202014610816,0.4036269543459982,0.21668450537749406,True,False,False
0.37807292451462915,0.6230896697875355,0.35780810848033434,0.722593138330633,1.2329993296791348,0.46302718105401314,0.26671314011660446,False,False,True
1.0916411262112828,0.977799715727877,0.5930608666093906,1.090846202943613,0.9997989676567411,1.559646751048134,1.1171999306814808,True,False,False
-0.04167307648340156,0.572416806081773,0.24018172941580623,0.24345724487009862,0.42800961846721763,0.16602604751393862,0.1094802880794003,False,False,True
-0.7132666780802517,-0.5423861954450139,-0.46557654497136186,-0.6832790586172622,-0.5810304095142945,-0.6473001335650347,-0.8196229285040781,False,True,False
0.5459713249138418,0.52174394237601,0.4754344875448625,0.36756463128662786,0.3786787726547881,0.7371820735525434,0.12020070980920967,True,False,False
1.5113871272093136,1.5352012164912707,0.5930608666093906,1.71748677698117,1.9572658386525317,2.0896795432119593,1.0600243481224974,False,False,True
0.1262253239158111,0.11636103272990543,0.004928971286750633,-0.41370153894201467,-0.4935802737558969,-0.5787614104404022,-0.033458668318058035,False,True,False
-2.43422528217218,-2.366609288852483,-1.75946671468117,-1.5652553211019404,-1.5250434134703315,-1.4697648110606258,-1.5771993974106067,False,True,False
1.1755903264108893,1.2818368979624555,1.1811927619320306,1.3533028070047974,0.9728912335772342,0.9199520018848967,1.6818088084514404,True,False,False
1.8052093279079358,1.6872198076085587,1.8869510363191988,2.4031292232495356,2.381062650404766,3.1588836239562275,1.6532210171719488,True,False,False
1.3854633269099041,1.3325097616682184,1.0635663828675024,1.6045694008153113,0.7733255391542241,1.5733544956730605,2.2535646340412736,False,False,True
-0.2515460769824174,-0.33969474062196164,-0.5832029240358897,-0.5194979994938098,-0.22674524413411926,-0.6061768996902551,-0.7159921851159208,False,True,False
-2.0564538812739515,-2.0118992429121416,-1.524213956552114,-1.4472515766403227,-1.3792931872063354,-1.4103645843526107,-1.4985829713920047,False,True,False
-0.7132666780802517,-0.8464233776795917,-0.7008293031004178,-0.6802272376398066,-0.45994560615651314,-0.5604844176071668,-0.9446945153518541,False,True,False
1.133615726311086,1.1804911705509293,1.5340718991256144,1.0898289292844612,0.6275753128902275,1.0067677178427648,1.2172572001597013,True,False,False
1.3854633269099041,1.4338554890797446,0.9459400038029744,1.7510568077331818,1.36753800007667,2.0211408200873273,1.8604825039482633,False,False,True
1.889158528107542,1.889911262431611,1.5340718991256144,2.8273323391158685,3.2398678297756978,2.194772252003063,2.7895857205317416,False,False,True
0.1262253239158111,0.11636103272990543,0.12255535035127811,0.07052072281427943,0.3181363709758973,-0.1629598234842978,-0.15853025516583388,True,False,False
-0.6293174778806454,-0.7450776502680656,-1.0537084402940018,-0.977271146112155,-0.8927116626019173,-1.0813787133543744,-0.866078089333252,False,True,False
-1.384860279677102,-1.3531520147372218,-1.524213956552114,-1.2417622974916431,-1.1752428704367408,-1.2504408970618015,-1.2412928498765798,False,True,False
0.9657173259118734,0.927126852022114,0.8283136247384462,0.8995987550230597,0.6544830469697345,1.0204754624676913,1.181522461060337,False,False,True
1.0076919260116766,1.0791454431394032,0.8283136247384462,1.5882930222688811,1.4078996011959304,1.8566478845882088,1.0385835046628786,False,False,True
-0.41944447738163004,-0.33969474062196164,-0.5832029240358897,-0.6313981020005165,-0.5720611648211256,-0.5650536658154757,-0.6731104981966834,False,True,False
0.8817681257122671,0.6230896697875355,0.24018172941580623,0.6198484987562933,0.8002332732337311,0.4721656774706308,0.5132828399022197,False,False,True
-0.2095714768826142,-0.23834901321043547,-0.5832029240358897,-0.309939625708523,-0.29625689050617904,-0.3914222338997397,-0.3193365811129743,True,False,False
0.29412372431502376,0.2683796238471946,-0.34795016590683375,0.0949352906339243,-0.11687199664279894,0.3076727419715125,0.35962346177495197,True,False,False
0.7558443254128576,0.6737625334932986,-0.23032378684230562,0.023726134493293003,-0.03390648323098589,0.09748732438930599,0.08089249679990863,False,True,False
-0.2515460769824174,-0.13700328579890936,-0.34795016590683375,-0.5886726083161377,-0.5518803642614954,-0.42340697135790156,-0.6052144939078908,False,False,True
1.0916411262112828,1.1804911705509293,1.0635663828675024,0.8711150925668071,0.5670329112113369,0.3716422168878363,1.4674003738552532,False,False,True
0.7138697253130545,0.6230896697875355,0.4754344875448625,0.37875464153729815,0.29347094806968255,0.40819620255430705,0.5740318963711395,True,False,False
0.7978189255126608,0.7244353971990617,0.4754344875448625,0.5730539104353072,0.9101065207250512,0.5818276344700428,0.29530093139609614,True,False,False
-3.0218696835694234,-2.924010789615876,-2.112345851874754,-1.6476544874932426,-1.58334350397593,-1.6114115055181997,-1.612934136509971,False,True,False
0.8397935256124639,0.977799715727877,1.7693246572546706,1.2505581674304578,0.6073945123305975,0.9702137321762939,1.3959308956565242,False,False,True
0.33609832441482596,0.3190524875529577,0.4754344875448625,0.17123081507031532,-0.02942186088440139,0.11576431722254135,0.5740318963711395,True,False,False
-1.5947332801761172,-1.5051706058545111,-1.524213956552114,-1.2427795711507952,-1.233542960942339,-1.286994882728272,-1.1055008412989944,False,False,True
0.4620221247142355,0.4203982149644838,-0.46557654497136186,0.07662436476919071,0.2575939692970065,-0.30460651794187193,0.14878850108870134,False,False,True
0.4200475246144323,0.7751082609048248,0.5930608666093906,0.4265665035174366,0.26207859164359104,0.7600283145940877,0.43109293997368114,True,False,False
-0.04167307648340156,-0.035657558387383215,0.004928971286750633,-0.5154289048572024,-0.720053702258414,-0.32745275898341614,-0.433687746230941,False,True,False
1.6373109275087232,1.5858740801970328,0.9459400038029744,1.8070068589865351,2.179254644808464,2.0668333021704153,1.056450874212561,True,False,False
-2.1404030814735577,-2.1639178340294305,-1.877093093745698,-1.5418580269414472,-1.4891664346976554,-1.437780073602464,-1.4985829713920047,False,True,False
-0.7132666780802517,-0.593059059150777,-0.7008293031004178,-0.7575400357353493,-0.720053702258414,-0.8437778065223148,-0.7838881894047135,False,False,True
-0.8391904783796612,-0.8464233776795917,-0.7008293031004178,-1.0118584505233188,-0.8411385056161956,-1.2413024006451838,-0.9982966240009008,False,True,False
0.9657173259118734,0.6737625334932986,0.8283136247384462,0.658504897804065,0.5647906000380447,1.463692538673649,0.34532956613520616,True,False,False
1.4274379270097073,1.3831826253739816,1.0635663828675024,1.5069111295367308,1.3630533777300853,1.8520786363799,1.5067085868645544,False,False,True
-2.644098282671196,-2.619973607381298,-1.9947194728102262,-1.5978080781948005,-1.5272857246436238,-1.5931345126849643,-1.6200810843298439,False,True,False
-0.3354952771820237,-0.23834901321043547,-0.34795016590683375,-0.718883636687578,-0.720053702258414,-0.9351627706884915,-0.498010276609797,False,False,True
0.587945925013645,0.572416806081773,0.24018172941580623,0.17936900434353037,0.3271056156690663,-0.03959012185995929,0.15950892281851073,False,False,True
0.8817681257122671,0.7244353971990617,0.12255535035127811,0.36756463128662786,0.28225939220322127,0.5132889113454101,0.46682767907304573,False,False,True
0.587945925013645,0.52174394237601,0.24018172941580623,0.005415208628559185,0.07372445308704217,0.10662582080592367,-0.033458668318058035,False,True,False
-1.5947332801761172,-1.6065163332660373,-1.0537084402940018,-1.3139887272914266,-1.2604506950218461,-1.2001791667704043,-1.3199092758951818,False,True,False
-1.426834879776905,-1.403824878442985,-1.524213956552114,-1.2753323282436553,-0.251410667040334,-1.2321639042285661,-1.2877480107057537,False,True,False
0.16819992401561426,-0.035657558387383215,0.8283136247384462,0.30347639076005933,-0.4577032949832209,0.23913401884687985,1.002848765563514,True,False,False
-1.6367078802759203,-1.809207788089089,-1.2889611984230578,-1.3455242107251348,-1.2626930061951382,-1.4149338325609198,-1.35207054108461,False,True,False
0.37807292451462915,0.4710710786702469,0.24018172941580623,0.2627854443939842,0.1185706765528872,0.5269966559703367,0.25241924447685865,False,False,True
1.0076919260116766,1.0791454431394032,1.0635663828675024,1.281076377205014,0.9997989676567411,1.230660880049898,1.2172572001597013,False,False,True
-0.5033936775812359,-0.4917133317392508,-0.5832029240358897,-0.5113598102205948,-0.29401457933288677,-0.37771448927481316,-0.8553576676034427,False,False,True
-0.16759687678281104,-0.33969474062196164,-0.5832029240358897,-0.49101433703755726,-0.4352801832502984,-0.555915169398858,-0.5194511200694157,True,False,False
-0.545368277681039,-0.6944047865623025,-0.9360820612294737,-0.9050447163123716,-0.8075038380168118,-0.8529163029389325,-1.023310941370456,False,True,False
-0.9651142786790707,-1.049114832502644,-1.17133481935853,-0.9711675041572437,-0.9128924631615475,-0.9717167563549622,-0.9982966240009008,False,True,False
0.4620221247142355,0.36972535125872075,-0.34795016590683375,-0.24686865884110656,-0.2581376005602108,-0.3685759928581955,-0.033458668318058035,False,True,False
1.0076919260116766,1.1298183068451662,0.8283136247384462,1.4855483826945415,1.5626190721530955,1.596200736714605,1.1457877219609724,False,False,True
1.0076919260116766,1.0791454431394032,0.24018172941580623,0.7754913686065307,0.692602336915703,0.22542627422195333,1.0385835046628786,True,False,False
1.0916411262112828,1.737892671314322,1.5340718991256144,2.5424957145533424,2.68377465879922,1.4682617868819579,2.5823242337554273,False,False,True
0.4200475246144323,0.7244353971990617,0.5930608666093906,0.5028620279538276,0.674663847529365,0.26198025988842405,0.47397462689291864,True,False,False
-0.3354952771820237,-0.44104046803348773,0.004928971286750633,-0.7799200562366906,-0.7671422368975513,-0.8072238208558441,-0.06561993350748596,False,True,False
1.343488726810102,1.2311640342566923,0.7106872456739187,1.3828037431202018,1.6949154313773385,1.5687852474647517,0.9492466569144672,True,False,False
-2.3083014818727707,-2.366609288852483,-1.877093093745698,-1.561186226465333,-1.49365105704424,-1.5794267680600378,-1.5700524495907338,False,True,False
0.7978189255126608,0.927126852022114,0.8283136247384462,0.722593138330633,0.6186060681970588,1.1027219302172504,0.7884403309673266,True,False,False
-0.4614190774814332,-0.33969474062196164,-0.5832029240358897,-0.8226455499210695,-0.8613193061758257,-0.9625782599383446,-0.6409492330072554,False,False,True
0.5459713249138418,0.36972535125872075,0.004928971286750633,0.20378357216317544,-0.020452616191232384,0.48587342209555734,0.28815398357622324,False,False,True
-0.04167307648340156,-0.035657558387383215,-0.46557654497136186,-0.41471881260116644,-0.43079556090371385,-0.359437496441578,-0.41939385059119516,True,False,False
-2.9379204833698176,-2.873337925910113,-2.3475986100038098,-1.6415508455383312,-1.574374259282761,-1.5977037608932732,-1.6772566668888274,False,False,True
-0.2935206770822205,-0.4917133317392508,-0.7008293031004178,-0.6720890483665917,-0.8949539737752095,-0.6747156228148877,-0.3193365811129743,True,False,False
-0.2095714768826142,-0.08633042209314629,0.004928971286750633,-0.34452693011968694,-0.4666725396763899,-0.04872861827657698,-0.1406628856161516,True,False,False
-0.7132666780802517,-0.64373192285654,-0.46557654497136186,-0.6995554371636923,-0.7357498804714597,-0.66557712639827,-0.5694797548085262,False,True,False
-1.3009110794774956,-1.3024791510314588,-0.9360820612294737,-1.177674056965075,-1.1393658916640648,-1.1087942026042275,-1.1841172673175964,False,False,True
0.25214912421522057,0.36972535125872075,0.8283136247384462,0.6422285192576349,0.8540487413927451,0.577258386261734,0.2774335618464138,True,False,False
-1.9305300809745425,-1.9105535155006153,-1.6418403356166418,-1.4126642722291587,-1.3591123866467052,-1.3829490951027577,-1.46284823229264,False,True,False
-0.37746987728182685,-0.5423861954450139,-0.5832029240358897,-0.7290563732790968,-0.6909036570056148,-0.6290231407317993,-0.7695942937649677,False,True,False
0.21017452411541743,0.06568816902414236,0.9459400038029744,0.6808849183054061,0.6343022464101045,1.0981526820089416,0.5097093659922832,True,False,False
-0.5033936775812359,-0.4917133317392508,-0.8184556821649459,-0.6771754166623509,-0.6572689894062311,-0.5924691550653286,-0.7124187112059843,False,True,False
-0.5033936775812359,-0.5423861954450139,-1.17133481935853,-0.810438266011247,-0.7178113910851218,-0.9762860045632712,-0.8017555589543958,False,True,False
-0.2515460769824174,-0.13700328579890936,-0.46557654497136186,-0.5652753141556442,-0.6124227659403861,-0.3959914821080485,-0.5194511200694157,False,False,True
0.9237427258120703,1.02847257943364,1.0635663828675024,0.9260478701610088,0.7419331827281326,1.0433217035092355,1.2208306740696377,True,False,False
1.59533632740892,1.5858740801970328,0.8283136247384462,2.2820736578104617,1.8115156123885352,2.1719260109615184,1.2422715175292565,False,False,True
0.6299205251134481,0.6737625334932986,1.1811927619320306,0.5221902274777129,0.19032463409823924,0.7737360592190142,0.609766635470504,False,False,True
-0.545368277681039,-0.33969474062196164,-0.46557654497136186,-0.7534709410987418,-0.8209577050565653,-0.6473001335650347,-0.6409492330072554,True,False,False
-0.5033936775812359,-0.593059059150777,-0.7008293031004178,-0.8592674016505372,-0.8770154843888714,-0.7204081048979762,-0.7767412415848406,True,False,False
0.16819992401561426,0.21770676014143156,0.5930608666093906,-0.05867303189800907,-0.3007415128527635,0.019810104848055662,0.28815398357622324,True,False,False
0.9237427258120703,0.977799715727877,1.1811927619320306,1.0186197731438293,0.9863451006169877,0.6503663575946754,1.3959308956565242,False,True,False
-0.8391904783796612,-0.8464233776795917,-0.5832029240358897,-0.9406492943826874,-0.890469351428625,-0.8620547993555502,-0.9661353588114728,False,True,False
-0.2095714768826142,-0.13700328579890936,0.24018172941580623,-0.23669592224958777,-0.16620284245522846,-0.07157485931812119,-0.3193365811129743,True,False,False
0.5039967248140387,0.21770676014143156,0.4754344875448625,0.2526127078024654,0.008697429061566881,-0.04415937006826813,0.21668450537749406,False,False,True
0.4620221247142355,0.4710710786702469,0.24018172941580623,0.5761057314127629,0.5199443765721997,0.3168112383881302,0.18094976627812948,False,False,True
1.2175649265106925,1.1298183068451662,1.2988191409965588,1.9850297493381137,1.7823655671357361,1.7606936722137232,1.899790716957564,True,False,False
0.08425072381600793,0.4203982149644838,-0.1126974077777775,-0.047483021647338516,-0.17292977597510523,0.0015331120148202922,0.07374554898003571,True,False,False
0.587945925013645,0.2683796238471946,0.4754344875448625,0.4601365342694485,0.2912286368963903,0.3944884579293805,0.5025624181724103,False,False,True
0.8397935256124639,0.7244353971990617,1.4164455200610868,1.0023433945973994,1.1074299039747693,1.1392759158837211,0.8241750700666912,True,False,False
-0.9231396785792675,-0.998441968796881,-1.17133481935853,-1.1176549110751142,-1.0586426894255436,-1.090517209770992,-1.1055008412989944,False,True,False
1.6373109275087232,1.6365469439027958,1.4164455200610868,2.0277552430224923,2.50438976493584,1.6921549490890906,1.7532782866501695,False,False,True
-0.2095714768826142,-0.2890218769161986,-0.34795016590683375,-0.6344499229779721,-0.5025495184490659,-0.6153153961068728,-0.7553003981252219,False,True,False
1.1755903264108893,1.1804911705509293,0.9459400038029744,1.2169881366784459,1.394445734156177,0.997629221426147,1.1457877219609724,False,False,True
-1.174987279178086,-1.099787696208407,-0.9360820612294737,-1.135965836939848,-1.1169427799311422,-1.1316404436457717,-1.141235580398359,True,False,False
-0.4614190774814332,-0.4917133317392508,-0.9360820612294737,-0.7331254679157043,-0.8837424179087482,-0.839208558314006,-0.7231391329357937,True,False,False
-0.9651142786790707,-0.7957505139738287,-0.8184556821649459,-1.008806629545863,-0.9330732637211777,-0.9762860045632712,-0.9268271458021718,False,True,False
-2.7280474828708017,-2.7213193347928235,-1.9947194728102262,-1.6191708250369898,-1.5519511475498384,-1.5794267680600378,-1.6415219277894628,False,False,True
-0.7132666780802517,-0.33969474062196164,-0.23032378684230562,-0.6995554371636923,-0.6034535212472171,-0.7706698351893734,-0.6052144939078908,False,False,True
1.0496665261114797,1.0791454431394032,-0.34795016590683375,0.7114031280799626,0.7307216268616711,0.9336597465098232,0.6276340050201864,False,False,True
-0.16759687678281104,-0.08633042209314629,-0.34795016590683375,-0.5500162092683663,-0.6056958324205093,-0.34116050360834266,-0.498010276609797,False,True,False
2.4348283294049824,2.4473127631950047,2.592709310706367,2.897524221597348,2.3765780280581823,2.185633755586445,3.9866994803604543,True,False,False
0.04227612371620477,0.11636103272990543,0.7106872456739187,-0.005774801622111596,0.2217169905243305,0.24827251526349753,-0.6373757590973189,True,False,False
1.0496665261114797,1.1298183068451662,1.2988191409965588,0.9158751335694898,1.0670683028555088,0.5955353790949693,1.0207161351131964,True,False,False
-0.4614190774814332,-0.64373192285654,-0.5832029240358897,-0.6965036161862367,-0.7178113910851218,-0.66557712639827,-0.5265980678892886,False,True,False
0.6718951252132513,0.7751082609048248,0.5930608666093906,0.24549179218840236,0.41679806260075636,0.11119506901423251,0.263139666206668,True,False,False
0.8397935256124639,0.8764539883163509,0.35780810848033434,0.39503102008372826,0.4459481078535556,0.12490281363915905,0.7169708527685978,False,False,True
0.29412372431502376,0.11636103272990543,0.24018172941580623,0.09086619599731678,0.35625566092186556,0.14317980647239442,-0.05847298568761305,False,False,True
-0.37746987728182685,-0.39036760432772466,-0.23032378684230562,-0.38216605550830635,-0.0518449726173239,-0.5970384032736374,-0.748153450305349,False,False,True
-0.6293174778806454,-0.64373192285654,-0.8184556821649459,-0.8531637596956259,-0.8097461491901041,-0.6244538925234905,-0.748153450305349,False,False,True
-0.7552412781800548,-0.5423861954450139,-0.34795016590683375,-0.8613019489688409,-0.9285886413745933,-0.9762860045632712,-0.5337450157091617,False,True,False
-0.2095714768826142,-0.2890218769161986,0.35780810848033434,-0.3577514876886612,-0.538426497221742,-0.3457297518166515,-0.24786710291424535,True,False,False
0.587945925013645,0.572416806081773,0.8283136247384462,0.5781402787310664,0.18359770057836247,0.6686433504279108,1.0743182437622432,False,False,True
-0.5873428777808423,-0.593059059150777,-0.46557654497136186,-0.7066763527777554,-0.8030192156702273,-0.3365912554000338,-0.5694797548085262,False,False,True
0.29412372431502376,0.36972535125872075,0.5930608666093906,0.0023633876511034353,-0.06754115083036966,-0.016743880818415078,0.2810070357563503,False,True,False
0.08425072381600793,0.06568816902414236,1.0635663828675024,0.021691587174989247,-0.20880675474778124,-0.20408305735907736,0.43109293997368114,True,False,False
1.0496665261114797,1.1804911705509293,1.0635663828675024,1.3370264284583675,1.3652956889033778,1.427138553007178,0.9885548699237683,False,False,True
-0.7972158782798581,-0.6944047865623025,-0.34795016590683375,-0.9091138109489791,-1.0003425989199453,-1.095086457979301,-0.669537024286747,False,True,False
1.343488726810102,1.3831826253739816,0.9459400038029744,1.906699677583419,1.744246277189768,1.9297558559211503,1.7532782866501695,True,False,False
-1.9305300809745425,-1.809207788089089,-1.406587577487586,-1.3597660419532611,-1.3254777190473213,-1.1956099185620954,-1.4378339149230848,False,True,False
0.7978189255126608,0.7751082609048248,0.35780810848033434,0.4041864830160955,0.288986325723098,0.46302718105401314,0.6812361136692332,False,False,True
-1.9725046810743456,-2.0118992429121416,-1.75946671468117,-1.4930288913021572,-1.4488048335783952,-1.4514878182273905,-1.4985829713920047,False,True,False
0.9657173259118734,0.977799715727877,0.5930608666093906,1.2464890727938502,1.1388222604008607,1.1209989230504858,1.0743182437622432,False,False,True
0.1262253239158111,0.06568816902414236,-0.7008293031004178,-0.4309951911475965,-0.3814647150912843,-0.2817602769003277,-0.4515551157806233,False,True,False
0.5039967248140387,-0.035657558387383215,0.24018172941580623,0.8660287242710478,0.33383254918894306,0.1934415367637917,0.609766635470504,False,False,True
0.29412372431502376,0.11636103272990543,1.2988191409965588,-0.04544847432903476,-0.260379911733503,-0.012174632610106236,0.3238887226755874,False,False,True
2.141006128706361,1.9405841261373742,1.6516982781901424,3.4936465858603487,3.739903221419869,3.5975314519538766,3.107624898516086,False,False,True
-2.392250682072377,-2.366609288852483,-2.229972230939282,-1.5479616688963584,-1.475712567657902,-1.437780073602464,-1.5700524495907338,False,True,False
0.587945925013645,0.572416806081773,-0.34795016590683375,-0.06477667385292034,-0.16171822010864395,0.1751645439305563,-0.06919340741742243,False,False,True
-0.8811650784794643,-0.7450776502680656,-0.5832029240358897,-0.9396320207235355,-0.8501077503093645,-1.0037014938131241,-0.8553576676034427,False,False,True
0.21017452411541743,0.21770676014143156,0.004928971286750633,0.0186397661975335,0.06475520839387316,0.3396574794296744,-0.32291005502291076,True,False,False
-1.3009110794774956,-1.2011334236199331,-0.9360820612294737,-1.1817431516016825,-1.1573043810504027,-1.1910406703537866,-1.1055008412989944,False,True,False
0.587945925013645,0.6230896697875355,0.35780810848033434,0.7052994861250512,0.8136871402734845,0.8057207966771761,0.5025624181724103,True,False,False
-0.41944447738163004,-0.1876761495046724,-0.46557654497136186,-0.611052628817479,-0.6595113005795233,-0.5970384032736374,-0.498010276609797,True,False,False
0.9657173259118734,0.977799715727877,1.1811927619320306,0.8233032305866691,0.3719518391349113,1.1849683979668095,0.8956445482654204,True,False,False
0.1262253239158111,0.1670338964356685,0.4754344875448625,0.23328450827857983,0.031120540794489393,0.17973379213886514,0.39535820087431656,True,False,False
0.1262253239158111,0.11636103272990543,0.004928971286750633,-0.05562121092055355,0.08717832012679567,-0.0030361361934885503,-0.21213236381488076,True,False,False
-0.7972158782798581,-0.7957505139738287,-1.0537084402940018,-1.0393248393204193,-1.087792734678343,-1.0585324723128302,-0.833916824143824,False,True,False
-0.16759687678281104,-0.08633042209314629,0.5930608666093906,-0.20719498613418338,-0.41734169386396036,-0.23606779481723927,0.07374554898003571,True,False,False
-1.5107840799765113,-1.555843469560274,-1.17133481935853,-1.2824532438577183,-1.1954236709963708,-1.3829490951027577,-1.2627336933361986,False,False,True
0.9237427258120703,0.7751082609048248,0.9459400038029744,0.7093685807616587,0.5289136212653687,0.8833980162184264,0.8241750700666912,False,False,True
0.04227612371620477,0.015015305318379291,0.35780810848033434,-0.234661374931284,-0.3590416033583618,-0.11269809319290051,-0.18354457253538908,False,False,True
0.8397935256124639,0.11636103272990543,0.5930608666093906,0.4652229025652082,-0.01148337149806338,-0.1446828306510624,1.4674003738552532,True,False,False
0.7978189255126608,1.02847257943364,0.8283136247384462,0.65036670853085,0.34504410505540434,0.41733469897092473,1.1457877219609724,False,False,True
-0.16759687678281104,0.015015305318379291,-0.1126974077777775,-0.35368239305205373,-0.3119530687192248,-0.4371147159828281,-0.3193365811129743,True,False,False
0.37807292451462915,0.3190524875529577,0.35780810848033434,0.5801748260493704,0.5244289989187841,0.46302718105401314,0.21668450537749406,False,False,True
-0.7132666780802517,-0.5423861954450139,-0.5832029240358897,-0.8460428440815627,-0.9061655296416707,-0.8072238208558441,-0.7767412415848406,True,False,False
0.9237427258120703,0.8257811246105878,0.8283136247384462,1.107122581490043,1.1769415503468288,0.8194285413021026,1.110052982861608,False,False,True
-0.8811650784794643,-0.8970962413853548,-0.23032378684230562,-0.8490946650590184,-0.8792577955621638,-0.6838541192315055,-0.8625046154233156,True,False,False
0.0003015236164016051,-0.08633042209314629,-0.7008293031004178,-0.41370153894201467,-0.26486453408008753,-0.5010841908991519,-0.42654079841106807,False,True,False
1.6792855276085263,1.6365469439027958,1.1811927619320306,3.497715680496956,3.1838100504433915,2.7613590298333586,3.468545763419668,False,False,True
-1.8465808807749362,-1.6571891969718002,-1.524213956552114,-1.3729905995222353,-1.31426616318086,-1.3052718755615074,-1.391378754093911,False,True,False
0.37807292451462915,0.2683796238471946,0.7106872456739187,0.08577982770155751,0.09614756481996468,0.019810104848055662,0.22025797928743052,False,False,True
-0.16759687678281104,-0.13700328579890936,-0.1126974077777775,-0.4869452424009497,-0.3254069357589783,-0.4508224606077546,-0.3908060593117035,False,False,True
0.33609832441482596,0.2683796238471946,1.0635663828675024,0.3065282117375151,-0.1415374195490137,-0.40969922673297504,1.0743182437622432,False,False,True
-0.04167307648340156,-0.08633042209314629,0.5930608666093906,0.05220979694954561,-0.38594933743786886,0.18430304034717399,-0.21213236381488076,False,False,True
0.4620221247142355,0.572416806081773,0.24018172941580623,0.15393716286473327,0.04681671900753515,0.14317980647239442,0.35962346177495197,False,False,True
0.6718951252132513,0.7751082609048248,0.24018172941580623,0.8283895988824284,1.2150608402927967,0.4127654507626159,0.6455013745698687,False,True,False
0.7978189255126608,0.7244353971990617,0.7106872456739187,0.5567775318888771,0.782294783847393,0.6320893647614401,0.33818261831533325,True,False,False
-0.9231396785792675,-0.8464233776795917,-0.5832029240358897,-0.9874438827036738,-0.9868887318801917,-0.9534397635217269,-0.9268271458021718,True,False,False
0.37807292451462915,0.4203982149644838,-0.1126974077777775,-0.07494941044443913,0.09390525364667243,-0.359437496441578,0.03801080988067113,False,True,False
1.0076919260116766,0.8257811246105878,0.4754344875448625,0.6371421509618752,0.632059935236812,0.9884907250095293,0.5668849485512666,True,False,False
0.6299205251134481,1.02847257943364,1.0635663828675024,0.9240133228427048,1.1163991486679383,0.8559825269685734,0.538297157271775,False,False,True
0.9657173259118734,1.02847257943364,1.1811927619320306,1.5913448432463368,1.1702146168269523,1.6464624670060022,1.646074069352076,False,False,True
-0.6712920779804485,-0.5423861954450139,-0.7008293031004178,-0.7921273401465132,-0.8075038380168118,-0.7067003602730497,-0.6373757590973189,False,False,True
-0.7132666780802517,-0.64373192285654,-0.9360820612294737,-0.9457356626784468,-1.069854245292005,-0.8255008136890795,-0.8553576676034427,False,True,False
-0.7552412781800548,-0.593059059150777,-0.46557654497136186,-0.7575400357353493,-0.7559306810310901,-0.7386850977312115,-0.7838881894047135,True,False,False
0.5039967248140387,0.2683796238471946,0.8283136247384462,0.3075454853966669,0.2015361899647005,0.6275201165531312,0.21668450537749406,True,False,False
0.21017452411541743,0.2683796238471946,0.004928971286750633,-0.17464222904132326,-0.060814217310492906,-0.062436362901503506,-0.09420772478697763,True,False,False
-0.41944447738163004,-0.33969474062196164,-0.34795016590683375,-0.494066158015013,-0.5541226754347877,-0.08528260394304746,-0.6052144939078908,True,False,False
1.2175649265106925,1.3325097616682184,0.8283136247384462,1.3248191445485449,1.6971577425506306,1.0204754624676913,0.8956445482654204,False,False,True
0.9657173259118734,0.8257811246105878,0.9459400038029744,1.076604371715487,1.3114802207443639,1.5185235171733544,0.46682767907304573,True,False,False
1.5533617273091167,1.3831826253739816,0.8283136247384462,2.189501754827641,2.295854825819661,2.5191888747929907,1.6818088084514404,True,False,False
-1.4688094798767082,-1.454497742148748,-1.17133481935853,-1.3129714536322747,-1.2828738067547687,-1.2732871381033455,-1.2841745367958173,True,False,False
-0.41944447738163004,-0.6944047865623025,-0.8184556821649459,-0.7677127723268681,-0.7065998352186605,-0.921455026063565,-0.6659635503768105,False,True,False
0.1262253239158111,0.3190524875529577,-0.1126974077777775,0.26075089707568044,-0.5473957419149109,0.36707296867952743,0.43109293997368114,True,False,False
0.29412372431502376,0.4203982149644838,0.12255535035127811,0.12850532138593643,0.12529761007276394,0.26198025988842405,0.17380281845825654,False,False,True
-0.2935206770822205,0.11636103272990543,-0.34795016590683375,-0.4513406643306341,-0.5451534307416187,-0.34116050360834266,-0.1406628856161516,False,False,True
-1.9305300809745425,-1.8598806517948523,-1.406587577487586,-1.4380961137079558,-1.3994739877659657,-1.3601028540612135,-1.4271134931932754,False,True,False
1.0496665261114797,0.8764539883163509,0.7106872456739187,0.9057023969779712,1.1702146168269523,0.45388868463739546,1.1386407741410995,False,False,True
1.889158528107542,1.4338554890797446,1.2988191409965588,2.0379279796140115,2.10525837608982,1.6921549490890906,1.4316656347558887,True,False,False
-1.4688094798767082,-1.3531520147372218,-0.7008293031004178,-1.0952748905737728,-1.0676119341187127,-1.0722402169377567,-1.0661926282896934,False,False,True
0.04227612371620477,0.4710710786702469,0.5930608666093906,0.30449366441921133,-0.2020798212279045,0.9199520018848967,0.40607862260412597,True,False,False
0.7138697253130545,0.4203982149644838,0.4754344875448625,0.6208657724154452,0.23965547991066852,1.1895376461751184,0.43109293997368114,True,False,False
-1.174987279178086,-1.049114832502644,-1.0537084402940018,-1.177674056965075,-1.2066352268628322,-1.149917436479007,-1.06976610219963,False,True,False
-0.2935206770822205,-0.1876761495046724,0.24018172941580623,-0.5245843677895694,-0.6079381435938016,-0.5193611837323873,-0.498010276609797,False,False,True
-1.5107840799765113,-1.403824878442985,-0.7008293031004178,-1.2560041287197694,-1.2492391391553848,-1.1544866846873159,-1.2127050585970882,False,True,False
1.0076919260116766,0.8257811246105878,1.7693246572546706,1.1701935483574593,0.2957132592429748,0.4356116918041601,1.9319519821469926,True,False,False
-0.37746987728182685,-0.5423861954450139,0.4754344875448625,-0.7463500254846787,-0.6258766329801396,-0.6838541192315055,-0.00487087703856637,False,False,True
-2.7280474828708017,-2.619973607381298,-2.3475986100038098,-1.5967908045356485,-1.5228011022970391,-1.5885652644766555,-1.666536245159018,False,True,False
-0.545368277681039,-0.593059059150777,-0.7008293031004178,-0.8877510641067897,-0.8613193061758257,-0.8620547993555502,-0.8196229285040781,False,True,False
1.0496665261114797,0.927126852022114,0.004928971286750633,0.8283895988824284,1.1477915050940297,0.49958116672048364,0.5740318963711395,False,False,True
1.343488726810102,1.4338554890797446,1.1811927619320306,2.1447417138249585,2.37433571688489,2.0942487914202683,1.7854395518395978,False,False,True
-0.5033936775812359,-0.39036760432772466,-0.5832029240358897,-0.8613019489688409,-0.9375578860677622,-0.7980853244392264,-0.6731104981966834,False,True,False
0.33609832441482596,0.4710710786702469,-0.23032378684230562,0.46217108158775244,0.3517710385752811,0.7645975628023965,0.43109293997368114,True,False,False
0.6718951252132513,0.927126852022114,0.8283136247384462,0.5435529743199028,0.5199443765721997,0.467596429262322,0.9671140264641496,False,False,True
0.0003015236164016051,-0.08633042209314629,0.004928971286750633,-0.2244886383397652,0.0356051631410739,-0.32745275898341614,-0.472995959240242,False,False,True
-1.9725046810743456,-2.0625721066179046,-1.6418403356166418,-1.4920116176430052,-1.455531767098272,-1.4789033074772435,-1.46284823229264,False,True,False
-1.1330126790782828,-0.998441968796881,-1.2889611984230578,-0.9904957036811295,-0.8052615268435196,-1.0174092384380506,-1.1483825282182318,False,True,False
1.2175649265106925,1.3325097616682184,1.4164455200610868,1.2800591035458622,1.2688763084518109,1.344892085257619,1.2637123609888752,True,False,False
-0.7132666780802517,-1.049114832502644,-0.5832029240358897,-0.9192865475404979,-0.890469351428625,-0.8209315654807706,-0.9268271458021718,False,True,False
0.4200475246144323,0.2683796238471946,-0.1126974077777775,0.32789095857970446,0.3203786821491896,0.38078071330445395,-0.00487087703856637,False,False,True
-1.4688094798767082,-1.454497742148748,-1.2889611984230578,-1.3373860214519198,-1.269419939715015,-1.341825861227978,-1.312762328075309,False,True,False
1.4694125271095104,1.3325097616682184,1.7693246572546706,2.3339546144272076,1.376507244769839,1.203245390800045,3.361341546121574,True,False,False
0.08425072381600793,0.3190524875529577,0.5930608666093906,0.08984892233816502,-0.36576853687823857,-0.007605384401797393,0.43109293997368114,False,False,True
0.7978189255126608,0.4203982149644838,1.4164455200610868,0.055261617927001135,0.3046825039361438,-0.2589140358587835,0.0058495446912430055,False,False,True
-0.04167307648340156,0.1670338964356685,0.5930608666093906,0.32077004296564143,0.1589322776721477,0.4036269543459982,0.5740318963711395,True,False,False
0.29412372431502376,0.572416806081773,0.4754344875448625,0.408255577652703,0.3203786821491896,0.19801078497210053,0.6955300093089791,True,False,False
-1.174987279178086,-1.2518062873256963,-1.2889611984230578,-1.193950435511505,-1.0720965564652971,-1.2458716488534927,-1.226998954236834,False,True,False
0.4200475246144323,0.36972535125872075,0.4754344875448625,0.1763171833660746,0.4011018843877106,0.11576431722254135,0.002276070781306547,False,True,False
0.0003015236164016051,-0.08633042209314629,-0.23032378684230562,-0.42489154919268524,-0.42631093855712937,-0.3091757661501808,-0.3979530071315764,False,False,True
-0.3354952771820237,-0.1876761495046724,-1.2889611984230578,-0.38114878184915457,-0.29625689050617904,-0.7112696084813586,-0.2978957376533556,False,False,True
-1.384860279677102,-1.403824878442985,-1.17133481935853,-1.2183650033311502,-1.078823489985174,-1.2550101452701103,-1.312762328075309,False,True,False
0.33609832441482596,0.52174394237601,0.35780810848033434,0.08272800672410198,0.06699751956716542,0.31224199017982135,0.07374554898003571,False,True,False
0.7138697253130545,0.6737625334932986,0.35780810848033434,0.30958003271497064,0.43025192964050984,0.43104244359585125,0.18809671409800238,False,False,True
0.0003015236164016051,-0.08633042209314629,-0.23032378684230562,-0.3791142345308508,-0.06978346200366191,-0.47823794985760765,-0.2836018420136097,False,True,False
-1.426834879776905,-1.403824878442985,-0.8184556821649459,-1.1390176579173035,-0.9779194871870228,-1.1727636775205512,-1.1876907412275328,False,True,False
0.04227612371620477,0.06568816902414236,0.8283136247384462,-0.18583223929199383,-0.4464917391167596,-0.37771448927481316,0.177376292368193,False,False,True
-2.0564538812739515,-2.113244970323667,-1.406587577487586,-1.5042189015528278,-1.4689856341380254,-1.4560570664356993,-1.4985829713920047,False,False,True
0.587945925013645,0.4203982149644838,0.5930608666093906,0.5089656699087387,0.5804867782510904,0.6549356058029843,0.2810070357563503,True,False,False
-0.7132666780802517,-0.64373192285654,-0.46557654497136186,-0.9477702099967505,-0.8747731732155792,-0.894039536813712,-0.9268271458021718,False,True,False
0.16819992401561426,0.1670338964356685,-0.1126974077777775,0.02779522912990052,0.055785963700704155,0.2665495080967329,-0.033458668318058035,False,False,True
-2.0564538812739515,-2.0118992429121416,-1.75946671468117,-1.4645452288459047,-1.4263817218454726,-1.3920875915193753,-1.4985829713920047,False,True,False
-0.4614190774814332,-0.5423861954450139,0.12255535035127811,-0.7778855089183869,-0.917377085508132,-0.7204081048979762,-0.833916824143824,False,True,False
-1.0490634788786766,-1.099787696208407,-0.5832029240358897,-1.0749294173907353,-1.0182810883062832,-1.2275946560202573,-1.0447517848300747,True,False,False
0.4200475246144323,0.1670338964356685,-0.1126974077777775,-0.06986304214867985,0.015424362581443635,0.13861055826408558,-0.00487087703856637,False,True,False
0.9237427258120703,0.927126852022114,0.9459400038029744,0.8660287242710478,0.8002332732337311,1.0159062142593824,0.7884403309673266,True,False,False
0.0003015236164016051,-0.08633042209314629,0.7106872456739187,-0.20414316515672765,-0.36576853687823857,0.22542627422195333,-0.3193365811129743,False,False,True
-0.3354952771820237,-0.39036760432772466,-0.9360820612294737,-0.6466572068877946,-0.6348458776733086,-0.6701463746065789,-0.7838881894047135,False,True,False
-0.8391904783796612,-0.6944047865623025,-0.9360820612294737,-0.935562926086928,-0.944284819587639,-0.8620547993555502,-0.8910924067028072,False,True,False
-1.2169618792778891,-1.3531520147372218,-0.7008293031004178,-1.16953586769186,-1.123669713451019,-1.1636251811039335,-1.173396845587787,False,True,False
0.04227612371620477,0.015015305318379291,-0.23032378684230562,-0.2733177739790554,-0.26262222290679527,0.11576431722254135,-0.2836018420136097,True,False,False
0.33609832441482596,0.4203982149644838,0.35780810848033434,0.4652229025652082,0.5064905095324461,0.5407044005952633,0.18094976627812948,False,False,True
0.587945925013645,0.927126852022114,0.9459400038029744,0.4519983449962334,0.3584979720951578,0.10205657259761483,1.0743182437622432,True,False,False
0.587945925013645,0.6230896697875355,0.5930608666093906,0.3757028205598429,0.5849714005976749,0.0883488279726883,0.35247651395507906,True,False,False
-0.5873428777808423,-0.64373192285654,-0.8184556821649459,-0.8755437801969671,-0.881500106735456,-0.9625782599383446,-0.8124759806842051,False,True,False
-0.6712920779804485,-0.5423861954450139,0.24018172941580623,-0.7036245318002998,-0.8052615268435196,-0.5102226873157696,-0.6052144939078908,True,False,False
-2.6021236825713925,-2.4172821525582453,-1.9947194728102262,-1.5672898684202443,-1.5250434134703315,-1.5245957895603317,-1.5700524495907338,False,True,False
0.08425072381600793,0.11636103272990543,-0.34795016590683375,-0.13598582999355185,-0.21777599944095025,-0.27719102869201884,0.18094976627812948,False,False,True
1.4694125271095104,1.6872198076085587,0.7106872456739187,0.974877005800299,0.667936914009488,1.2169531354249714,1.2887266783584304,True,False,False
-2.8539712831702113,-2.7719921984985865,-2.3475986100038098,-1.63544720358342,-1.5698896369361766,-1.602273009101582,-1.6486688756093357,False,True,False
1.0496665261114797,1.0791454431394032,0.9459400038029744,1.2861627455007736,1.3339033324772864,1.2123838872166626,1.2279776218895107,False,False,True
-2.7280474828708017,-2.670646471087061,-2.7004777471973944,-1.6201880986961419,-1.5676473257628842,-1.5839960162683466,-1.6415219277894628,False,True,False
-1.0490634788786766,-1.099787696208407,-0.5832029240358897,-1.0433939339570268,-1.0182810883062832,-0.9899937491881977,-1.0447517848300747,False,True,False
-1.8465808807749362,-1.809207788089089,-1.524213956552114,-1.394353346364425,-1.3501431419535361,-1.37381059868614,-1.3556440149945463,False,True,False
-1.0490634788786766,-0.998441968796881,-0.7008293031004178,-1.051532123230242,-0.9981002877466529,-1.1316404436457717,-0.9982966240009008,False,False,True
-1.7206570804755268,-1.809207788089089,-1.877093093745698,-1.427923377116437,-1.341173897260367,-1.401226087935993,-1.4592747583827035,False,True,False
-1.2589364793776923,-1.3024791510314588,-1.2889611984230578,-1.2539695814014657,-1.233542960942339,-1.209317663187022,-1.1984111629573422,False,True,False
0.21017452411541743,0.3190524875529577,0.24018172941580623,0.12952259504508817,-0.206564443574489,-0.27262178048371,0.5740318963711395,True,False,False
-0.16759687678281104,-0.08633042209314629,0.35780810848033434,0.021691587174989247,-0.39940320447762234,-0.030451625443341606,0.3238887226755874,False,False,True
0.9237427258120703,1.1298183068451662,0.5930608666093906,1.0369306990085634,0.6544830469697345,1.0524601999258532,1.231551095799447,True,False,False
-0.9231396785792675,-0.998441968796881,-1.0537084402940018,-1.0576357651851533,-1.1124581575845578,-1.0813787133543744,-0.8910924067028072,False,True,False
-1.384860279677102,-1.1504605599141702,-0.23032378684230562,-1.127827647666633,-1.2156044715560013,-1.1316404436457717,-0.9947231500909643,False,False,True
0.29412372431502376,0.4203982149644838,0.8283136247384462,0.36654735762747565,0.10287449833984143,0.234564770638571,0.9313792873647849,False,False,True
0.7558443254128576,0.6737625334932986,0.8283136247384462,0.738869516877063,0.8899257201654212,0.7143358325109992,0.5490175790015843,True,False,False
0.25214912421522057,0.2683796238471946,0.004928971286750633,-0.1339512826752481,0.15220534415227097,-0.2817602769003277,-0.24072015509437242,False,True,False
-0.5033936775812359,-0.33969474062196164,-0.46557654497136186,-0.7321081942565525,-0.6213920106335551,-0.5650536658154757,-0.7124187112059843,False,True,False
0.25214912421522057,0.3190524875529577,0.12255535035127811,0.10307347990713933,0.31140943745602057,0.1523183028890121,-0.17282415080557972,True,False,False
-0.2095714768826142,-0.1876761495046724,-0.46557654497136186,-0.4788070531277347,-0.5160033854888194,-0.3091757661501808,-0.47656943315017847,False,True,False
1.0496665261114797,1.5858740801970328,1.4164455200610868,1.6961240301389806,1.7599424554028136,1.7012934455057083,1.3601961565571596,True,False,False
-0.8391904783796612,-0.9477691050911179,-0.9360820612294737,-0.9233556421771054,-0.8792577955621638,-0.9945629973965066,-0.9625618849015364,False,True,False
0.4620221247142355,0.11636103272990543,0.4754344875448625,-0.20922953345248715,-0.39491858213103787,0.08377957976437946,-0.3550713202123389,False,True,False
-0.7132666780802517,-0.6944047865623025,-0.8184556821649459,-0.9904957036811295,-1.0653696229454204,-0.9123165296469473,-0.8196229285040781,False,True,False
-0.9231396785792675,-0.9477691050911179,-0.8184556821649459,-1.0189793661373818,-0.9868887318801917,-1.008270742021433,-1.0340313631002653,False,True,False
-2.2663268817729674,-2.2145906977351935,-1.877093093745698,-1.5154089118034986,-1.437593277711934,-1.4834725556855524,-1.5343177104913692,False,True,False
0.29412372431502376,0.3190524875529577,0.4754344875448625,0.5710193631170032,0.641029179929981,0.8925365126350441,0.1452150271787649,False,False,True
-1.5107840799765113,-1.555843469560274,-1.0537084402940018,-1.294660527767541,-1.2021506045162478,-1.314410371978125,-1.3199092758951818,False,True,False
0.8817681257122671,1.02847257943364,1.1811927619320306,1.3583891753005568,0.23292854639079175,1.1575529087169565,2.1820951558425445,False,False,True
1.4694125271095104,1.3831826253739816,1.0635663828675024,1.5923621169054887,1.74648858836306,2.0348485647122536,0.9206588656349756,False,False,True
-2.0564538812739515,-2.0118992429121416,-1.9947194728102262,-1.4747179654374234,-1.4308663441920573,-1.4103645843526107,-1.4914360235721316,False,True,False
0.9237427258120703,1.1804911705509293,0.4754344875448625,0.740904064195367,0.8204140737933611,0.5955353790949693,0.6812361136692332,False,False,True
-0.6712920779804485,-0.64373192285654,-1.17133481935853,-0.918269273881346,-0.9756771760137305,-0.9762860045632712,-0.8196229285040781,False,False,True
-0.6293174778806454,-0.7450776502680656,-0.8184556821649459,-0.8256973708985251,-0.7805961039373048,-0.8209315654807706,-0.8910924067028072,True,False,False
0.7558443254128576,1.1298183068451662,0.24018172941580623,1.0430343409634746,1.2038492844263358,0.7280435771359257,0.752705591867962,True,False,False
0.5459713249138418,0.6230896697875355,0.12255535035127811,0.18852446727589717,0.42128268494734084,-0.07157485931812119,0.10233334025952738,False,False,True
-1.2589364793776923,-1.2011334236199331,-0.5832029240358897,-1.1400349315764555,-1.1999082933429552,-1.0493939758962125,-1.0804865239294394,True,False,False
-1.8885554808747393,-1.7078620606775634,-1.17133481935853,-1.3628178629307166,-1.2918430514479375,-1.2961333791448897,-1.3556440149945463,False,False,True
-0.3354952771820237,-0.2890218769161986,-0.34795016590683375,-0.6293635546822128,-0.6236343218068473,-0.5741921622320934,-0.5694797548085262,False,True,False
0.0003015236164016051,-0.1876761495046724,-0.8184556821649459,-0.5367916516993919,-0.32764924693227054,-0.6701463746065789,-0.5694797548085262,False,True,False
-1.174987279178086,-1.099787696208407,-0.34795016590683375,-0.992530250999433,-0.8523500614826567,-0.98085525277158,-1.134088632578486,False,True,False
0.7558443254128576,0.927126852022114,0.7106872456739187,0.4540328923145374,0.5558213553448756,0.43104244359585125,0.39535820087431656,False,False,True
0.4620221247142355,0.4710710786702469,1.2988191409965588,2.0918434835490607,2.6209899459470374,2.240464734086151,1.4388125825757616,False,False,True
1.0496665261114797,0.8764539883163509,0.4754344875448625,0.9626697218904764,0.9392565659778501,1.198676142591736,0.9492466569144672,False,False,True
1.3015141267102988,1.737892671314322,1.4164455200610868,1.9453560766311904,1.0065259011766177,2.4872041373348286,2.5751772859355544,True,False,False
-0.3354952771820237,-0.2890218769161986,0.24018172941580623,-0.4594788536038491,-0.6505420558863544,-0.3731452410665043,-0.42654079841106807,True,False,False
-0.6293174778806454,-0.7957505139738287,-0.5832029240358897,-0.9477702099967505,-0.9891310430534839,-0.8986087850220208,-0.8231964024140146,False,True,False
1.0076919260116766,1.1804911705509293,1.1811927619320306,1.9890988439747213,1.537953649246881,1.8977711184629884,1.110052982861608,True,False,False
-0.12562227668300788,-0.035657558387383215,-0.1126974077777775,-0.1258130934020331,0.02215129610132039,-0.20408305735907736,-0.42654079841106807,False,True,False
0.08425072381600793,-0.035657558387383215,0.004928971286750633,-0.026120274805149172,0.18584001175165474,-0.08528260394304746,-0.3622182680322118,False,False,True
0.6299205251134481,0.8764539883163509,1.0635663828675024,0.5771230050719146,0.6499984246231499,0.7554590663857789,0.9099384439051662,False,False,True
0.6299205251134481,0.7244353971990617,0.35780810848033434,0.3726509995823871,0.4055865067342951,0.07007183513945293,0.609766635470504,False,False,True
1.0916411262112828,1.02847257943364,0.8283136247384462,1.6717094623193354,2.201677756541387,1.4225693047988692,1.1672285654205912,True,False,False
-0.7132666780802517,-0.8970962413853548,-0.8184556821649459,-0.901992895334916,-0.8299269497497344,-0.9762860045632712,-0.8553576676034427,False,True,False
0.04227612371620477,0.3190524875529577,-0.1126974077777775,-0.0963121572866287,-0.21329137709436574,-0.08528260394304746,-0.15138330734596098,True,False,False
0.587945925013645,0.3190524875529577,-0.1126974077777775,0.27092363366719924,0.6275753128902275,-0.08528260394304746,0.1273476576290826,True,False,False
-1.174987279178086,-1.049114832502644,-0.34795016590683375,-1.051532123230242,-0.962223308973977,-1.1453481882706982,-1.141235580398359,True,False,False
1.0076919260116766,1.02847257943364,0.4754344875448625,0.7175067700348737,0.8764718531256677,0.5269966559703367,0.752705591867962,False,False,True
1.5533617273091167,1.4845283527855078,0.8283136247384462,2.6635512799924164,3.9686189610956792,1.7515551757971055,1.3887839478366513,False,False,True
-1.174987279178086,-1.3024791510314588,-1.0537084402940018,-1.1675013203735563,-1.0833081123317585,-1.1133634508125363,-1.2127050585970882,False,True,False
-0.8391904783796612,-0.998441968796881,-1.17133481935853,-1.077981238368191,-0.9958579765733607,-1.0585324723128302,-1.141235580398359,False,True,False
-1.0070888787788734,-1.049114832502644,-1.17133481935853,-1.1156203637568105,-1.105731224064681,-1.1270711954374628,-1.0340313631002653,False,True,False
-0.9651142786790707,-1.099787696208407,-1.17133481935853,-1.1207067320525697,-0.9846464207068996,-1.1270711954374628,-1.1769703194977235,False,True,False
0.4200475246144323,0.3190524875529577,0.24018172941580623,0.30958003271497064,0.5625482888647524,0.31224199017982135,-0.00487087703856637,False,True,False
-1.0490634788786766,-1.2011334236199331,-0.9360820612294737,-1.1461385735313665,-1.0765811788118818,-1.0996557061876098,-1.166249897767914,False,True,False
0.9237427258120703,0.927126852022114,0.5930608666093906,1.3390609757766714,1.5895268062326025,1.4956772761318102,0.8706302308958651,False,True,False
-0.9651142786790707,-0.7450776502680656,-0.7008293031004178,-1.0189793661373818,-0.9128924631615475,-1.008270742021433,-0.498010276609797,False,True,False
0.29412372431502376,0.36972535125872075,0.5930608666093906,0.4021519356977915,0.41679806260075636,0.6595048540112931,0.25241924447685865,False,True,False
-0.16759687678281104,-0.1876761495046724,-0.8184556821649459,-0.35673421402950944,-0.4532186726366364,-0.007605384401797393,-0.3550713202123389,False,False,True
0.33609832441482596,0.3190524875529577,0.35780810848033434,0.07560709111003872,-0.0563295949639084,0.3305189830130567,0.1452150271787649,False,False,True
0.7558443254128576,0.8764539883163509,0.5930608666093906,0.7470077061502781,0.8114448291001921,0.9656444839679851,0.5633114746413301,True,False,False
0.7558443254128576,0.6737625334932986,0.7106872456739187,0.5527084372522696,0.48855202014610816,0.49958116672048364,0.752705591867962,True,False,False
0.8817681257122671,0.6230896697875355,0.35780810848033434,0.6137448568013824,1.0244643905629558,0.27568800451335057,0.33818261831533325,False,False,True
-1.76263168057533,-1.7078620606775634,-1.2889611984230578,-1.3414551160885273,-1.2985699849678143,-1.3372566130196692,-1.3306296976249912,False,True,False
-0.2515460769824174,-0.2890218769161986,-0.1126974077777775,-0.6537781225018579,-0.6909036570056148,-0.5878999068570198,-0.5337450157091617,False,True,False
0.08425072381600793,0.52174394237601,0.12255535035127811,-0.08817396801341368,-0.09444888490987642,0.17973379213886514,-0.2836018420136097,True,False,False
-1.384860279677102,-1.5051706058545111,-1.406587577487586,-1.3251787375420974,-1.2851161179280608,-1.3646721022695223,-1.2841745367958173,False,True,False
-0.5033936775812359,-0.4917133317392508,-0.8184556821649459,-0.7707645933043237,-0.630361255326724,-0.19951380915076852,-0.9732823066313459,False,True,False
0.5039967248140387,0.7244353971990617,1.0635663828675024,0.4255492298582848,0.3293479268423586,0.7691668110107054,0.3238887226755874,False,False,True
-1.4688094798767082,-1.5051706058545111,-1.0537084402940018,-1.261090497015529,-1.2313006497690469,-1.1407789400623893,-1.226998954236834,False,True,False
0.4200475246144323,0.4710710786702469,-0.1126974077777775,0.15495443652388527,0.2867440145498058,0.14774905468070326,0.1452150271787649,False,False,True
-0.6293174778806454,-0.4917133317392508,-0.23032378684230562,-0.7178663630284261,-0.7604153033776746,-0.4919456944825342,-0.733859554665603,False,True,False
-0.7552412781800548,-0.6944047865623025,-0.5832029240358897,-0.8918201587433972,-0.7985345933236428,-0.9397320188968004,-0.8946658806127438,False,True,False
-1.174987279178086,-1.2011334236199331,-1.0537084402940018,-1.0556012178668495,-0.9756771760137305,-1.0722402169377567,-1.0983538934791217,False,True,False
-2.644098282671196,-2.4172821525582453,-2.229972230939282,-1.593738983558193,-1.5317703469902082,-1.5520112788101847,-1.6200810843298439,False,True,False
-2.098428481373755,-2.1639178340294305,-1.17133481935853,-1.4614934078684487,-1.3725662536864587,-1.3829490951027577,-1.4592747583827035,False,True,False
0.8397935256124639,0.7751082609048248,1.1811927619320306,0.6991958441701401,0.3495287274019888,0.45388868463739546,1.2887266783584304,True,False,False
-0.7972158782798581,-0.9477691050911179,-0.5832029240358897,-0.9091138109489791,-0.7716268592441358,-0.9991322456048154,-0.9268271458021718,False,True,False
0.7138697253130545,0.6737625334932986,0.7106872456739187,0.4224974088808291,0.3719518391349113,0.5498428970118809,0.5740318963711395,False,True,False
-1.6786824803757237,-1.6065163332660373,-1.6418403356166418,-1.335351474133616,-1.2245737162491703,-1.3281181166030516,-1.4271134931932754,False,True,False
0.9237427258120703,0.927126852022114,0.9459400038029744,0.9931879316650326,0.8428371855262836,1.0159062142593824,1.7890130257495342,False,True,False
1.133615726311086,1.2311640342566923,0.9459400038029744,1.3970455743483283,1.8653310805475491,1.1072911784255592,1.1529346697808454,True,False,False
1.0496665261114797,1.1298183068451662,0.24018172941580623,0.8283895988824284,0.8473218078728681,1.0524601999258532,0.6490748484798051,False,True,False
0.8817681257122671,0.7751082609048248,0.7106872456739187,0.9962397526424883,1.0491298134691707,1.500246524340119,0.752705591867962,True,False,False
-2.392250682072377,-2.366609288852483,-1.75946671468117,-1.5550825845104217,-1.4779548788311945,-1.5291650377686405,-1.5914932930503523,False,True,False
-0.9651142786790707,-0.8464233776795917,-0.9360820612294737,-0.8887683377659416,-0.6841767234857381,-1.0539632241045214,-0.9554149370816635,False,True,False
0.4200475246144323,0.6230896697875355,0.004928971286750633,0.013553397901774216,-0.054087283790616156,-0.06700561110981235,0.002276070781306547,False,False,True
0.33609832441482596,0.3190524875529577,0.24018172941580623,0.30958003271497064,0.38989032852124933,0.49958116672048364,0.06302512725022634,True,False,False
0.7978189255126608,0.7244353971990617,0.9459400038029744,0.7948195681304165,0.9930720341368642,0.810290044885485,0.524003261632029,True,False,False
-0.2935206770822205,-0.1876761495046724,-0.46557654497136186,-0.6507263015244021,-0.6281189441534318,-0.7112696084813586,-0.4658490114203691,False,True,False
1.0916411262112828,0.977799715727877,0.5930608666093906,0.8934951130681487,1.0894914145884311,0.7417513217608522,0.6812361136692332,False,False,True
1.4274379270097073,1.2311640342566923,1.6516982781901424,1.38178646946105,1.3608110665567934,2.0896795432119593,1.0385835046628786,False,False,True
-0.4614190774814332,-0.593059059150777,-0.23032378684230562,-0.7422809308480711,-0.7895653486304738,-0.7478235941478292,-0.6766839721066199,False,True,False
0.0003015236164016051,0.2683796238471946,0.35780810848033434,0.47641291281587855,0.5625482888647524,0.47673492567893966,0.3238887226755874,False,False,True
-1.804606280675133,-1.7585349243833264,-1.524213956552114,-1.3821460624546025,-1.365839320166582,-1.3646721022695223,-1.3556440149945463,False,True,False
0.4200475246144323,0.36972535125872075,-0.1126974077777775,0.10612530088459508,0.09166294247338018,0.20714928138871797,0.1452150271787649,True,False,False
1.3854633269099041,1.2818368979624555,1.0635663828675024,2.0247034220450373,1.9572658386525317,2.0851102950036506,1.8533355561283904,True,False,False
-1.426834879776905,-1.454497742148748,-1.2889611984230578,-1.2814359701985663,-1.3075392296609833,-1.1681944293122424,-1.2162785325070247,False,False,True
0.33609832441482596,0.1670338964356685,-0.1126974077777775,-0.039344832374123485,-0.08772195138999968,-0.12183658960951821,0.1094802880794003,False,False,True
-0.7972158782798581,-0.8464233776795917,-0.46557654497136186,-0.7850064245324501,-0.8770154843888714,-0.7432543459395203,-0.6052144939078908,True,False,False
1.847183928007739,1.5858740801970328,1.7693246572546706,2.2383308904669312,2.4012434509643974,2.537465867626226,1.8604825039482633,False,False,True
0.6718951252132513,0.8764539883163509,0.7106872456739187,0.530328416750928,0.3405594827088198,0.8285670377187203,0.6812361136692332,True,False,False
0.4200475246144323,0.3190524875529577,0.12255535035127811,0.07967618574664623,0.15220534415227097,0.3533652240546009,-0.104928146516787,False,False,True
0.21017452411541743,0.4203982149644838,0.004928971286750633,-0.1583658504948932,-0.07202577317695416,-0.4416839641911369,0.002276070781306547,False,True,False
-1.0910380789784797,-1.099787696208407,-0.8184556821649459,-1.0037202612501037,-0.9734348648404383,-0.9625782599383446,-1.0125905196406466,True,False,False
-2.8959458832700142,-2.7719921984985865,-1.406587577487586,-1.6232399196735974,-1.5519511475498384,-1.5885652644766555,-1.6415219277894628,False,True,False
-1.552758680076314,-1.5051706058545111,-1.2889611984230578,-1.3068678116773635,-1.251481450328677,-1.346395109436287,-1.2841745367958173,False,True,False
0.6299205251134481,0.572416806081773,0.24018172941580623,0.5527084372522696,0.8293833184865301,0.7417513217608522,0.07374554898003571,True,False,False
0.33609832441482596,0.3190524875529577,0.8283136247384462,0.08679710136070949,0.23965547991066852,0.2665495080967329,-0.21213236381488076,False,True,False
-0.6293174778806454,-0.593059059150777,-0.23032378684230562,-0.7544882147578936,-0.8366538832696111,-0.638161637148417,-0.748153450305349,False,False,True
-1.3428856795772988,-1.2518062873256963,-1.2889611984230578,-1.2417622974916431,-1.233542960942339,-1.181902173937169,-1.2127050585970882,False,False,True
1.3015141267102988,1.2311640342566923,1.0635663828675024,0.5669502684803956,0.3517710385752811,0.5863968826783517,0.7169708527685978,False,True,False
0.7978189255126608,1.0791454431394032,0.8283136247384462,0.7938022944712647,0.782294783847393,0.5498428970118809,1.110052982861608,False,False,True
0.25214912421522057,0.4203982149644838,0.8283136247384462,0.08781437501986127,-0.14826435306889046,0.1934415367637917,0.46682767907304573,False,False,True
0.7558443254128576,0.8257811246105878,1.1811927619320306,0.6178139514379898,0.48855202014610816,0.6960588396777638,0.7741464353275808,True,False,False
-0.16759687678281104,-0.035657558387383215,-0.23032378684230562,-0.47168613751367167,-0.6101804547670938,-0.5787614104404022,-0.104928146516787,False,True,False
0.8817681257122671,0.8764539883163509,0.4754344875448625,0.5333802377283837,0.6118791346771819,0.36707296867952743,0.538297157271775,False,False,True
1.2175649265106925,1.02847257943364,0.8283136247384462,1.415356500213062,1.3025109760511948,2.4369424070434316,0.752705591867962,False,False,True
-0.3354952771820237,-0.44104046803348773,0.004928971286750633,-0.42997791748844455,-0.4532186726366364,-0.332022007191725,-0.4479816418706868,True,False,False
-0.9651142786790707,-0.7450776502680656,-0.5832029240358897,-0.794161887464817,-0.764899925724259,-0.8757625439804766,-0.748153450305349,False,False,True
-1.5107840799765113,-1.2518062873256963,-0.9360820612294737,-1.2376932028550356,-1.2290583385957548,-1.122501947229154,-1.1769703194977235,False,True,False
0.6299205251134481,0.6230896697875355,1.1811927619320306,0.6178139514379898,0.5894560229442595,0.718905080719308,0.6991034832189156,True,False,False
-1.384860279677102,-1.403824878442985,-1.0537084402940018,-1.2834705175168704,-1.2896007402746454,-1.1407789400623893,-1.2770275889759444,False,True,False
-1.76263168057533,-1.809207788089089,-1.406587577487586,-1.410629724910855,-1.3725662536864587,-1.3692413504778311,-1.3949522280038475,False,True,False
0.7978189255126608,0.8257811246105878,0.35780810848033434,0.5476220689565103,0.647756113449858,0.6092431237198959,0.5025624181724103,False,False,True
0.7978189255126608,0.572416806081773,0.12255535035127811,0.1630926257971003,0.06475520839387316,0.3076727419715125,0.27386008793647737,False,False,True
0.587945925013645,0.21770676014143156,1.6516982781901424,1.4112874055764544,1.3114802207443639,1.966309841587621,1.2172572001597013,True,False,False
1.4694125271095104,1.3831826253739816,-0.23032378684230562,1.475375646103023,1.3989303565027613,1.765262920422032,-0.3193365811129743,True,False,False
-0.08364767658320472,0.06568816902414236,-0.23032378684230562,-0.13598582999355185,-0.37922240391799206,0.13861055826408558,0.07374554898003571,True,False,False
0.4200475246144323,0.6737625334932986,0.4754344875448625,0.13053986870424017,-0.00027181563160212283,0.36707296867952743,0.22383145319736697,True,False,False
0.7558443254128576,0.6230896697875355,0.4754344875448625,0.37977191519645037,0.5042481983591539,0.5361351523869544,0.28815398357622324,False,False,True
1.59533632740892,1.4338554890797446,1.1811927619320306,2.3878701183622577,3.0761791141253636,2.0668333021704153,1.9140846125973099,False,False,True
-1.384860279677102,-1.454497742148748,-1.524213956552114,-1.3150060009505784,-1.2447545168088003,-1.3189796201864339,-1.3199092758951818,False,True,False
1.133615726311086,1.1804911705509293,1.1811927619320306,1.707314040389651,1.3092379095710713,2.8024822637081384,1.7890130257495342,True,False,False
0.21017452411541743,0.1670338964356685,0.35780810848033434,0.08476255404240574,0.2306862352174995,0.056364090514526406,0.02014344033098884,False,True,False
1.133615726311086,1.1804911705509293,0.9459400038029744,1.557774812494325,1.8653310805475491,1.9754483380042387,0.8634832830759922,True,False,False
1.2595395266104956,1.4845283527855078,1.5340718991256144,2.226123606557109,1.5805575615394336,1.6190469777561491,1.5281494303241732,True,False,False
-0.3354952771820237,-0.39036760432772466,-0.5832029240358897,-0.7168490893692743,-0.7222960134317062,-0.7798083316059911,-0.7910351372245864,True,False,False
0.21017452411541743,0.11636103272990543,0.7106872456739187,0.03186432376650804,-0.11014506312292219,0.5452736488035721,0.03801080988067113,False,False,True
1.5533617273091167,1.5352012164912707,0.8283136247384462,1.8171795955780539,0.9213180765915121,2.5283273712096084,1.5924719607030293,False,False,True
-0.7972158782798581,-0.8970962413853548,-0.9360820612294737,-0.98540933538537,-0.8837424179087482,-0.921455026063565,-1.06976610219963,False,True,False
-0.12562227668300788,-0.1876761495046724,-0.8184556821649459,-0.4452370223757228,-0.7783537927640125,-0.2817602769003277,-0.3193365811129743,True,False,False
1.4694125271095104,1.4338554890797446,1.4164455200610868,1.4082355845989987,1.4908651146077434,1.14384516409203,1.4352391086658252,False,False,True
-0.7132666780802517,-0.593059059150777,-0.1126974077777775,-0.8053518977154877,-0.8030192156702273,-0.894039536813712,-0.8196229285040781,False,True,False
-0.04167307648340156,-0.08633042209314629,-0.46557654497136186,-0.015947538213630385,-0.2805607122931333,-0.0030361361934885503,0.18094976627812948,False,False,True
-1.2589364793776923,-1.3024791510314588,-1.406587577487586,-1.2783841492211108,-1.2469968279820927,-1.2138869113953308,-1.2484397976964527,False,True,False
-0.04167307648340156,0.1670338964356685,-0.34795016590683375,-0.08308759971765417,0.05130134135411966,0.2208570260136445,-0.3550713202123389,False,False,True
0.6299205251134481,0.572416806081773,0.35780810848033434,0.3777373678781464,0.6791484698759495,0.6001046273032782,-0.104928146516787,False,False,True
-0.3354952771820237,-0.44104046803348773,-0.34795016590683375,-0.8236628235802215,-0.8859847290820405,-0.7706698351893734,-0.6338022851873825,False,True,False
1.133615726311086,0.927126852022114,0.35780810848033434,1.1101744024674987,1.2912994201847334,0.9793522285929116,0.6812361136692332,True,False,False
-0.2095714768826142,-0.2890218769161986,-0.1126974077777775,-0.5032216209473798,-0.5877573430341714,-0.49651494269084306,-0.42654079841106807,False,False,True
-0.12562227668300788,-0.39036760432772466,1.6516982781901424,0.7164894963757219,0.6612099804896115,1.0159062142593824,0.7384116962282166,True,False,False
2.141006128706361,2.2446213083719524,1.7693246572546706,3.715412243555458,5.056139880142419,2.903005724290933,2.4751200164573333,True,False,False
-1.76263168057533,-1.7585349243833264,-1.9947194728102262,-1.3831633361137543,-1.3254777190473213,-1.4057953361443019,-1.4342604410131483,False,True,False
0.7138697253130545,0.927126852022114,0.5930608666093906,0.8965469340456044,0.5872137117709672,0.03808709768129103,1.7890130257495342,False,False,True
-2.0564538812739515,-2.0118992429121416,-1.2889611984230578,-1.4716661444599677,-1.4308663441920573,-1.4332108253941551,-1.4699951801125128,False,True,False
1.0496665261114797,0.927126852022114,1.0635663828675024,1.2424199781572427,1.7061269872437996,1.0478909517175443,0.7241178005884708,True,False,False
0.7978189255126608,0.6230896697875355,-0.1126974077777775,0.3838410098330579,0.766598605634347,0.17973379213886514,0.05587817943035342,False,False,True
-0.04167307648340156,0.2683796238471946,1.2988191409965588,0.28923455953193306,-0.278318401119841,0.29853424555489483,0.8241750700666912,False,False,True
0.7138697253130545,0.7751082609048248,0.7106872456739187,0.548639342615662,0.6813907810492416,0.44018094001246894,0.46682767907304573,True,False,False
0.8397935256124639,0.927126852022114,0.4754344875448625,0.7856641051980497,0.9504681218443116,0.23913401884687985,0.8241750700666912,True,False,False
0.7138697253130545,0.7751082609048248,0.7106872456739187,0.9158751335694898,1.0603413693356316,1.1209989230504858,0.6455013745698687,False,False,True
0.04227612371620477,-0.13700328579890936,-0.5832029240358897,-0.5337398307219362,-0.5003072072757736,-0.3959914821080485,-0.5623328069886533,True,False,False
0.5039967248140387,0.4203982149644838,0.12255535035127811,0.31059730637412264,0.5558213553448756,0.5589813934284986,-0.1406628856161516,True,False,False
0.4200475246144323,0.4203982149644838,0.12255535035127811,-0.07291486312613538,0.015424362581443635,-0.27719102869201884,0.1452150271787649,False,True,False
0.21017452411541743,0.1670338964356685,0.4754344875448625,0.2831309175770218,-0.32316462458568607,-0.382283737483122,1.717543547550805,False,False,True
1.133615726311086,1.1298183068451662,1.1811927619320306,1.4794447407396305,1.7689117000959826,1.0707371927590885,1.1457877219609724,False,False,True
0.29412372431502376,0.4710710786702469,0.35780810848033434,-0.06884576848952786,-0.09220657373658417,0.08377957976437946,0.02014344033098884,False,False,True
0.9237427258120703,0.927126852022114,0.5930608666093906,1.2790418298867103,1.5446805827667576,0.7645975628023965,1.0743182437622432,True,False,False
0.21017452411541743,0.4203982149644838,0.24018172941580623,0.08984892233816502,0.006455117888274631,-0.04872861827657698,0.263139666206668,True,False,False
0.6299205251134481,0.6737625334932986,0.35780810848033434,0.6259521407112049,0.6343022464101045,0.4447501882207778,0.5025624181724103,False,False,True
0.6299205251134481,0.7244353971990617,-1.17133481935853,0.4458947030413224,0.4324942408138021,0.8011515484688673,0.28815398357622324,False,False,True
-2.3083014818727707,-2.2145906977351935,-1.877093093745698,-1.534737111327384,-1.455531767098272,-1.547442030601876,-1.5378911844013057,False,True,False
-0.7552412781800548,-0.7450776502680656,-0.7008293031004178,-1.010841176864167,-1.009311843613114,-0.9443012671051092,-1.023310941370456,False,True,False
-2.014479281174149,-2.0118992429121416,-1.6418403356166418,-1.468614323482512,-1.4196547883255959,-1.4103645843526107,-1.4771421279323858,False,True,False
-2.1404030814735577,-2.113244970323667,-1.406587577487586,-1.4452170293220188,-1.4084432324591347,-1.3966568397276842,-1.4271134931932754,False,False,True
0.6299205251134481,0.6737625334932986,0.24018172941580623,0.3594264420134128,0.36746721678832683,0.36707296867952743,0.28815398357622324,True,False,False
0.16819992401561426,0.3190524875529577,0.5930608666093906,-0.17667677635962703,-0.32764924693227054,0.2117185295970268,0.07374554898003571,False,False,True
-0.41944447738163004,-0.2890218769161986,0.12255535035127811,-0.5306880097444806,-0.8680462396957025,-0.5741921622320934,-0.37651216367195767,True,False,False
-1.1330126790782828,-0.998441968796881,-0.9360820612294737,-1.075946691049887,-1.096761979371512,-1.067670968729448,-0.8910924067028072,False,True,False
-0.12562227668300788,-0.33969474062196164,-0.7008293031004178,-0.5093252629022911,-0.3321338692788551,-0.5741921622320934,-0.6552431286470012,True,False,False
0.21017452411541743,0.1670338964356685,0.12255535035127811,-0.06884576848952786,-0.28504533463971776,-0.2817602769003277,0.18094976627812948,True,False,False
-0.545368277681039,-0.5423861954450139,0.004928971286750633,-0.6914172478904773,-0.6886613458323226,-0.6016076514819463,-0.46942248533030556,False,False,True
1.6373109275087232,1.6872198076085587,1.2988191409965588,2.6849140268346057,3.2017485398297296,1.8383708917549735,2.4679730686374604,True,False,False
-0.2095714768826142,-0.13700328579890936,0.004928971286750633,-0.234661374931284,-0.19759519888132,-0.04415937006826813,0.002276070781306547,True,False,False
0.7138697253130545,0.6737625334932986,0.7106872456739187,0.39808284106118397,0.33383254918894306,0.4813041738872485,0.45610725734323637,False,False,True
-1.0490634788786766,-1.454497742148748,-0.9360820612294737,-1.125793100348329,-1.0586426894255436,-1.0996557061876098,-1.141235580398359,False,True,False
0.4200475246144323,0.36972535125872075,0.12255535035127811,0.09188346965646878,0.08493600895350342,-0.17666756810922432,0.21668450537749406,False,False,True
0.4200475246144323,0.4710710786702469,0.9459400038029744,0.04407160767633058,-0.26486453408008753,0.01524085663974682,0.43109293997368114,False,True,False
0.7978189255126608,0.8257811246105878,0.7106872456739187,0.772439547629075,0.7082985151287485,0.6823510950528373,0.6812361136692332,False,False,True
0.0003015236164016051,0.11636103272990543,0.35780810848033434,0.022708860834141014,0.30244019276285156,-0.359437496441578,-0.2514405768241818,False,False,True
1.6373109275087232,1.4338554890797446,1.2988191409965588,2.5272366096660646,3.1882946727899757,2.24503398229446,1.8712029256780722,True,False,False
0.7978189255126608,0.927126852022114,0.5930608666093906,0.9687733638453875,1.2329993296791348,0.6732125986362196,0.538297157271775,False,False,True
0.6299205251134481,0.6230896697875355,0.4754344875448625,0.3685819049457796,0.3607402832684501,0.18887228855548283,0.46682767907304573,False,False,True
0.5459713249138418,0.4203982149644838,0.4754344875448625,0.12647077406763266,-0.38594933743786886,0.34422672763798323,0.752705591867962,False,True,False
-0.7972158782798581,-0.64373192285654,-0.5832029240358897,-1.0708603227541278,-1.2021506045162478,-1.149917436479007,-0.8553576676034427,False,False,True
-1.174987279178086,-1.2011334236199331,-1.17133481935853,-1.2092095403987833,-1.1685159369168638,-1.1910406703537866,-1.1698233716778506,False,True,False
-0.5033936775812359,-0.39036760432772466,-0.9360820612294737,-0.6619163117750729,-0.567576542474541,-0.6473001335650347,-0.7124187112059843,False,True,False
0.1262253239158111,0.6737625334932986,0.35780810848033434,0.7856641051980497,0.7621139832877626,1.1575529087169565,0.7169708527685978,True,False,False
1.2175649265106925,1.02847257943364,0.35780810848033434,0.9097714916145787,0.8966526536852977,1.1301374194671034,0.8456159135263099,True,False,False
1.889158528107542,1.4845283527855078,1.7693246572546706,2.7876586664089453,3.1434484493241315,3.1314681347063744,2.064170516814641,False,False,True
0.6299205251134481,0.6737625334932986,0.35780810848033434,0.464205628906056,0.3607402832684501,0.08377957976437946,1.0743182437622432,True,False,False
-0.4614190774814332,-0.39036760432772466,-0.8184556821649459,-0.7412636571889192,-0.7088421463919528,-0.724977353106285,-0.6052144939078908,False,False,True
0.9657173259118734,0.927126852022114,0.7106872456739187,0.5883130153225854,0.6051522011573052,0.7645975628023965,0.5740318963711395,True,False,False
0.08425072381600793,-0.08633042209314629,-0.1126974077777775,-0.018999359191085908,0.14772072180568646,0.13861055826408558,-0.24786710291424535,True,False,False
-0.41944447738163004,-0.4917133317392508,-0.34795016590683375,-0.6924345215496291,-0.6976305905254916,-0.4599609570243723,-0.8196229285040781,False,True,False
0.16819992401561426,0.06568816902414236,0.004928971286750633,-0.022051180168541656,0.4526750413734324,-0.4919456944825342,-0.15495678125589743,False,False,True
0.7138697253130545,0.7244353971990617,1.0635663828675024,0.9677560901862357,1.475168936394698,1.0113369660510736,0.35962346177495197,False,False,True
-0.545368277681039,-0.4917133317392508,-0.5832029240358897,-0.7229527313241855,-0.6729651676192768,-0.6929926156481232,-0.5694797548085262,True,False,False
1.3015141267102988,1.0791454431394032,0.4754344875448625,0.8212686832683651,1.1545184386139062,0.7463205699691612,0.609766635470504,False,False,True
-1.804606280675133,-1.7078620606775634,-0.8184556821649459,-1.1034130798469879,-1.087792734678343,-1.0585324723128302,-1.1197947369387402,False,True,False
0.33609832441482596,0.4203982149644838,0.4754344875448625,0.13053986870424017,0.24414010225725302,0.12947206184746787,0.045157757700544046,False,False,True
0.9657173259118734,0.7244353971990617,1.2988191409965588,0.6361248773027234,0.5872137117709672,0.49044267030386596,0.8098811744269454,True,False,False
-0.04167307648340156,-0.13700328579890936,0.9459400038029744,-0.3882696974632176,-0.908407840814963,-0.6473001335650347,0.03801080988067113,True,False,False
1.5113871272093136,1.3325097616682184,1.5340718991256144,1.8843196570820775,2.0895621978767744,2.158218266336592,1.58175153897322,True,False,False
1.0496665261114797,1.02847257943364,0.8283136247384462,0.9881015633692732,1.2285147073325504,0.7280435771359257,0.8884976004455475,False,False,True
-1.426834879776905,-1.403824878442985,-0.9360820612294737,-1.2315895609001244,-1.123669713451019,-1.2687178898950366,-1.2555867455163257,False,True,False
-0.16759687678281104,-0.08633042209314629,-0.34795016590683375,-0.12377854608372932,-0.39043395978445333,-0.19951380915076852,0.1094802880794003,False,False,True
0.21017452411541743,0.3190524875529577,0.4754344875448625,0.3136491273515781,0.4661289084131859,0.18430304034717399,0.21668450537749406,False,False,True
-0.16759687678281104,-0.1876761495046724,-0.46557654497136186,-0.5256016414487211,-0.47115716202297436,-0.4416839641911369,-0.669537024286747,True,False,False
0.4620221247142355,0.52174394237601,-0.46557654497136186,0.3309427795571602,0.4571596637200169,0.5269966559703367,0.28815398357622324,True,False,False
0.5039967248140387,0.4203982149644838,0.24018172941580623,0.4397910610864109,0.3181363709758973,0.8696902715934999,0.538297157271775,False,False,True
1.133615726311086,0.977799715727877,0.5930608666093906,1.1050880341717395,1.0244643905629558,1.5550775028398252,0.752705591867962,False,False,True
0.5459713249138418,0.4203982149644838,0.12255535035127811,0.38892737812881717,0.30244019276285156,0.7965823002605584,0.18094976627812948,False,True,False
-1.0910380789784797,-1.2011334236199331,-1.0537084402940018,-1.0413593866387234,-0.9981002877466529,-0.921455026063565,-1.1269416847586131,False,True,False
-1.0490634788786766,-0.7450776502680656,-0.5832029240358897,-0.8084037186929433,-0.6729651676192768,-0.5513459211905491,-0.8553576676034427,True,False,False
-0.4614190774814332,-0.5423861954450139,0.004928971286750633,-0.8094209923520951,-0.9330732637211777,-0.7843775798142999,-0.6266553373675096,True,False,False
0.16819992401561426,0.015015305318379291,-0.34795016590683375,-0.2794214159339667,-0.28280302346642555,-0.31831426256679846,-0.21213236381488076,True,False,False
0.8817681257122671,1.0791454431394032,0.5930608666093906,1.0603279931690568,0.5715175335579215,1.5368005100065898,1.503135112954618,False,False,True
1.0916411262112828,1.3325097616682184,0.5930608666093906,1.1640899064025483,1.502076670474205,0.5269966559703367,1.2887266783584304,False,False,True
0.33609832441482596,0.21770676014143156,0.24018172941580623,0.00032884033279967747,0.2867440145498058,-0.06700561110981235,-0.1478098334360245,False,False,True
-0.7552412781800548,-0.8464233776795917,-0.8184556821649459,-1.008806629545863,-1.007069532439822,-1.0585324723128302,-0.8910924067028072,False,True,False
-0.08364767658320472,-0.08633042209314629,-0.34795016590683375,-0.484910695082646,-0.42855324973042164,-0.5787614104404022,-0.5123041722495428,False,True,False
0.4620221247142355,0.1670338964356685,0.12255535035127811,-0.0017057069855040802,0.08269369778021117,-0.185806064525842,0.1273476576290826,False,True,False
0.4200475246144323,0.4203982149644838,0.4754344875448625,0.2983900224643001,-0.2110490659210735,0.4584579328457043,0.6455013745698687,True,False,False
0.16819992401561426,0.21770676014143156,-0.23032378684230562,-0.1451412929259189,-0.01148337149806338,-0.25434478765047464,-0.24429362900430887,False,True,False
1.2595395266104956,1.2311640342566923,1.2988191409965588,1.3583891753005568,1.1634876833070753,1.7744014168386497,1.3244614174577949,True,False,False
1.1755903264108893,1.1804911705509293,1.6516982781901424,1.6544158101137532,2.051442907930806,1.4499847940487225,1.3423287870074772,True,False,False
0.4620221247142355,0.4710710786702469,0.5930608666093906,0.6218830460745973,0.03784747431436615,1.0935834338006327,0.25241924447685865,True,False,False
-2.518174482371786,-2.4172821525582453,-1.6418403356166418,-1.5754280576934592,-1.5093472352572856,-1.5337342859769494,-1.5986402408702252,False,True,False
-1.2589364793776923,-1.3024791510314588,-0.9360820612294737,-1.168518594032708,-1.0945196681982197,-1.1179326990208451,-1.1948376890474057,False,True,False
0.1262253239158111,-0.035657558387383215,0.35780810848033434,0.2861827385544775,-0.17068746480181296,0.1203335654308502,0.35962346177495197,False,False,True
0.37807292451462915,0.36972535125872075,0.35780810848033434,0.07357254379173496,0.0445744078342429,-0.09442110035966515,0.28815398357622324,False,True,False
-0.7972158782798581,-0.593059059150777,-0.7008293031004178,-0.8643537699462964,-0.8658039285224103,-0.9123165296469473,-0.748153450305349,False,False,True
-0.2095714768826142,-0.5423861954450139,0.004928971286750633,-0.6161389971132383,-0.6639959229261079,-0.29089877331694536,-0.7124187112059843,False,False,True
-0.08364767658320472,-0.2890218769161986,0.8283136247384462,0.2556645287799212,-0.1594759089353517,-0.2086523055673862,0.5025624181724103,False,False,True
-1.7206570804755268,-1.8598806517948523,-1.2889611984230578,-1.40249153563764,-1.31426616318086,-1.3829490951027577,-1.423540019283339,False,True,False
1.4274379270097073,1.5352012164912707,1.0635663828675024,1.849732352670914,2.351912605151967,1.7424166793804878,1.4137982652062064,False,False,True
-1.0070888787788734,-1.2011334236199331,-1.17133481935853,-1.1156203637568105,-1.11470046875785,-0.9671475081466534,-1.1305151586685496,False,True,False
-0.9231396785792675,-0.9477691050911179,-0.46557654497136186,-0.8735092328786633,-0.7245383246049986,-0.8574855511472413,-1.0197374674605195,False,False,True
-1.9305300809745425,-1.9105535155006153,-1.75946671468117,-1.4269061034572852,-1.3837778095529198,-1.3966568397276842,-1.46284823229264,False,True,False
0.5459713249138418,0.52174394237601,0.12255535035127811,0.19971447752656793,0.08717832012679567,0.5407044005952633,0.1094802880794003,False,False,True
-0.6293174778806454,-0.8464233776795917,-0.5832029240358897,-0.8145073606478546,-0.6146650771136783,-0.9351627706884915,-0.8875189327928708,False,False,True
-2.97989508346962,-3.076029380733165,-2.465224989068338,-1.6212053723552937,-1.5631627034162998,-1.574857519851729,-1.6772566668888274,False,True,False
-0.4614190774814332,-0.5423861954450139,-0.34795016590683375,-0.6751408693440473,-0.6752074787925691,-0.752392842356138,-0.6052144939078908,False,True,False
-2.224352281673164,-2.2145906977351935,-1.524213956552114,-1.4981152595979164,-1.4174124771523036,-1.4697648110606258,-1.4985829713920047,False,False,True
-0.6712920779804485,-0.4917133317392508,-0.7008293031004178,-0.8287491918759808,-0.8007769044969351,-0.9534397635217269,-0.7124187112059843,False,True,False
0.0003015236164016051,-0.035657558387383215,-0.34795016590683375,-0.35368239305205373,-0.278318401119841,-0.27719102869201884,-0.5123041722495428,False,True,False
0.7978189255126608,0.7244353971990617,0.8283136247384462,0.4265665035174366,0.4638865972398936,0.38078071330445395,0.43109293997368114,True,False,False
0.25214912421522057,0.2683796238471946,0.12255535035127811,0.28007909659956626,0.6186060681970588,-0.11726734140120937,-0.008444350948502828,False,False,True
-0.41944447738163004,-0.593059059150777,-0.5832029240358897,-0.6771754166623509,-0.5518803642614954,-0.7478235941478292,-0.7124187112059843,False,True,False
-0.8811650784794643,-0.6944047865623025,-0.5832029240358897,-0.8328182865125884,-0.8321692609230266,-0.8026545726475353,-0.748153450305349,False,False,True
-2.2663268817729674,-2.2145906977351935,-2.112345851874754,-1.5215125537584098,-1.484681812351071,-1.4560570664356993,-1.5200238148516234,False,True,False
0.9657173259118734,1.1298183068451662,0.8283136247384462,0.848735072065466,0.2867440145498058,0.718905080719308,1.717543547550805,True,False,False
0.21017452411541743,0.06568816902414236,-0.1126974077777775,-0.11360580949221052,-0.26262222290679527,-0.016743880818415078,0.1452150271787649,True,False,False
0.0003015236164016051,-0.44104046803348773,0.7106872456739187,0.2638027180531362,0.34728641622869655,0.38078071330445395,0.25956619229673156,False,False,True
0.7978189255126608,0.572416806081773,1.1811927619320306,1.038965246326867,0.9414988771511427,1.2489378728831333,0.8241750700666912,False,False,True
0.5459713249138418,0.4710710786702469,0.24018172941580623,0.2953382014868443,0.46837121958647815,0.22542627422195333,0.263139666206668,True,False,False
-0.8391904783796612,-0.998441968796881,-1.0537084402940018,-1.0647566807992166,-0.9936156654000684,-0.9717167563549622,-1.0483252587400111,False,True,False
-2.1404030814735577,-2.1639178340294305,-1.406587577487586,-1.4869252493472458,-1.4443202112318108,-1.4743340592689347,-1.4985829713920047,False,False,True
0.5459713249138418,0.6230896697875355,0.9459400038029744,0.724627685648937,1.0670683028555088,0.4219039471792336,0.5025624181724103,False,False,True
0.8397935256124639,0.7751082609048248,1.4164455200610868,1.1172953180815615,1.0042835900033258,1.1072911784255592,1.1529346697808454,True,False,False
-1.6786824803757237,-1.7078620606775634,-1.524213956552114,-1.3801115151362988,-1.2940853626212299,-1.063101720521139,-1.405672649733657,False,True,False
0.33609832441482596,0.4710710786702469,0.24018172941580623,0.3024591171009076,0.3741941503082036,0.2208570260136445,0.25241924447685865,False,False,True
-0.8811650784794643,-0.8970962413853548,-0.5832029240358897,-0.8582501279913853,-0.6953882793521994,-0.7980853244392264,-0.9625618849015364,False,True,False
1.5533617273091167,1.5858740801970328,1.4164455200610868,1.5669302754266918,1.549165205113342,1.2809226103412952,1.503135112954618,False,False,True
0.8817681257122671,0.927126852022114,0.4754344875448625,0.7917677471529607,0.5827290894243827,1.0890141855923239,0.752705591867962,True,False,False
-0.5873428777808423,-0.33969474062196164,-0.34795016590683375,-0.6059662605217194,-0.5720611648211256,-0.6838541192315055,-0.3908060593117035,False,True,False
0.37807292451462915,0.36972535125872075,0.4754344875448625,0.3736682732415389,0.6970869592622875,-0.1538213270676801,0.43109293997368114,False,False,True
0.29412372431502376,0.21770676014143156,0.35780810848033434,0.07458981745088694,0.17687076705848573,-0.08071335573473888,-0.07634035523729533,False,False,True
-0.08364767658320472,-0.13700328579890936,-0.1126974077777775,0.35840916835426057,0.49976357601256943,0.6275201165531312,0.08803944461978155,False,False,True
-0.545368277681039,-0.64373192285654,-0.5832029240358897,-0.8328182865125884,-0.7671422368975513,-0.7204081048979762,-0.9196801979822989,False,True,False
0.08425072381600793,0.1670338964356685,-0.1126974077777775,-0.12174399876542556,0.07148214191374992,0.006102360223129135,-0.4301142723210045,True,False,False
0.21017452411541743,0.11636103272990543,-0.5832029240358897,-0.3313023725507124,-0.30522613519934805,-0.40056073031635736,-0.21927931163475367,False,True,False
1.2595395266104956,1.1804911705509293,1.0635663828675024,1.5384466129704393,1.493107425781036,1.4180000565905604,1.110052982861608,False,False,True
0.4620221247142355,0.1670338964356685,0.35780810848033434,0.08577982770155751,0.00421280671498238,0.6229508683448224,-0.00487087703856637,True,False,False
-1.5107840799765113,-1.454497742148748,-1.17133481935853,-1.358748768294109,-1.341173897260367,-1.314410371978125,-1.366364436724356,False,False,True
0.21017452411541743,-0.035657558387383215,-0.34795016590683375,-0.36588967696187624,-0.28728764581301003,-0.40056073031635736,-0.2836018420136097,True,False,False
0.4200475246144323,0.4203982149644838,-0.34795016590683375,-0.10343307290069174,-0.14826435306889046,0.0655025869311441,-0.033458668318058035,False,True,False
1.0496665261114797,1.0791454431394032,0.4754344875448625,0.674781276350495,0.602909889984013,0.20258003318040937,0.6455013745698687,False,True,False
-0.08364767658320472,-0.33969474062196164,0.004928971286750633,-0.36690695062102824,-0.4980648961024814,-0.36400674464988686,-0.1299424638863422,False,True,False
-0.2095714768826142,0.3190524875529577,0.35780810848033434,-0.18074587099623454,-0.7088421463919528,0.17973379213886514,-0.20141194208507138,True,False,False
0.1262253239158111,0.11636103272990543,-0.46557654497136186,-0.039344832374123485,0.14099378828580972,-0.3228835107751073,-0.11564856824659638,False,False,True
1.6373109275087232,1.6872198076085587,1.7693246572546706,2.8385223493665395,2.399001139791104,2.0485563093371804,2.7181162423330125,True,False,False
1.133615726311086,1.1804911705509293,0.4754344875448625,0.9077369442962747,0.6141214458504742,1.2626456175080598,1.102906035041735,True,False,False
-1.4688094798767082,-1.555843469560274,-1.17133481935853,-1.327213284860401,-1.233542960942339,-1.37381059868614,-1.337776645444864,False,True,False
1.4274379270097073,1.737892671314322,1.4164455200610868,2.174242649940363,1.410141912369223,2.71566654775027,2.071317464634514,False,False,True
0.8397935256124639,1.0791454431394032,0.35780810848033434,0.6768158236687986,0.5692752223846292,0.7143358325109992,0.8241750700666912,True,False,False
-0.2095714768826142,-0.1876761495046724,-0.1126974077777775,-0.3485960247562944,-0.206564443574489,-0.2497755394421658,-0.5944940721780814,False,False,True
-0.5033936775812359,-0.8464233776795917,0.004928971286750633,-0.14107219828931136,0.006455117888274631,-0.2497755394421658,-0.21927931163475367,False,True,False
-1.7206570804755268,-1.7078620606775634,-1.524213956552114,-1.3373860214519198,-1.2761468732348917,-1.3281181166030516,-1.3556440149945463,False,True,False
0.7138697253130545,0.6737625334932986,0.35780810848033434,0.6859712866011654,0.8675026084324986,0.5315659041786456,0.6419279006599322,False,False,True
-0.12562227668300788,0.06568816902414236,0.12255535035127811,-0.16243494513150072,-0.13929510837572145,0.024379353056364506,-0.262160998553991,False,False,True
-0.545368277681039,-0.593059059150777,-0.5832029240358897,-0.8450255704224109,-0.8097461491901041,-0.7569620905644469,-0.8732250371531249,False,True,False
0.8397935256124639,0.927126852022114,1.0635663828675024,0.8375450618147952,1.0715529252020932,0.6138123719282047,0.6812361136692332,False,False,True
-1.1330126790782828,-1.099787696208407,-0.9360820612294737,-1.0627221334809127,-0.9958579765733607,-0.98085525277158,-1.1055008412989944,False,True,False
-0.37746987728182685,-0.33969474062196164,-0.46557654497136186,-0.49101433703755726,-0.4801264067161434,-0.48280719806591654,-0.4837163809700514,False,False,True
-0.7552412781800548,-0.8464233776795917,-0.9360820612294737,-0.9457356626784468,-0.8366538832696111,-0.9899937491881977,-0.9339740936220448,False,True,False
0.5459713249138418,0.572416806081773,0.35780810848033434,0.6208657724154452,0.7352062492082555,0.7371820735525434,0.25241924447685865,False,False,True
0.8397935256124639,0.6230896697875355,0.8283136247384462,0.7083513071025069,1.0962183481083076,0.7051973360943815,0.22383145319736697,False,False,True
0.7978189255126608,1.0791454431394032,0.35780810848033434,1.006412489234007,1.3809918671164234,0.7280435771359257,0.6812361136692332,True,False,False
0.6718951252132513,0.7751082609048248,0.4754344875448625,0.45911926061029673,0.04233209666095065,0.49958116672048364,0.8241750700666912,True,False,False
1.0076919260116766,0.927126852022114,0.9459400038029744,0.9107887652737304,0.7800524726741006,1.084444937384015,0.752705591867962,True,False,False
0.1262253239158111,0.06568816902414236,-0.1126974077777775,-0.24788593250025853,-0.18414133184156647,-0.062436362901503506,-0.3908060593117035,False,True,False
0.4620221247142355,0.4203982149644838,0.7106872456739187,0.2841481912361738,0.4526750413734324,0.467596429262322,0.05945165334028988,True,False,False
0.4620221247142355,0.36972535125872075,-0.1126974077777775,0.24243997121094663,0.5535790441715834,0.010671608431437978,-0.05132603786774013,True,False,False
0.8397935256124639,0.8257811246105878,0.8283136247384462,0.8182168622909098,0.8787141642989597,0.604673875511587,0.8956445482654204,True,False,False
0.04227612371620477,0.21770676014143156,-0.23032378684230562,-0.25704139543262533,-0.0652988396570774,-0.359437496441578,-0.3622182680322118,False,True,False
-1.0910380789784797,-1.1504605599141702,-0.5832029240358897,-1.0474630285936344,-1.0765811788118818,-1.1087942026042275,-0.9232536718922354,False,False,True
-2.3083014818727707,-2.2652635614409564,-1.75946671468117,-1.5510134898738142,-1.484681812351071,-1.5245957895603317,-1.5521850800410515,False,True,False
-0.5873428777808423,-0.44104046803348773,-0.7008293031004178,-0.9070792636306754,-0.872530862042287,-1.2321639042285661,-0.7517269242152854,True,False,False
-2.2663268817729674,-2.3159364251467194,-1.9947194728102262,-1.5215125537584098,-1.4779548788311945,-1.4560570664356993,-1.5700524495907338,False,True,False
-2.098428481373755,-2.113244970323667,-1.406587577487586,-1.4889597966655497,-1.4510471447516875,-1.4332108253941551,-1.4985829713920047,False,False,True
0.8397935256124639,1.0791454431394032,0.24018172941580623,0.8355105144964917,0.7307216268616711,1.1484144123003388,0.8599098091660557,True,False,False
-0.04167307648340156,-0.08633042209314629,0.12255535035127811,-0.3475787510971424,-0.4195840050372526,-0.6884233674398144,-0.1406628856161516,False,True,False
0.4200475246144323,0.2683796238471946,-0.23032378684230562,-0.052569389943097795,-0.2020798212279045,0.3168112383881302,0.03801080988067113,False,True,False
0.1262253239158111,0.11636103272990543,0.004928971286750633,-0.33435419352816814,-0.21553368826765798,-0.3914222338997397,-0.35864479412227535,False,True,False
0.8817681257122671,0.8257811246105878,0.5930608666093906,0.7520940744460374,0.9616796777107727,0.8422747823436468,0.38821125305444365,False,False,True
-0.2935206770822205,-0.2890218769161986,0.12255535035127811,-0.3221469096183456,-0.5003072072757736,0.0015331120148202922,-0.21213236381488076,True,False,False
-0.4614190774814332,-0.4917133317392508,-0.23032378684230562,-0.6273290073639091,-0.729022946951583,-0.6792848710231966,-0.5337450157091617,False,True,False
0.21017452411541743,0.06568816902414236,0.24018172941580623,-0.08003577874019864,-0.03166417205769364,-0.04415937006826813,-0.02631172049818512,False,True,False
0.6718951252132513,0.6230896697875355,0.12255535035127811,-0.0576557582388573,0.08269369778021117,0.41733469897092473,-0.1406628856161516,False,True,False
0.8397935256124639,0.8257811246105878,0.8283136247384462,1.0206543204621334,0.9414988771511427,0.8239977895104115,1.181522461060337,False,False,True
0.7978189255126608,0.8257811246105878,0.24018172941580623,0.740904064195367,0.44819041902684786,1.1072911784255592,0.8241750700666912,False,False,True
1.0496665261114797,1.1804911705509293,0.5930608666093906,0.8283895988824284,1.284572486664857,0.6183816201365135,0.4346664138836176,True,False,False
0.5039967248140387,0.52174394237601,0.12255535035127811,0.20886994045893473,0.5266713100920765,0.01524085663974682,-0.033458668318058035,False,False,True
0.5459713249138418,0.6230896697875355,0.35780810848033434,0.6971612968518361,1.1836684838667058,0.47673492567893966,0.14164155326882844,False,False,True
-0.6293174778806454,-0.593059059150777,-0.1126974077777775,-0.685313605935566,-0.6281189441534318,-0.7889468280226087,-0.7088452372960479,False,True,False
-0.2935206770822205,-0.33969474062196164,-0.1126974077777775,-0.44421974871657083,-0.47115716202297436,-0.7204081048979762,-0.1406628856161516,True,False,False
-0.41944447738163004,-0.4917133317392508,-0.1126974077777775,-0.8043346240563357,-0.737992191644752,-0.8072238208558441,-0.8196229285040781,False,True,False
0.04227612371620477,0.3190524875529577,1.5340718991256144,0.008467029606014708,-0.18189902066827424,0.33508823122136555,0.03801080988067113,False,False,True
-1.426834879776905,-1.403824878442985,-0.9360820612294737,-1.2509177604240103,-1.2447545168088003,-1.314410371978125,-1.1769703194977235,False,True,False
1.343488726810102,1.2818368979624555,0.35780810848033434,1.1264507810139288,1.3495995106903318,0.3076727419715125,1.199389830610019,False,False,True
-0.7552412781800548,-0.7957505139738287,-0.7008293031004178,-0.8501119387181703,-0.6953882793521994,-0.7752390833976822,-1.0268844152803924,False,True,False
1.0076919260116766,0.927126852022114,0.4754344875448625,1.1203471390590174,1.3966880453294694,1.3266150924243836,0.538297157271775,False,False,True
-0.9231396785792675,-1.049114832502644,-0.9360820612294737,-1.0291521027289008,-0.917377085508132,-1.1910406703537866,-1.062619154379757,False,False,True
-1.0070888787788734,-1.049114832502644,-1.2889611984230578,-1.160380404759493,-1.1034889128913887,-1.1087942026042275,-1.1055008412989944,False,False,True
0.25214912421522057,0.2683796238471946,0.5930608666093906,0.2831309175770218,-0.11014506312292219,0.46302718105401314,0.39535820087431656,True,False,False
-0.7132666780802517,-0.6944047865623025,-0.1126974077777775,-0.8816474221518784,-0.9420425084143468,-0.7889468280226087,-0.748153450305349,True,False,False
-1.2169618792778891,-1.3531520147372218,-1.0537084402940018,-1.1970022564889606,-1.141608202837357,-1.209317663187022,-0.21213236381488076,False,True,False
0.29412372431502376,0.06568816902414236,0.12255535035127811,0.04305433401717859,0.31140943745602057,0.07007183513945293,-0.24786710291424535,False,False,True
-1.426834879776905,-1.454497742148748,-1.17133481935853,-1.3485760317025903,-1.392747054246089,-1.2778563863116543,-1.2627336933361986,False,False,True
1.3854633269099041,1.5352012164912707,1.7693246572546706,1.8070068589865351,1.4325650241021455,1.0798756891757062,1.646074069352076,True,False,False
-0.4614190774814332,-0.1876761495046724,0.24018172941580623,-0.3974251603955846,-0.6370881888466009,-0.8437778065223148,0.1094802880794003,False,False,True
1.3015141267102988,1.2311640342566923,0.9459400038029744,1.4204428685088213,1.8070309900419506,1.1941068943834272,1.1636550915106547,False,False,True
0.0003015236164016051,0.015015305318379291,-0.1126974077777775,-0.0820703260585024,0.20602081231128475,0.15688755109732094,-0.4479816418706868,True,False,False
-1.3009110794774956,-1.403824878442985,-1.17133481935853,-1.3129714536322747,-1.303054607314399,-1.2641486416867278,-1.2484397976964527,False,True,False
0.5459713249138418,0.52174394237601,-0.34795016590683375,-0.15429675585828567,-0.11911430781609118,-0.2817602769003277,-0.012017824858439287,False,True,False
-0.4614190774814332,-0.39036760432772466,-0.46557654497136186,-0.5113598102205948,-0.3029838240260558,0.4219039471792336,-0.7124187112059843,False,False,True
0.6299205251134481,0.6737625334932986,0.24018172941580623,0.5252420484551688,0.7127831374753331,0.3853499615127628,0.37391735741469784,False,False,True
-0.2935206770822205,-0.39036760432772466,-0.5832029240358897,-0.5896898819752894,-0.8501077503093645,-0.5787614104404022,-0.3908060593117035,True,False,False
0.4620221247142355,0.52174394237601,0.24018172941580623,0.5791575523902182,0.8831987866455441,0.40819620255430705,0.35962346177495197,True,False,False
0.9237427258120703,1.02847257943364,0.7106872456739187,1.0674489087831196,1.1590030609604909,1.1347066676754123,1.0743182437622432,False,False,True
-0.5873428777808423,-0.6944047865623025,-0.1126974077777775,-0.7504191201212862,-0.8658039285224103,-0.2086523055673862,-0.8553576676034427,False,False,True
-1.6786824803757237,-1.8598806517948523,-1.524213956552114,-1.4075779039333993,-1.3635970089932896,-1.3601028540612135,-1.06976610219963,False,True,False
0.29412372431502376,0.21770676014143156,0.12255535035127811,0.13969533163660697,0.4638865972398936,-0.030451625443341606,-0.040605616137930754,False,False,True
-1.6367078802759203,-1.555843469560274,-1.406587577487586,-1.2732977809253516,-1.2156044715560013,-1.2915641309365808,-1.3199092758951818,False,True,False
0.587945925013645,0.7244353971990617,0.004928971286750633,0.1661444467745558,0.21947467935103826,0.01524085663974682,0.35247651395507906,False,False,True
0.0003015236164016051,-0.08633042209314629,0.35780810848033434,-0.25195502713686607,-0.3523146698384853,-0.185806064525842,-0.104928146516787,False,False,True
0.4200475246144323,0.4203982149644838,-0.1126974077777775,-0.004757527962959604,0.006455117888274631,-0.14011358244275357,-0.02631172049818512,True,False,False
-1.4688094798767082,-1.454497742148748,-0.7008293031004178,-1.0871367013005577,-1.0048272212665297,-1.0768094651460656,-1.1055008412989944,False,False,True
0.37807292451462915,0.6230896697875355,0.004928971286750633,0.08171073306494998,0.10960143185971818,0.27568800451335057,-0.05847298568761305,True,False,False
-0.2095714768826142,-0.4917133317392508,-0.46557654497136186,-0.7972137084422726,-0.7761114815907203,-0.6884233674398144,-0.780314715494777,False,True,False
-0.08364767658320472,-0.13700328579890936,0.5930608666093906,-0.15124493488083016,-0.7626576145509668,-0.098990348567974,0.577605370281076,True,False,False
0.587945925013645,0.6230896697875355,0.8283136247384462,0.3258564112614007,0.09614756481996468,0.5361351523869544,1.8604825039482633,False,False,True
-0.8811650784794643,-0.8970962413853548,-0.7008293031004178,-0.9528565782925099,-0.8366538832696111,-1.0722402169377567,-0.9625618849015364,False,True,False
-0.41944447738163004,-0.44104046803348773,-0.34795016590683375,-0.5784998717246188,-0.5899996542074636,-0.5696229140237845,-0.4837163809700514,False,True,False
-0.3354952771820237,-0.39036760432772466,0.004928971286750633,-0.5256016414487211,-0.7021152128720761,-0.359437496441578,-0.46227553751043265,False,False,True
1.0076919260116766,0.7751082609048248,0.24018172941580623,0.7948195681304165,0.9370142548045581,0.8468440305519557,0.6455013745698687,False,False,True
1.4694125271095104,1.2311640342566923,1.1811927619320306,0.9921706580058808,0.8405948743529916,0.47673492567893966,1.2887266783584304,False,False,True
-0.2935206770822205,-0.13700328579890936,-0.46557654497136186,-0.3190950886408898,-0.12584124133596794,-0.5239304319406961,-0.3908060593117035,False,False,True
1.2175649265106925,1.1298183068451662,1.1811927619320306,1.6432257998630828,2.0222928626780066,1.7195704383389436,1.0814651915821163,False,False,True
0.21017452411541743,0.4203982149644838,0.35780810848033434,-0.08410487337680615,-0.07875270669683067,-0.19951380915076852,0.07374554898003571,False,False,True
-1.0070888787788734,-1.049114832502644,-0.8184556821649459,-0.9528565782925099,-0.9151347743348398,-1.008270742021433,-0.8196229285040781,False,True,False
0.4620221247142355,0.4203982149644838,0.12255535035127811,0.34925370542189377,0.8361102520064071,0.1523183028890121,-0.07276688132735888,False,False,True
1.0076919260116766,1.1298183068451662,1.1811927619320306,0.9758942794594507,0.9841027894436952,0.9793522285929116,0.9313792873647849,True,False,False
0.7138697253130545,0.6737625334932986,0.24018172941580623,0.2760100019629587,0.24189779108396076,0.1751645439305563,0.752705591867962,False,True,False
-0.04167307648340156,0.015015305318379291,-0.46557654497136186,-0.4798243267868867,-0.5473957419149109,-0.638161637148417,-0.3550713202123389,False,True,False
0.37807292451462915,0.4710710786702469,0.24018172941580623,0.24650906584755414,0.12978223241934844,0.3168112383881302,0.24884577056692217,False,False,True
1.6373109275087232,1.5858740801970328,1.1811927619320306,2.5435129882124947,3.233140896255821,2.2815879679609306,1.881923347407882,False,False,True
0.4620221247142355,0.1670338964356685,0.24018172941580623,0.02677795547074853,0.017666673754735886,0.03808709768129103,0.22025797928743052,True,False,False
1.7212601277083295,1.6872198076085587,1.6516982781901424,2.5190984203928495,2.5469936772283934,2.0851102950036506,2.88249604219009,False,False,True
-0.6712920779804485,-0.7450776502680656,-0.9360820612294737,-0.6944690688679329,-0.38594933743786886,-0.866624047563859,-0.9232536718922354,False,True,False
1.0496665261114797,1.3831826253739816,1.0635663828675024,1.3726310065286833,1.3271763989574095,1.463692538673649,1.3601961565571596,True,False,False
0.0003015236164016051,-0.035657558387383215,-0.46557654497136186,-0.15327948219913393,0.06699751956716542,-0.23149854660893043,-0.2764548941937368,False,False,True
0.7558443254128576,0.6737625334932986,0.35780810848033434,0.39910011472033574,0.3876480173479571,0.6320893647614401,0.3238887226755874,True,False,False
-0.2095714768826142,-0.08633042209314629,-0.23032378684230562,-0.1207267251062738,0.04233209666095065,-0.19037531273415084,-0.20498541599500783,False,False,True
0.4200475246144323,0.4203982149644838,-0.1126974077777775,-0.012895717236174635,-0.10341812960304543,0.2802572527216594,-0.00487087703856637,False,True,False
-0.08364767658320472,-0.1876761495046724,0.35780810848033434,-0.24076501688619528,0.0400897854876584,-0.40056073031635736,-0.6052144939078908,False,False,True
1.2595395266104956,1.4338554890797446,1.1811927619320306,1.465202909511504,1.5693460056729724,1.7150011901306348,1.231551095799447,True,False,False
0.5039967248140387,0.4710710786702469,0.24018172941580623,0.31771822198818567,0.33607486036223533,0.2437032670551887,0.5025624181724103,False,False,True
-0.9231396785792675,-0.8464233776795917,-0.9360820612294737,-1.0118584505233188,-0.9689502424938538,-0.9991322456048154,-1.0340313631002653,False,True,False
1.6373109275087232,1.889911262431611,2.004577415383727,2.3156436885624743,1.9909005062519152,2.213049244836298,3.003994155127929,True,False,False
-0.6293174778806454,-0.8970962413853548,-0.9360820612294737,-0.9152174529038904,-0.8523500614826567,-0.9671475081466534,-0.8910924067028072,False,False,True
-0.12562227668300788,-0.08633042209314629,0.004928971286750633,-0.3648724033027245,-0.5160033854888194,-0.1309750860261359,-0.3908060593117035,False,False,True
-0.5033936775812359,-0.5423861954450139,-0.8184556821649459,-0.7148145420509705,-0.5989688989006325,-0.5193611837323873,-0.8196229285040781,False,False,True
0.9657173259118734,0.977799715727877,0.9459400038029744,0.9484278906623499,1.0289490129095402,1.203245390800045,0.8813506526256745,False,False,True
0.7978189255126608,0.572416806081773,0.004928971286750633,0.36654735762747565,0.5311559324386609,0.5269966559703367,0.1094802880794003,True,False,False
-0.7552412781800548,-0.7450776502680656,-1.0537084402940018,-1.084084880323102,-1.1281543357976036,-1.122501947229154,-0.8910924067028072,False,True,False
-2.43422528217218,-2.5186278799697717,-1.877093093745698,-1.5794971523300667,-1.4981356793908245,-1.5657190234351113,-1.605787188690098,False,False,True
-2.43422528217218,-2.4172821525582453,-1.75946671468117,-1.5632207737836368,-1.5138318576038703,-1.5245957895603317,-1.555758553950988,False,True,False
-0.9231396785792675,-0.7957505139738287,-1.17133481935853,-0.9589602202474212,-0.854592372655949,-0.9123165296469473,-1.06976610219963,False,True,False
-0.7552412781800548,-0.7450776502680656,-0.9360820612294737,-1.0301693763880526,-1.0115541547864064,-0.9351627706884915,-1.0125905196406466,False,True,False
0.33609832441482596,0.4710710786702469,0.35780810848033434,0.21293903509554224,0.27104783633676005,0.019810104848055662,0.1452150271787649,False,False,True
-1.9725046810743456,-1.809207788089089,-1.524213956552114,-1.4533552185952339,-1.4241394106721803,-1.4195030807692286,-1.4271134931932754,False,False,True
1.2595395266104956,1.1804911705509293,0.7106872456739187,1.7907304804401052,2.134408421342619,1.5642159992564428,1.6818088084514404,True,False,False
0.9657173259118734,1.1804911705509293,1.0635663828675024,1.78259229116689,1.8047886788686587,2.1902030037947537,1.4566799521254439,False,False,True
-1.8885554808747393,-1.9612263792063784,-2.112345851874754,-1.4492861239586263,-1.401716298939258,-1.4469185700190816,-1.4128195975535296,False,True,False
-1.0910380789784797,-1.099787696208407,-0.46557654497136186,-1.0810330593456465,-1.0496734447323748,-1.0311169830629772,-1.0733395761095665,False,True,False
0.7138697253130545,0.8764539883163509,1.1811927619320306,0.7775259159248347,0.4638865972398936,1.14384516409203,0.8956445482654204,True,False,False
-1.4688094798767082,-1.5051706058545111,-1.2889611984230578,-1.336368747792768,-1.3008122961411066,-1.3372566130196692,-1.2841745367958173,False,True,False
0.9237427258120703,0.8764539883163509,0.35780810848033434,1.0837252873295498,0.9975566564834487,1.0753064409673974,0.39535820087431656,False,False,True
-0.12562227668300788,-0.035657558387383215,-0.46557654497136186,-0.4493061170123303,-0.5899996542074636,-0.45539170881606345,-0.033458668318058035,False,True,False
-2.6021236825713925,-2.569300743675535,-1.877093093745698,-1.5835662469666743,-1.5228011022970391,-1.5017495485187875,-1.605787188690098,False,True,False
1.133615726311086,1.0791454431394032,0.7106872456739187,1.0298097833945001,1.1410645715741528,1.203245390800045,0.8420424396163735,True,False,False
1.133615726311086,1.1804911705509293,1.7693246572546706,1.9433215293128867,1.3989303565027613,1.651031715214311,1.192242882790146,False,True,False
0.33609832441482596,0.4203982149644838,-0.1126974077777775,0.32077004296564143,0.1185706765528872,-0.2863295251086365,0.5025624181724103,True,False,False
1.343488726810102,1.2818368979624555,0.8283136247384462,1.223091778633357,1.2397262631990118,0.604673875511587,1.574604591153347,False,False,True
-2.2663268817729674,-2.2652635614409564,-1.75946671468117,-1.5398234796231436,-1.4801971900044864,-1.5017495485187875,-1.5700524495907338,False,True,False
0.7978189255126608,0.7244353971990617,0.24018172941580623,0.8853569237949336,1.2016069732530432,0.7006280878860727,0.4954154703525374,False,False,True
0.29412372431502376,0.21770676014143156,-0.23032378684230562,-0.20922953345248715,-0.11238737429621444,-0.34116050360834266,-0.15853025516583388,False,True,False
0.4620221247142355,0.36972535125872075,0.7106872456739187,0.7063167597842029,0.14772072180568646,0.32594973480474787,0.538297157271775,False,True,False
0.0003015236164016051,-0.035657558387383215,0.4754344875448625,-0.35164784573374996,-0.42631093855712937,-0.6244538925234905,-0.104928146516787,True,False,False
-0.9231396785792675,-0.7450776502680656,-0.9360820612294737,-0.9620120412248768,-0.8590769950025334,-1.0402554794795948,-0.9625618849015364,False,True,False
0.21017452411541743,0.21770676014143156,0.9459400038029744,-0.00882662259956712,0.3584979720951578,-0.19951380915076852,-0.104928146516787,False,False,True
0.5039967248140387,0.4203982149644838,0.9459400038029744,-0.06375940019376858,-0.11014506312292219,0.04265634588959988,-0.0191647726783122,False,False,True
-0.9651142786790707,-0.8970962413853548,-0.5832029240358897,-0.9030101689940678,-0.8770154843888714,-0.7341158495229027,-1.0090170457307102,True,False,False
-0.5873428777808423,-0.593059059150777,-0.23032378684230562,-0.7290563732790968,-0.6527843670596466,-0.9717167563549622,-0.6409492330072554,False,True,False
1.7632347278081326,1.839238398725848,1.7693246572546706,1.8639741838990405,1.645584585564909,2.030279316503945,2.2678585296810194,False,False,True
1.2595395266104956,1.2311640342566923,0.8283136247384462,1.2525927147487614,1.4213534682356839,1.3631690780908543,1.0671712959423703,True,False,False
0.08425072381600793,0.11636103272990543,-0.23032378684230562,-0.2682314056832961,-0.21553368826765798,-0.22236005019231275,-0.2585875246440547,True,False,False
-1.174987279178086,-1.2011334236199331,-1.2889611984230578,-1.1807258779425307,-1.11470046875785,-1.095086457979301,-1.141235580398359,False,True,False
0.7978189255126608,0.7244353971990617,0.4754344875448625,0.49981020697637185,0.2306862352174995,0.6595048540112931,0.43109293997368114,False,False,True
0.9237427258120703,0.7244353971990617,1.4164455200610868,1.087794381966157,1.1881531062132897,0.718905080719308,1.3244614174577949,False,True,False
-1.1330126790782828,-1.2011334236199331,-0.9360820612294737,-1.111551269120203,-1.0541580670789592,-1.0722402169377567,-1.134088632578486,False,True,False
-1.0070888787788734,-1.6065163332660373,-1.17133481935853,-1.1054476271652915,-1.042946511212498,-1.0768094651460656,-1.1376621064884225,False,True,False
-1.7206570804755268,-1.9612263792063784,-1.0537084402940018,-1.069843049094976,-0.9891310430534839,-1.0402554794795948,-1.0804865239294394,False,True,False
0.21017452411541743,0.36972535125872075,0.35780810848033434,0.3248391376022489,0.8226563849666536,-0.025882377235032762,-0.15495678125589743,True,False,False
-0.37746987728182685,-0.035657558387383215,-0.23032378684230562,-0.39335606575897714,-0.3747377815714076,-0.332022007191725,-0.21213236381488076,True,False,False
0.7558443254128576,0.7244353971990617,0.9459400038029744,0.6686776343955836,0.5558213553448756,0.32594973480474787,0.609766635470504,False,False,True
0.4200475246144323,0.6230896697875355,0.5930608666093906,0.07764163842834247,0.33383254918894306,0.14774905468070326,-0.012017824858439287,True,False,False
0.4620221247142355,0.52174394237601,0.9459400038029744,0.44894652401877816,0.21947467935103826,0.718905080719308,0.25956619229673156,True,False,False
-1.0910380789784797,-0.9477691050911179,-0.8184556821649459,-0.9752365987938513,-1.0855504235050508,-0.8209315654807706,-0.8589311415133791,True,False,False
0.9657173259118734,1.1804911705509293,0.8283136247384462,1.121364412718169,1.2800878643182723,1.1941068943834272,0.9313792873647849,True,False,False
-1.5107840799765113,-1.403824878442985,-1.17133481935853,-1.2936432541083889,-1.267177628541723,-1.236733152436875,-1.2913214846156902,False,False,True
0.37807292451462915,0.7244353971990617,0.9459400038029744,0.2210772243687573,0.17238614471190122,0.1751645439305563,0.39535820087431656,False,False,True
0.1262253239158111,0.2683796238471946,0.8283136247384462,0.1244362267493289,-0.17292977597510523,-0.062436362901503506,0.6812361136692332,True,False,False
1.7212601277083295,1.6365469439027958,0.5930608666093906,2.412284686181903,3.1748408057502226,2.1673567627532098,1.3959308956565242,True,False,False
1.0076919260116766,0.8257811246105878,1.1811927619320306,0.9677560901862357,0.5311559324386609,1.6053392331312226,0.752705591867962,True,False,False
-2.43422528217218,-2.366609288852483,-1.406587577487586,-1.5591516791470292,-1.520558791123747,-1.4926110521021698,-1.5593320278609244,False,True,False
-2.182377681573361,-2.1639178340294305,-1.9947194728102262,-1.519478006440106,-1.4532894559249796,-1.4926110521021698,-1.5343177104913692,False,True,False
-0.9231396785792675,-0.998441968796881,-1.0537084402940018,-0.9986338929543443,-0.8052615268435196,-1.1316404436457717,-1.1197947369387402,False,True,False
0.25214912421522057,0.21770676014143156,-0.34795016590683375,-0.26517958470584035,-0.09444888490987642,-0.4142684749412839,-0.21570583772481722,False,True,False
-0.6293174778806454,-0.593059059150777,-0.46557654497136186,-0.7382118362114636,-0.7178113910851218,-0.6792848710231966,-0.7660208198550312,False,True,False
0.33609832441482596,0.4203982149644838,0.5930608666093906,0.11426349015781011,0.04233209666095065,0.5315659041786456,0.0665986011601628,True,False,False
-1.2589364793776923,-1.3024791510314588,-1.406587577487586,-1.2132786350353908,-1.1124581575845578,-1.236733152436875,-1.234145902056707,False,True,False
0.4620221247142355,0.52174394237601,0.9459400038029744,0.6391766982801792,0.5356405547852454,0.8788287680101176,0.609766635470504,False,False,True
-2.098428481373755,-1.9105535155006153,-1.406587577487586,-1.4126642722291587,-1.3635970089932896,-1.3920875915193753,-1.4128195975535296,False,True,False
-1.174987279178086,-1.3024791510314588,-1.2889611984230578,-1.2478659394465546,-1.1819698039566173,-1.3052718755615074,-1.234145902056707,False,True,False
1.0916411262112828,1.02847257943364,0.4754344875448625,0.5313456904100802,0.1589322776721477,0.9290904983015144,0.9313792873647849,True,False,False
-1.426834879776905,-1.3024791510314588,-1.2889611984230578,-1.0993439852103803,-1.1909390486497864,-1.2915641309365808,-0.8910924067028072,False,True,False
0.8397935256124639,0.927126852022114,0.8283136247384462,0.8995987550230597,0.9123488318983431,1.1072911784255592,0.9599670786442766,True,False,False
0.0003015236164016051,-0.08633042209314629,-0.23032378684230562,-0.2672141320241441,-0.22001831061424248,-0.45539170881606345,-0.11922204215653284,True,False,False
-1.8465808807749362,-1.9612263792063784,-1.75946671468117,-1.4716661444599677,-1.4196547883255959,-1.465195562852317,-1.4414073888330212,False,True,False
-2.2663268817729674,-2.1639178340294305,-1.75946671468117,-1.527616195713321,-1.475712567657902,-1.4880418038938612,-1.5200238148516234,False,False,True
0.9237427258120703,0.8764539883163509,0.7106872456739187,1.0959325712393722,1.3294187101307018,1.1392759158837211,0.8956445482654204,False,False,True
0.4620221247142355,0.8257811246105878,1.2988191409965588,0.9881015633692732,0.7621139832877626,0.6686433504279108,1.2172572001597013,False,True,False
-0.2095714768826142,-0.23834901321043547,-0.46557654497136186,-0.40149425503219216,-0.5832727206875868,-0.5102226873157696,-0.033458668318058035,False,False,True
1.0496665261114797,0.977799715727877,0.7106872456739187,1.4824965617170862,1.4998343593009125,1.559646751048134,1.110052982861608,False,False,True
-1.9305300809745425,-1.8598806517948523,-1.17133481935853,-1.4085951775925512,-1.401716298939258,-1.2321639042285661,-1.3556440149945463,False,False,True
0.9237427258120703,0.977799715727877,0.12255535035127811,0.6178139514379898,0.647756113449858,0.7737360592190142,0.538297157271775,True,False,False
-0.2095714768826142,-0.23834901321043547,-0.1126974077777775,-0.38318332916745834,-0.18414133184156647,-0.4736687016492988,-0.6159349156377002,False,False,True
0.7138697253130545,0.1670338964356685,0.35780810848033434,0.4428428820638666,0.656725358143027,0.13404131005577674,0.24527229665698572,False,True,False
0.5459713249138418,0.52174394237601,0.35780810848033434,0.1529198892055815,-0.1505066642421827,-0.2954680215252542,0.6812361136692332,False,False,True
0.7138697253130545,0.8764539883163509,0.5930608666093906,0.514052038204498,0.4123134402541719,0.8422747823436468,0.5525910529115208,True,False,False
-0.7132666780802517,-0.7450776502680656,-0.7008293031004178,-0.8887683377659416,-0.9128924631615475,-0.7752390833976822,-0.8410637719636969,False,False,True
-0.2935206770822205,-0.23834901321043547,-0.5832029240358897,-0.300784162776156,-0.15274897541547497,-0.17666756810922432,-0.5337450157091617,False,True,False
-0.2095714768826142,-0.39036760432772466,-0.1126974077777775,-0.7748336879409312,-0.8478654391360723,-0.6884233674398144,-0.6052144939078908,True,False,False
0.5039967248140387,0.7751082609048248,0.24018172941580623,0.5048965752721312,0.24189779108396076,0.2802572527216594,0.8313220178865641,True,False,False
-0.5873428777808423,-0.4917133317392508,-0.7008293031004178,-0.7982309821014244,-0.6931459681789072,-0.7569620905644469,-0.8196229285040781,True,False,False
0.6299205251134481,0.572416806081773,0.5930608666093906,0.4214801352216773,0.6141214458504742,0.3625037204712186,0.08089249679990863,False,False,True
-1.426834879776905,-1.5051706058545111,-1.17133481935853,-1.2987296224041485,-1.2716622508883073,-1.3052718755615074,-1.2484397976964527,False,True,False
-0.41944447738163004,-0.593059059150777,-0.5832029240358897,-0.7707645933043237,-0.8478654391360723,-0.8117930690641529,-0.6052144939078908,True,False,False
-1.2169618792778891,-1.3531520147372218,-1.0537084402940018,-1.1807258779425307,-1.1931813598230787,-1.0539632241045214,-1.1769703194977235,False,True,False
0.6299205251134481,0.6737625334932986,0.9459400038029744,0.7114031280799626,0.3315902380156508,0.6092431237198959,1.3244614174577949,True,False,False
1.5113871272093136,1.6365469439027958,1.0635663828675024,1.8924578463552926,1.7330347213233066,1.7515551757971055,1.7747191301097884,True,False,False
0.8397935256124639,0.7751082609048248,0.24018172941580623,0.43368741913149983,0.34728641622869655,0.9656444839679851,0.27386008793647737,False,True,False
0.9657173259118734,0.977799715727877,0.35780810848033434,0.7419213378545189,0.8787141642989597,0.27568800451335057,0.759852539687835,False,False,True
1.3854633269099041,0.977799715727877,1.4164455200610868,2.11829259868701,2.387789583924643,2.0165715718790183,1.717543547550805,False,False,True
-0.2095714768826142,-0.23834901321043547,-0.7008293031004178,-0.4777897794685829,-0.26486453408008753,-0.7021311120647409,-0.6338022851873825,False,True,False
1.2595395266104956,1.4845283527855078,1.4164455200610868,1.2363163362023313,0.8271410073132381,0.7828745556356319,1.6103393302527116,False,False,True
-0.2935206770822205,-0.23834901321043547,-0.34795016590683375,-0.3699587715984838,-0.18189902066827424,-0.5193611837323873,-0.5015837505197335,False,False,True
0.0003015236164016051,0.015015305318379291,-0.1126974077777775,-0.2489032061594103,-0.3029838240260558,-0.2589140358587835,-0.033458668318058035,True,False,False
-0.8811650784794643,-0.9477691050911179,-0.7008293031004178,-0.8714746855603596,-0.7850807262838894,-0.894039536813712,-0.9875762022710914,False,True,False
0.587945925013645,0.6737625334932986,0.35780810848033434,0.3116145800332744,0.5647906000380447,0.028948601264673347,0.2559927183867951,False,True,False
-0.12562227668300788,-0.08633042209314629,-0.23032378684230562,-0.5235670941304174,-0.6348458776733086,-0.4051299785246662,-0.3193365811129743,True,False,False
0.04227612371620477,0.1670338964356685,-0.7008293031004178,-0.1868495129511458,-0.5541226754347877,-0.18123681631753316,0.39535820087431656,False,False,True
-1.76263168057533,-1.809207788089089,-1.6418403356166418,-1.4574243132318412,-1.4106855436324268,-1.437780073602464,-1.4378339149230848,False,True,False
0.6718951252132513,0.6737625334932986,0.004928971286750633,0.5832266470268257,0.8719872307790831,0.6960588396777638,0.24527229665698572,False,False,True
1.4274379270097073,1.5858740801970328,1.1811927619320306,1.8975442146510524,1.7307924101500145,1.993725330837474,1.842615134398581,True,False,False
0.37807292451462915,0.4203982149644838,0.35780810848033434,0.16105807847879655,-0.1549912865887672,0.07921033155607062,0.8241750700666912,False,False,True
1.6373109275087232,1.5858740801970328,1.4164455200610868,2.593359397510937,2.9438827549011206,1.6647394598392375,1.8176008170290259,False,False,True
-1.6786824803757237,-1.6065163332660373,-1.406587577487586,-1.3373860214519198,-1.2739045620615996,-1.3372566130196692,-1.3627909628144195,False,True,False
0.04227612371620477,0.1670338964356685,-0.23032378684230562,-0.12886491437948883,0.26207859164359104,-0.5513459211905491,-0.21213236381488076,False,True,False
0.8817681257122671,1.0791454431394032,0.4754344875448625,1.0277752360761967,0.8630179860859141,1.2763533621329863,0.7884403309673266,True,False,False
0.8397935256124639,0.7751082609048248,0.4754344875448625,0.8609423559752886,1.0334336352561246,0.7143358325109992,0.7777199092375172,True,False,False
0.1262253239158111,0.21770676014143156,0.004928971286750633,-0.023068453827693423,0.14772072180568646,-0.07614410752643003,-0.07276688132735888,False,True,False
0.6718951252132513,0.572416806081773,0.5930608666093906,0.45810198695114496,0.27329014751005226,0.6092431237198959,0.7169708527685978,False,False,True
0.9657173259118734,1.0791454431394032,0.9459400038029744,0.8467005247471624,0.8383525631796991,1.0204754624676913,0.9206588656349756,False,False,True
-0.2515460769824174,-0.08633042209314629,-0.1126974077777775,-0.4493061170123303,-0.3971608933043301,-0.34116050360834266,-0.6838309199264929,False,False,True
1.0496665261114797,0.8764539883163509,0.8283136247384462,0.8060095783810873,0.7509024274213015,0.7051973360943815,0.9313792873647849,True,False,False
0.5459713249138418,0.7751082609048248,1.5340718991256144,0.8151650413134541,0.4123134402541719,0.5224274077620279,1.2887266783584304,True,False,False
-1.3009110794774956,-1.3024791510314588,-1.2889611984230578,-1.287539612153478,-1.2559660726752615,-1.236733152436875,-1.298468432435563,False,True,False
0.5039967248140387,0.6230896697875355,0.12255535035127811,0.2556645287799212,0.18808232292494698,0.5087196631371013,0.18094976627812948,False,False,True
-0.08364767658320472,-0.08633042209314629,0.004928971286750633,-0.23262682761298026,-0.04960266144403165,-0.19494456094245968,-0.4372612201408774,False,True,False
0.9237427258120703,0.927126852022114,0.24018172941580623,1.1091571288083466,1.2957840425313178,1.6464624670060022,0.5025624181724103,True,False,False
0.6718951252132513,0.8257811246105878,0.5930608666093906,0.48862019672570106,0.5446097994784145,0.11576431722254135,0.8027342266070724,False,True,False
1.1755903264108893,1.02847257943364,0.8283136247384462,1.1183125917407137,1.410141912369223,1.0753064409673974,0.609766635470504,True,False,False
0.25214912421522057,-0.08633042209314629,-0.23032378684230562,-0.2509377534777141,-0.1280835525092602,-0.20408305735907736,-0.42654079841106807,False,False,True
1.0496665261114797,1.0791454431394032,1.2988191409965588,1.159003538106789,0.7127831374753331,1.6373239705893845,1.4316656347558887,True,False,False
-0.4614190774814332,-0.39036760432772466,-0.23032378684230562,-0.6273290073639091,-0.7155690799118295,-0.4371147159828281,-0.5337450157091617,False,False,True
0.7138697253130545,0.8257811246105878,0.4754344875448625,0.6412112455984826,1.0603413693356316,0.5955353790949693,0.18094976627812948,False,False,True
-1.1330126790782828,-1.1504605599141702,-0.9360820612294737,-1.1227412793708735,-1.0990042905448043,-1.1133634508125363,-1.141235580398359,False,True,False
0.33609832441482596,0.3190524875529577,-0.5832029240358897,0.17835173068437837,0.19480925644482375,-0.021313129026723922,0.35962346177495197,False,False,True
0.7978189255126608,0.927126852022114,0.8283136247384462,0.6412112455984826,0.5221866877454919,0.4493194364290866,1.0743182437622432,True,False,False
0.4200475246144323,0.52174394237601,1.0635663828675024,0.5354147850466877,0.39437495086783386,0.3305189830130567,0.752705591867962,True,False,False
0.04227612371620477,0.06568816902414236,0.004928971286750633,-0.21736772272570218,-0.224502932960827,-0.12183658960951821,-0.24786710291424535,False,False,True
-0.7972158782798581,-0.6944047865623025,-0.8184556821649459,-0.794161887464817,-0.5473957419149109,-0.9717167563549622,-0.9446945153518541,False,True,False
-0.9231396785792675,-0.9477691050911179,-0.5832029240358897,-0.8979238006983085,-0.7133267687385373,-1.0585324723128302,-0.9768557805412823,False,False,True
0.5459713249138418,0.8257811246105878,0.5930608666093906,0.7653186320150122,0.8899257201654212,0.4950119185121748,0.4954154703525374,False,False,True
-0.04167307648340156,0.1670338964356685,0.7106872456739187,-0.30587053107191553,-0.3612839145316541,-0.062436362901503506,-0.3193365811129743,False,True,False
-1.2169618792778891,-1.049114832502644,-1.0537084402940018,-1.1176549110751142,-1.0541580670789592,-1.1727636775205512,-1.06976610219963,True,False,False
0.8817681257122671,0.8257811246105878,0.7106872456739187,0.6991958441701401,0.73969087155484,0.8422747823436468,0.7098239049487249,False,False,True
1.0496665261114797,1.0791454431394032,0.9459400038029744,1.0186197731438293,0.9235603877648046,1.5185235171733544,1.181522461060337,False,False,True
-0.2095714768826142,-0.2890218769161986,0.35780810848033434,-0.3475787510971424,-0.42631093855712937,-0.4051299785246662,-0.17639762471551618,False,False,True
1.3015141267102988,1.4338554890797446,1.4164455200610868,1.5567575388351733,0.737448560381548,2.071402550378724,2.4679730686374604,True,False,False
-0.08364767658320472,0.06568816902414236,0.004928971286750633,-0.2794214159339667,-0.22001831061424248,-0.2634832840670923,-0.2836018420136097,True,False,False
0.6299205251134481,0.4710710786702469,0.7106872456739187,0.7337831485813038,1.5043189816474969,0.5361351523869544,0.002276070781306547,False,False,True
-0.12562227668300788,-0.13700328579890936,0.12255535035127811,-0.43201246480674826,-0.6482997447130621,-0.38685298569143084,0.002276070781306547,False,False,True
1.8052093279079358,1.889911262431611,1.1811927619320306,3.036890712901156,3.538095215823567,3.0218061777069622,1.8962172430476278,False,False,True
0.7978189255126608,0.8257811246105878,0.4754344875448625,0.47844746013418255,0.3831633950013726,0.5955353790949693,0.46682767907304573,False,True,False
0.37807292451462915,0.572416806081773,0.35780810848033434,0.08374528038325374,-0.16171822010864395,0.5315659041786456,0.3238887226755874,True,False,False
-0.2515460769824174,-0.33969474062196164,-0.5832029240358897,-0.41980518089692576,-0.3523146698384853,-0.3457297518166515,-0.6052144939078908,False,False,True
-0.41944447738163004,-0.2890218769161986,0.004928971286750633,-0.2885768788663337,-0.19759519888132,-0.4508224606077546,-0.31576310720303785,True,False,False
0.9237427258120703,0.977799715727877,0.5930608666093906,0.854838714020377,0.9706489224039416,0.4219039471792336,1.0207161351131964,True,False,False
-0.12562227668300788,-0.035657558387383215,-0.34795016590683375,-0.28145596325227046,-0.1505066642421827,-0.23606779481723927,-0.4229673245011316,False,False,True
-1.2589364793776923,-1.2518062873256963,-1.406587577487586,-1.2305722872409726,-1.1797274927833252,-1.286994882728272,-1.1948376890474057,False,True,False
1.1755903264108893,1.4845283527855078,1.2988191409965588,1.2363163362023313,0.9885874117902796,1.5824929920896784,0.8599098091660557,True,False,False
-0.4614190774814332,-0.5423861954450139,-0.46557654497136186,-0.6903999742313254,-0.8254423274031498,-0.6244538925234905,-0.7660208198550312,False,True,False
-0.04167307648340156,0.1670338964356685,0.24018172941580623,-0.03629301139666796,0.10960143185971818,0.18887228855548283,-0.06919340741742243,True,False,False
0.33609832441482596,-0.1876761495046724,-0.34795016590683375,-0.17667677635962703,-0.038391105577570396,-0.4645302052326811,-0.5087306983396064,False,False,True
0.8817681257122671,1.02847257943364,0.7106872456739187,0.7276795066263922,0.5872137117709672,1.1484144123003388,0.7741464353275808,False,False,True
-0.6712920779804485,-0.8970962413853548,-0.46557654497136186,-0.9213210948588016,-0.93531557489447,-0.8986087850220208,-0.8553576676034427,False,True,False
1.0496665261114797,1.1804911705509293,0.8283136247384462,1.3034563977063556,1.410141912369223,1.226091631841589,1.1386407741410995,False,False,True
-0.4614190774814332,-0.64373192285654,-0.46557654497136186,-0.9406492943826874,-0.9330732637211777,-1.090517209770992,-0.8196229285040781,False,True,False
0.29412372431502376,0.11636103272990543,0.9459400038029744,1.6961240301389806,1.8608464582009647,1.5459390064232075,1.5210024825043003,True,False,False
-0.2095714768826142,-0.23834901321043547,-0.8184556821649459,-0.6771754166623509,-0.8119884603633963,-0.6518693817733435,-0.498010276609797,True,False,False
-1.8885554808747393,-1.9105535155006153,-1.17133481935853,-1.4004569883193363,-1.3613546978199973,-1.346395109436287,-1.405672649733657,False,True,False
-0.4614190774814332,-0.593059059150777,-0.5832029240358897,-0.6995554371636923,-0.7402345028180443,-0.4919456944825342,-0.6052144939078908,True,False,False
0.16819992401561426,0.11636103272990543,0.5930608666093906,0.12748804772678443,0.28225939220322127,0.3533652240546009,-0.08348730305716826,False,True,False
0.04227612371620477,0.11636103272990543,0.5930608666093906,0.12952259504508817,-0.1863836430148587,0.5315659041786456,0.03801080988067113,False,False,True
0.4200475246144323,0.6230896697875355,0.35780810848033434,0.5801748260493704,0.665694602836196,0.5224274077620279,0.7169708527685978,True,False,False
0.7138697253130545,0.52174394237601,0.7106872456739187,0.9097714916145787,0.2217169905243305,0.6960588396777638,0.9313792873647849,False,True,False
-1.0490634788786766,-1.099787696208407,-1.17133481935853,-1.1176549110751142,-1.0855504235050508,-1.095086457979301,-1.141235580398359,False,True,False
-2.1404030814735577,-2.2145906977351935,-1.406587577487586,-1.5255816483950173,-1.4981356793908245,-1.4743340592689347,-1.4985829713920047,False,True,False
1.2175649265106925,1.2311640342566923,1.5340718991256144,1.1610380854250926,1.2666339972785188,0.6001046273032782,1.2601388870789387,True,False,False
0.0003015236164016051,0.1670338964356685,1.1811927619320306,0.08374528038325374,0.4571596637200169,-0.07614410752643003,-0.2907487898334826,False,False,True
0.7138697253130545,0.6737625334932986,0.24018172941580623,0.5750884577536107,0.7127831374753331,0.7006280878860727,0.4346664138836176,True,False,False
-1.6786824803757237,-1.7078620606775634,-1.2889611984230578,-1.3384032951110716,-1.2604506950218461,-1.3052718755615074,-1.3556440149945463,False,False,True
0.21017452411541743,0.21770676014143156,-0.23032378684230562,0.01762249253838173,-0.2020798212279045,0.13404131005577674,0.0058495446912430055,False,False,True
-0.6293174778806454,-0.64373192285654,-0.5832029240358897,-0.6812445112989585,-0.7626576145509668,-0.5833306586487109,-0.7124187112059843,True,False,False
0.6299205251134481,0.52174394237601,0.24018172941580623,0.8467005247471624,0.7755678503275161,0.8468440305519557,0.35962346177495197,False,False,True
0.8397935256124639,0.977799715727877,0.8283136247384462,0.6106930358239265,0.8159294514467765,0.41733469897092473,0.5954727398307582,False,False,True
1.0496665261114797,1.02847257943364,0.35780810848033434,0.7286967802855445,0.5490944218249989,0.8879672644267352,0.8920710743554839,True,False,False
-0.7972158782798581,-0.64373192285654,-0.5832029240358897,-0.8165419079661582,-0.6662382340994001,-0.66557712639827,-0.9339740936220448,False,True,False
0.1262253239158111,0.11636103272990543,-0.1126974077777775,-0.047483021647338516,-0.054087283790616156,-0.012174632610106236,-0.033458668318058035,False,False,True
-0.7552412781800548,-0.7957505139738287,-0.8184556821649459,-1.008806629545863,-0.917377085508132,-1.1453481882706982,-0.9625618849015364,False,True,False
1.2175649265106925,0.977799715727877,0.4754344875448625,0.8700978189076554,1.1881531062132897,1.1895376461751184,0.4882685225326645,False,False,True
0.4620221247142355,0.3190524875529577,-0.34795016590683375,-0.09224306265002119,0.010939740234859134,0.13404131005577674,-0.3193365811129743,True,False,False
1.2595395266104956,1.1804911705509293,0.8283136247384462,1.1620553590842442,0.5490944218249989,1.2763533621329863,1.6103393302527116,False,False,True
-0.545368277681039,-0.593059059150777,-0.46557654497136186,-0.6425881122511871,-0.6124227659403861,-0.66557712639827,-0.5944940721780814,False,False,True
-1.8885554808747393,-1.809207788089089,-1.2889611984230578,-1.452337944936082,-1.392747054246089,-1.4926110521021698,-1.416393071463466,False,True,False
-3.2737172841682423,-2.82266506220435,-2.3475986100038098,-1.6313781089468125,-1.5609203922430075,-1.5931345126849643,-1.6558158234292086,False,True,False
0.7558443254128576,0.6737625334932986,0.35780810848033434,0.35230552639934953,0.38989032852124933,0.11119506901423251,0.3560499878650155,True,False,False
-0.8811650784794643,-0.7957505139738287,-0.34795016590683375,-0.7483845728029824,-0.782838415110597,-0.6473001335650347,-0.6766839721066199,True,False,False
0.21017452411541743,0.36972535125872075,-0.7008293031004178,-0.07596668410359113,0.07820907543362667,-0.3548682482332692,0.1452150271787649,False,True,False
1.0076919260116766,0.977799715727877,1.0635663828675024,1.2861627455007736,1.0379182576027093,1.9160481112962238,1.2601388870789387,False,False,True
1.6792855276085263,1.6365469439027958,1.1811927619320306,3.0511325441292816,4.002253628695062,3.2913918219971845,2.003421460345722,False,False,True
0.5039967248140387,0.6737625334932986,1.0635663828675024,0.25973362341652867,0.24189779108396076,-0.17666756810922432,0.6455013745698687,True,False,False
0.4200475246144323,0.4203982149644838,-0.23032378684230562,-0.03324119041921221,0.19032463409823924,-0.08528260394304746,-0.19069152035526202,False,True,False
0.587945925013645,0.6737625334932986,0.5930608666093906,0.6452803402350902,0.3741941503082036,0.30310349376320367,0.9313792873647849,True,False,False
-0.8391904783796612,-0.998441968796881,-0.8184556821649459,-0.9477702099967505,-0.9039232184683785,-0.8986087850220208,-0.9625618849015364,False,True,False
-0.41944447738163004,-0.33969474062196164,0.24018172941580623,-0.5530680302458217,-0.7402345028180443,-0.5422074247739315,-0.32291005502291076,True,False,False
0.8817681257122671,0.7244353971990617,0.24018172941580623,0.4509810713370817,0.14099378828580972,1.4180000565905604,0.3238887226755874,True,False,False
0.4620221247142355,0.4203982149644838,0.004928971286750633,0.26583726537144,0.5625482888647524,0.006102360223129135,0.09518639243965446,False,False,True
-0.5033936775812359,-0.4917133317392508,-0.34795016590683375,-0.8023000767380319,-0.8590769950025334,-0.6701463746065789,-0.6766839721066199,False,False,True
-1.3009110794774956,-1.2518062873256963,-0.9360820612294737,-1.226503192604365,-1.31426616318086,-1.035686231271286,-1.134088632578486,False,False,True
1.0076919260116766,0.8764539883163509,1.0635663828675024,1.348216438709038,0.7441754939014246,0.8925365126350441,1.5388698520539825,False,False,True
0.9657173259118734,0.8764539883163509,0.7106872456739187,0.6269694143703566,0.802475584407023,0.9245212500932055,0.3238887226755874,False,False,True
0.8397935256124639,0.6737625334932986,0.4754344875448625,1.0226888677804369,1.0962183481083076,0.9747829803846028,0.5668849485512666,True,False,False
0.7978189255126608,0.8257811246105878,0.4754344875448625,0.4153764932667658,0.35625566092186556,0.6549356058029843,0.3238887226755874,False,False,True
-0.04167307648340156,0.015015305318379291,0.004928971286750633,-0.34249238280138317,-0.3724954703981153,-0.23149854660893043,-0.3121896332931014,False,True,False
0.9657173259118734,0.927126852022114,1.0635663828675024,0.9616524482313247,0.37643646148149584,0.7554590663857789,1.6103393302527116,False,False,True
0.7558443254128576,0.6230896697875355,0.8283136247384462,0.8365277881556434,0.9280450101113892,0.9702137321762939,0.5525910529115208,False,False,True
0.7558443254128576,1.0791454431394032,-0.1126974077777775,0.5913648363000408,0.8271410073132381,0.45388868463739546,0.35962346177495197,True,False,False
-0.5873428777808423,-0.44104046803348773,-0.1126974077777775,-0.793144613805665,-0.9375578860677622,-0.5878999068570198,-0.6766839721066199,False,True,False
-0.41944447738163004,-0.13700328579890936,-0.1126974077777775,-0.485927968741798,-0.5115187631422349,-0.14925207885937125,-0.2836018420136097,False,False,True
0.33609832441482596,0.4710710786702469,0.8283136247384462,0.37061645226408313,-0.08323732904341517,0.23913401884687985,0.7884403309673266,True,False,False
0.5459713249138418,0.36972535125872075,-0.23032378684230562,0.6137448568013824,0.09838987599325694,0.48587342209555734,0.5740318963711395,True,False,False
-0.3354952771820237,-0.44104046803348773,-0.46557654497136186,-0.49304888435586103,-0.4061301379974991,-0.45539170881606345,-0.46227553751043265,True,False,False
-0.08364767658320472,0.1670338964356685,0.004928971286750633,-0.13191673535694434,-0.25365297821362626,-0.07614410752643003,0.1094802880794003,True,False,False
-1.8885554808747393,-1.809207788089089,-1.524213956552114,-1.385197883432058,-1.3456585196069517,-1.2687178898950366,-1.391378754093911,False,True,False
-0.2095714768826142,-0.08633042209314629,0.12255535035127811,-0.4086151706462552,-0.567576542474541,-0.3137450143584896,-0.06919340741742243,True,False,False
1.0496665261114797,0.977799715727877,0.9459400038029744,1.2983700294105962,1.573830628019557,1.3951538155490162,1.002848765563514,False,False,True
-0.6293174778806454,-0.593059059150777,-0.23032378684230562,-0.5774825980654669,-0.5182456966621116,-0.3685759928581955,-0.7088452372960479,False,True,False
0.0003015236164016051,0.1670338964356685,-0.46557654497136186,-0.26212776372838487,-0.12135661898938344,-0.3137450143584896,-0.1406628856161516,False,False,True
-1.0070888787788734,-0.998441968796881,-1.0537084402940018,-0.993547524658585,-0.8164730827099809,-1.067670968729448,-1.101927367389058,False,True,False
1.1755903264108893,0.927126852022114,0.8283136247384462,0.949445164321502,1.1074299039747693,1.2169531354249714,0.538297157271775,False,False,True
0.8817681257122671,0.927126852022114,0.9459400038029744,0.7439558851728223,0.6881177145691185,0.4721656774706308,1.142214248051036,True,False,False
0.5039967248140387,0.11636103272990543,0.12255535035127811,-0.3201123623000418,-0.31868000223910153,-0.42340697135790156,-0.1406628856161516,False,True,False
1.0076919260116766,0.927126852022114,0.8283136247384462,0.9260478701610088,0.9145911430716356,0.9793522285929116,1.0457304524827515,False,False,True
-0.37746987728182685,-0.44104046803348773,-0.23032378684230562,-0.611052628817479,-0.538426497221742,-0.4919456944825342,-0.7195656590258572,False,False,True
0.6299205251134481,0.6737625334932986,0.4754344875448625,0.39808284106118397,0.558063666518168,0.6275201165531312,0.12020070980920967,True,False,False
0.6299205251134481,0.6230896697875355,0.4754344875448625,0.738869516877063,0.9056218983784666,1.1301374194671034,0.1702293445483201,False,False,True
-1.426834879776905,-1.454497742148748,-1.2889611984230578,-1.1949677091706568,-1.069854245292005,-1.1727636775205512,-1.2841745367958173,False,True,False
0.7138697253130545,0.7751082609048248,0.5930608666093906,0.5211729538185612,0.2912286368963903,0.467596429262322,1.002848765563514,True,False,False
1.2175649265106925,1.02847257943364,1.4164455200610868,1.5537057178577174,1.3899611118095925,1.8612171327965177,1.5067085868645544,False,False,True
1.8052093279079358,1.5858740801970328,1.5340718991256144,2.6208257863080378,2.7129247040520195,3.085775652623286,1.7318374431905508,True,False,False
0.37807292451462915,0.2683796238471946,-0.23032378684230562,-0.15734857683574144,-0.0518449726173239,-0.04872861827657698,-0.3264835289328472,False,False,True
-0.04167307648340156,0.015015305318379291,0.12255535035127811,-0.37606241355339504,-0.28728764581301003,-0.19494456094245968,-0.5337450157091617,False,True,False
0.7138697253130545,0.7244353971990617,0.8283136247384462,0.4814992811116378,0.1365091659392252,0.32138048659643903,1.2887266783584304,True,False,False
0.7978189255126608,0.7751082609048248,0.9459400038029744,0.7073340334433551,0.47958277545293937,0.7737360592190142,1.0743182437622432,False,True,False
-1.4688094798767082,-1.454497742148748,-1.17133481935853,-1.2315895609001244,-1.1707582480901564,-1.209317663187022,-1.2127050585970882,False,False,True
1.3854633269099041,1.4338554890797446,1.4164455200610868,2.066411642070264,1.665765386124539,2.660835569250564,2.3607688513393668,False,False,True
-0.7972158782798581,-0.7450776502680656,-0.46557654497136186,-0.7870409718507538,-0.9218617078547165,-0.6061768996902551,-0.7124187112059843,True,False,False
0.25214912421522057,0.2683796238471946,0.12255535035127811,0.18242082532098589,0.19480925644482375,0.4264731953875424,0.1094802880794003,False,False,True
0.9237427258120703,1.1804911705509293,0.9459400038029744,1.0959325712393722,1.2262723961592583,1.2535071210914421,0.8813506526256745,True,False,False
1.0496665261114797,1.1804911705509293,1.5340718991256144,1.2139363157009901,1.47741124756799,1.14384516409203,1.3995043695664606,False,False,True
0.4200475246144323,0.6230896697875355,1.0635663828675024,0.3136491273515781,0.06251289722058091,0.33508823122136555,0.8241750700666912,False,False,True
1.2175649265106925,1.3831826253739816,0.8283136247384462,1.78259229116689,1.520015159860543,1.8840633738380619,2.3965035904387313,True,False,False
0.7138697253130545,0.6230896697875355,0.4754344875448625,0.49574111233976437,0.5916983341175517,0.5041504149287924,0.35962346177495197,True,False,False
0.7138697253130545,0.8764539883163509,0.8283136247384462,0.8802705554991743,0.7598716721144706,1.226091631841589,0.7562790657778985,True,False,False
-0.6293174778806454,-0.5423861954450139,-0.5832029240358897,-0.7178663630284261,-0.8097461491901041,-0.5696229140237845,-0.6052144939078908,False,False,True
0.8397935256124639,0.7244353971990617,0.4754344875448625,0.632055782666116,0.9818604782704031,0.3076727419715125,0.35962346177495197,False,False,True
-0.08364767658320472,0.11636103272990543,-0.1126974077777775,-0.24381683786365102,-0.10566044077633768,-0.3365912554000338,-0.24786710291424535,False,True,False
0.8397935256124639,0.8764539883163509,0.4754344875448625,0.8202514096092134,1.2240300849859658,0.10205657259761483,0.7884403309673266,True,False,False
-0.2935206770822205,-0.1876761495046724,-0.1126974077777775,-0.485927968741798,-0.5316995637018652,-0.7752390833976822,-0.40152648104151284,False,False,True
1.2175649265106925,0.927126852022114,1.1811927619320306,1.4000973953257836,1.1455491939207372,1.8932018702546796,1.2529919392590658,False,False,True
-0.2515460769824174,-0.2890218769161986,0.12255535035127811,-0.6731063220257435,-0.6976305905254916,-0.30003726973356304,-0.6373757590973189,False,True,False
0.4200475246144323,0.52174394237601,0.12255535035127811,0.33297732687546394,0.4728558419330626,0.44018094001246894,0.18094976627812948,True,False,False
0.04227612371620477,0.015015305318379291,0.24018172941580623,-0.4452370223757228,-0.5249726301819884,-0.2589140358587835,-0.35864479412227535,False,True,False
0.37807292451462915,0.2683796238471946,0.004928971286750633,-0.04544847432903476,-0.16620284245522846,0.019810104848055662,-0.1406628856161516,True,False,False
1.2175649265106925,1.1804911705509293,0.9459400038029744,1.3441473440724307,1.647826896738201,1.4819695315068844,1.009995713383387,False,False,True
0.37807292451462915,0.36972535125872075,0.12255535035127811,-0.18379769197369006,-0.24468373352045725,-0.08071335573473888,-0.40867342886138575,False,True,False
1.5113871272093136,1.4845283527855078,1.2988191409965588,1.8751641941497108,1.5693460056729724,2.1993415002113714,1.97483366906623,True,False,False
-0.2515460769824174,-0.08633042209314629,0.12255535035127811,-0.5144116311980506,-0.4756417843695589,-0.4599609570243723,-0.5373184896190981,False,True,False
0.33609832441482596,0.52174394237601,0.24018172941580623,0.09290074331562054,-0.06754115083036966,0.10662582080592367,0.25241924447685865,True,False,False
-1.4688094798767082,-1.7585349243833264,-1.406587577487586,-1.3445069370659828,-1.2918430514479375,-1.2275946560202573,-1.359217488904483,False,True,False
-1.2169618792778891,-1.049114832502644,-0.8184556821649459,-1.118672184734266,-1.1483351363572338,-1.090517209770992,-1.06976610219963,True,False,False
0.08425072381600793,-0.035657558387383215,1.0635663828675024,0.007449755946862943,-0.19311057653473548,-0.07614410752643003,0.35962346177495197,False,False,True
-0.7972158782798581,-0.6944047865623025,-3.288609642520034,-0.8195937289436139,-0.6909036570056148,-0.866624047563859,-0.8910924067028072,False,True,False
1.2175649265106925,1.1804911705509293,1.4164455200610868,1.8507496263300656,1.1657299944803678,1.0615986963424708,2.9825533116683105,False,False,True
0.5039967248140387,0.572416806081773,0.24018172941580623,0.30347639076005933,0.3181363709758973,0.6732125986362196,0.052304705520416966,False,False,True
-1.0490634788786766,-0.9477691050911179,-0.9360820612294737,-1.0342384710246602,-0.9756771760137305,-0.98085525277158,-1.062619154379757,False,True,False
-0.6293174778806454,-0.593059059150777,-0.9360820612294737,-0.9426838417009912,-0.9599809978006848,-0.724977353106285,-0.8553576676034427,False,False,True
-0.545368277681039,-0.593059059150777,-0.46557654497136186,-0.6965036161862367,-0.7514460586845055,-0.6929926156481232,-0.6052144939078908,False,True,False
-1.2589364793776923,-1.3024791510314588,-1.2889611984230578,-1.0484803022527864,-0.7783537927640125,-1.2321639042285661,-1.234145902056707,False,True,False
0.4200475246144323,0.52174394237601,0.5930608666093906,0.1722480887294671,0.17911307823177797,0.6001046273032782,-0.008444350948502828,False,False,True
-1.9305300809745425,-1.8598806517948523,-1.17133481935853,-1.4655625025050563,-1.4353509665386417,-1.4286415771858463,-1.4842890757522587,False,True,False
-1.6786824803757237,-1.7078620606775634,-1.524213956552114,-1.3811287887954504,-1.3254777190473213,-1.37381059868614,-1.391378754093911,False,True,False
-0.2095714768826142,0.11636103272990543,-0.1126974077777775,-0.31400872034513055,-0.26262222290679527,-0.359437496441578,-0.23714668118443596,False,False,True
-0.7552412781800548,-1.099787696208407,-0.46557654497136186,-0.4767725058094309,-0.4554609838099286,-0.382283737483122,-0.5373184896190981,False,True,False
0.0003015236164016051,0.06568816902414236,0.004928971286750633,-0.21736772272570218,-0.058571906137200654,-0.07157485931812119,-0.46227553751043265,True,False,False
0.6299205251134481,0.8257811246105878,1.6516982781901424,2.3532828139510937,2.8900672867421067,2.1764952591698274,1.7961599735694072,False,False,True
0.7558443254128576,0.6737625334932986,0.8283136247384462,0.5537257109114213,0.4616442860666014,1.1758299015501918,0.23455187492717633,False,False,True
0.1262253239158111,0.11636103272990543,0.004928971286750633,-0.21228135442994267,-0.17965670949498197,-0.332022007191725,-0.07634035523729533,False,True,False
1.0496665261114797,1.839238398725848,1.8869510363191988,1.6910376618432208,1.83618103529475,1.8018169060885028,1.3959308956565242,True,False,False
1.133615726311086,0.8764539883163509,1.6516982781901424,1.4590992675565928,1.6298884073518631,1.5687852474647517,1.0921856133119257,True,False,False
0.6718951252132513,0.7751082609048248,0.5930608666093906,0.4937065650214604,0.34280179388211207,0.2208570260136445,0.6455013745698687,True,False,False
0.5039967248140387,0.572416806081773,1.1811927619320306,0.6920749285560769,0.13426685476593295,0.49958116672048364,1.1457877219609724,False,False,True
1.5533617273091167,1.6872198076085587,0.8283136247384462,1.4733410987847189,1.2823301754915644,1.7332781829638702,2.003421460345722,True,False,False
0.7978189255126608,0.7244353971990617,0.5930608666093906,0.4916720177031568,0.5423674883051222,0.4950119185121748,0.5168563138121561,False,False,True
0.5459713249138418,0.6230896697875355,-0.1126974077777775,0.6869885602603176,0.8002332732337311,0.8971057608433529,0.28815398357622324,False,False,True
-2.0564538812739515,-1.9612263792063784,-1.406587577487586,-1.4218197351615256,-1.2940853626212299,-1.4514878182273905,-1.4771421279323858,False,True,False
1.8052093279079358,1.6365469439027958,0.9459400038029744,2.119309872346162,2.4707550973364563,2.249603230502769,1.4745473216751261,False,False,True
0.6718951252132513,0.6737625334932986,0.12255535035127811,0.10815984820289884,0.10287449833984143,0.0883488279726883,0.21668450537749406,False,False,True
0.6299205251134481,0.6737625334932986,0.24018172941580623,0.5883130153225854,0.9168334542449277,0.6001046273032782,0.21668450537749406,False,True,False
-1.174987279178086,-1.555843469560274,-0.9360820612294737,-1.044411207616179,-1.0025849100932374,-1.0311169830629772,-1.055472206559884,False,False,True
-0.2935206770822205,-0.23834901321043547,0.4754344875448625,-0.3557169403703575,-0.5160033854888194,-0.08985185215135631,-0.24786710291424535,True,False,False
0.587945925013645,0.4710710786702469,0.004928971286750633,0.16919626775201158,0.12978223241934844,0.38078071330445395,0.22383145319736697,True,False,False
1.59533632740892,1.1804911705509293,1.4164455200610868,2.1549144504164772,2.6434130576799593,2.331849698252328,1.363769630467096,False,False,True
0.4620221247142355,0.2683796238471946,0.24018172941580623,0.00643248228771095,0.30244019276285156,-0.26805253227540116,-0.06919340741742243,True,False,False
1.7632347278081326,1.9405841261373742,1.8869510363191988,3.507888417088475,3.4663412582782147,2.3684036839187987,2.5751772859355544,True,False,False
-0.08364767658320472,-0.035657558387383215,0.12255535035127811,-0.27636959495651114,-0.6527843670596466,-0.15839057527598893,-0.040605616137930754,False,False,True
1.0496665261114797,1.1298183068451662,0.8283136247384462,0.8843396501357819,1.1410645715741528,0.8833980162184264,0.6883830614891061,False,False,True
0.8817681257122671,1.0791454431394032,0.8283136247384462,0.7419213378545189,0.5894560229442595,0.604673875511587,0.9313792873647849,False,False,True
-1.6367078802759203,-1.6571891969718002,-1.75946671468117,-1.3963878936827288,-1.3568700754734129,-1.3601028540612135,-1.35207054108461,False,True,False
0.04227612371620477,0.21770676014143156,-0.1126974077777775,-0.4177706335786222,-0.5182456966621116,-0.3228835107751073,-0.18711804644532554,False,True,False
0.7978189255126608,0.7751082609048248,0.8283136247384462,0.7826122842205939,0.8271410073132381,0.6595048540112931,0.752705591867962,True,False,False
-1.0070888787788734,-1.049114832502644,-0.9360820612294737,-1.145121299872215,-1.1034889128913887,-1.1681944293122424,-1.1055008412989944,False,True,False
2.057056928506755,1.9405841261373742,1.7693246572546706,2.774434108839971,3.098602225858287,2.752220533416741,2.4608261208175874,False,False,True
1.4274379270097073,1.2311640342566923,1.1811927619320306,1.8212486902146612,1.8025463676953661,2.331849698252328,1.5388698520539825,False,False,True
-0.7972158782798581,-0.593059059150777,-1.17133481935853,-0.8826646958110302,-0.9106501519882553,-0.839208558314006,-0.8553576676034427,True,False,False
-0.6293174778806454,-0.5423861954450139,-0.5832029240358897,-0.7982309821014244,-0.7918076598037661,-0.66557712639827,-0.9089597762524896,False,True,False
1.0916411262112828,1.02847257943364,0.24018172941580623,0.4316528718131959,0.5333982436119532,0.3853499615127628,0.46682767907304573,True,False,False
-0.5873428777808423,-0.5423861954450139,-0.1126974077777775,-0.7249872786424892,-0.7805961039373048,-0.7980853244392264,-0.5123041722495428,False,False,True
1.1755903264108893,1.1804911705509293,0.4754344875448625,1.082708013670398,1.2038492844263358,0.8971057608433529,0.7169708527685978,False,False,True
-0.41944447738163004,-0.23834901321043547,-0.7008293031004178,-0.5235670941304174,-0.22226062178753475,-0.7158388566896674,-0.7410065024854761,False,True,False
-2.3083014818727707,-2.3159364251467194,-1.75946671468117,-1.5510134898738142,-1.5071049240839935,-1.5108880449354052,-1.5521850800410515,False,True,False
-0.2095714768826142,-0.33969474062196164,0.004928971286750633,-0.46151340092215287,-0.5316995637018652,-0.359437496441578,-0.433687746230941,True,False,False
0.9237427258120703,0.7244353971990617,1.1811927619320306,1.2943009347739887,0.9953143453101567,1.116429674842177,1.2887266783584304,False,False,True
0.7978189255126608,0.7751082609048248,0.9459400038029744,0.6574876241449128,0.5961829564641362,0.6869203432611461,0.538297157271775,False,True,False
0.8817681257122671,1.1804911705509293,1.2988191409965588,0.9819979214143618,0.5961829564641362,0.691489591469455,1.6103393302527116,False,False,True
0.9237427258120703,0.927126852022114,0.8283136247384462,1.3146464079570264,1.4505035134884834,1.0935834338006327,1.0743182437622432,True,False,False
-0.7552412781800548,-0.7450776502680656,-0.7008293031004178,-0.8541810333547778,-0.7088421463919528,-0.7889468280226087,-0.9982966240009008,False,True,False
0.8397935256124639,0.8257811246105878,0.35780810848033434,1.015567952166374,1.376507244769839,0.7143358325109992,0.6455013745698687,True,False,False
1.7212601277083295,1.5352012164912707,1.1811927619320306,2.261728184627424,1.9662350833457007,3.0949141490399037,2.328607586149939,True,False,False
0.7138697253130545,0.52174394237601,0.12255535035127811,0.5852611943451297,0.5266713100920765,1.0387524553009266,0.4203725182438718,True,False,False
1.1755903264108893,1.2818368979624555,1.2988191409965588,1.5771030120182108,0.9639219888840652,1.8932018702546796,1.717543547550805,False,False,True
0.9237427258120703,1.1804911705509293,1.0635663828675024,1.1712108220166115,1.4505035134884834,1.0890141855923239,0.9635405525542131,False,False,True
0.16819992401561426,0.06568816902414236,0.24018172941580623,-0.19803952320181636,-0.3635262257049463,-0.1629598234842978,-0.15138330734596098,True,False,False
-0.16759687678281104,0.015015305318379291,0.24018172941580623,-0.3994597077138884,-0.5272149413552807,-0.43254546777451924,-0.17639762471551618,True,False,False
0.7978189255126608,0.7244353971990617,0.5930608666093906,0.36959917860493136,0.7710832279809315,2.3364189464606366,0.6026196876506311,True,False,False
0.6299205251134481,0.6737625334932986,0.35780810848033434,0.7714222739699232,1.3114802207443639,-0.10355959677628283,0.577605370281076,True,False,False
-0.41944447738163004,-0.593059059150777,-0.34795016590683375,-0.8307837391942846,-0.7626576145509668,-0.9305935224801827,-0.7445799763954125,False,True,False
0.04227612371620477,-0.13700328579890936,-0.5832029240358897,-0.7239700049833374,-0.7088421463919528,-0.7295466013145938,-0.6552431286470012,False,True,False
0.5459713249138418,0.572416806081773,0.24018172941580623,0.6513839821900017,1.1320953268809837,0.5315659041786456,0.08446597070984509,True,False,False
0.8397935256124639,0.8257811246105878,0.12255535035127811,0.1814035516618341,0.34280179388211207,-0.06700561110981235,0.28815398357622324,True,False,False
1.2175649265106925,1.1804911705509293,1.2988191409965588,1.1986772108137118,0.9527104330176036,1.710431941922326,1.0778917176721798,True,False,False
0.21017452411541743,0.4203982149644838,-0.23032378684230562,-0.05460393726140156,-0.10341812960304543,-0.3685759928581955,-0.06919340741742243,False,True,False
1.133615726311086,0.8764539883163509,1.2988191409965588,1.6208457793617412,1.0468875022958781,1.6327547223810757,1.7532782866501695,False,False,True
-1.0490634788786766,-1.099787696208407,-0.7008293031004178,-1.0494975759119385,-1.1281543357976036,-1.0402554794795948,-0.8553576676034427,False,True,False
-0.4614190774814332,-0.33969474062196164,-0.34795016590683375,-0.5479816619500625,-0.48685334023602017,-0.40056073031635736,-0.42654079841106807,True,False,False
0.6299205251134481,0.6737625334932986,0.8283136247384462,0.5679675421395479,0.6724215363560725,0.6869203432611461,0.3238887226755874,False,False,True
0.7558443254128576,0.977799715727877,0.5930608666093906,1.0359134253494118,0.766598605634347,0.9199520018848967,1.2172572001597013,False,False,True
-0.4614190774814332,-0.2890218769161986,0.12255535035127811,-0.4971179789924685,-0.5473957419149109,-0.3365912554000338,-0.3908060593117035,False,False,True
-2.098428481373755,-2.113244970323667,-1.9947194728102262,-1.502184354234524,-1.4465625224051029,-1.4606263146440082,-1.5271707626714963,False,True,False
0.5039967248140387,1.02847257943364,0.4754344875448625,0.7876986525163533,1.2486955078921809,0.5498428970118809,0.43109293997368114,False,False,True
0.08425072381600793,0.11636103272990543,0.4754344875448625,-0.2255059119989172,-0.3837070262645766,-0.1538213270676801,-0.104928146516787,False,False,True
1.0076919260116766,0.927126852022114,0.8283136247384462,1.0328616043719558,1.221787773812674,1.0798756891757062,0.7812933831474537,False,False,True
0.04227612371620477,0.015015305318379291,0.12255535035127811,-0.010861169917870877,0.06475520839387316,0.2117185295970268,0.03801080988067113,True,False,False
1.0076919260116766,0.7244353971990617,0.24018172941580623,0.7348004222404555,1.0984606592816002,0.718905080719308,0.3238887226755874,False,False,True
0.5459713249138418,0.52174394237601,0.12255535035127811,0.3248391376022489,0.4145557514274641,0.3625037204712186,0.25241924447685865,True,False,False
0.4620221247142355,0.4203982149644838,0.004928971286750633,-0.013912990895326627,-0.06305652848378515,-0.03959012185995929,0.16665587063838364,False,False,True
0.25214912421522057,0.1670338964356685,-0.23032378684230562,-0.37199331891678755,-0.34558773631860856,-0.4371147159828281,-0.2085588899049443,False,True,False
0.0003015236164016051,-0.08633042209314629,-0.34795016590683375,-0.5398434726768474,-0.5249726301819884,-0.5650536658154757,-0.46227553751043265,False,True,False
-0.2095714768826142,-0.08633042209314629,-0.34795016590683375,-0.3221469096183456,-0.11014506312292219,-0.555915169398858,-0.40867342886138575,False,False,True
-0.41944447738163004,-0.4917133317392508,-0.9360820612294737,-0.818576455284462,-0.7357498804714597,-0.7478235941478292,-0.912533250162426,False,False,True
1.4274379270097073,1.5352012164912707,1.0635663828675024,1.9138205931974823,2.058169841450683,1.372307574507472,1.41022479129627,True,False,False
0.4620221247142355,0.572416806081773,0.12255535035127811,0.3167009483290339,0.4907943313194004,0.3168112383881302,0.07374554898003571,True,False,False
0.37807292451462915,0.4710710786702469,0.35780810848033434,0.0023633876511034353,-0.009241060324771127,-0.062436362901503506,0.26671314011660446,False,False,True
-0.9651142786790707,-0.9477691050911179,-0.9360820612294737,-1.0800157856864945,-1.060885000598836,-1.1270711954374628,-0.9982966240009008,False,True,False
-0.5033936775812359,-0.593059059150777,-0.46557654497136186,-0.6313981020005165,-0.7133267687385373,-0.16752907169260664,-0.3908060593117035,False,False,True
-0.08364767658320472,-0.2890218769161986,-0.1126974077777775,-0.34452693011968694,-0.32764924693227054,0.26198025988842405,-0.6052144939078908,False,False,True
1.5533617273091167,1.3325097616682184,1.5340718991256144,1.5252220554014648,1.9796889503854542,0.9702137321762939,1.3959308956565242,True,False,False
-0.41944447738163004,-0.7450776502680656,-0.9360820612294737,-0.7900927928282094,-0.7671422368975513,-0.866624047563859,-0.748153450305349,False,True,False
-2.098428481373755,-2.113244970323667,-1.75946671468117,-1.503201627893676,-1.4443202112318108,-1.437780073602464,-1.5200238148516234,False,True,False
0.7978189255126608,0.6230896697875355,2.004577415383727,0.5781402787310664,0.07820907543362667,0.3076727419715125,0.8599098091660557,True,False,False
0.0003015236164016051,-0.08633042209314629,-0.1126974077777775,-0.23771319590873977,-0.19086826536144322,-0.3914222338997397,-0.2264262594546266,True,False,False
1.133615726311086,1.1804911705509293,1.4164455200610868,1.3390609757766714,1.1029452816281848,1.8155246507134293,1.2958736261783033,False,False,True
-0.7972158782798581,-0.7957505139738287,-0.9360820612294737,-0.776868235259235,-0.47788409554285116,-0.8986087850220208,-1.0197374674605195,False,True,False
-0.4614190774814332,-0.4917133317392508,0.12255535035127811,-0.5978280712485045,-0.8433808167894878,-0.3959914821080485,-0.3193365811129743,True,False,False
-0.04167307648340156,0.06568816902414236,0.004928971286750633,-0.39335606575897714,-0.23571448882728827,-0.43254546777451924,-0.5123041722495428,False,True,False
-0.6293174778806454,-0.64373192285654,-0.46557654497136186,-0.8429910231041071,-0.8747731732155792,-0.7843775798142999,-0.748153450305349,True,False,False
0.21017452411541743,0.21770676014143156,0.4754344875448625,0.2007317511857197,-0.19535288770802772,-0.06700561110981235,0.8241750700666912,False,False,True
0.4200475246144323,0.7244353971990617,0.24018172941580623,0.2353190555968836,0.33607486036223533,0.7280435771359257,0.07731902288997217,False,False,True
1.6373109275087232,1.6872198076085587,1.7693246572546706,2.5821693872602665,2.2241008682743093,2.75678978162505,2.5894711815753,True,False,False
0.9657173259118734,0.7751082609048248,0.12255535035127811,0.6157794041196858,0.8607756749126216,0.6366586129697489,0.44181336170349056,True,False,False
-0.12562227668300788,-0.035657558387383215,-0.23032378684230562,-0.2305922802946765,0.05354365252741191,-0.2086523055673862,-0.498010276609797,False,False,True
0.37807292451462915,0.11636103272990543,-0.23032378684230562,-0.11462308315136252,-0.03166417205769364,-0.27719102869201884,-0.022738246588248662,False,True,False
-0.41944447738163004,-0.33969474062196164,-0.34795016590683375,-0.48389342142349423,-0.3747377815714076,-0.6016076514819463,-0.42654079841106807,False,False,True
0.7978189255126608,0.2683796238471946,0.35780810848033434,0.3685819049457796,0.5221866877454919,0.5041504149287924,0.25241924447685865,True,False,False
1.0496665261114797,1.02847257943364,0.35780810848033434,1.1722280956757631,1.618676851485402,1.0707371927590885,0.6812361136692332,False,False,True
0.33609832441482596,0.36972535125872075,0.12255535035127811,0.19259356191250468,0.3315902380156508,0.2848265009299683,0.05587817943035342,False,False,True
-0.545368277681039,-0.64373192285654,-0.46557654497136186,-0.8450255704224109,-0.729022946951583,-0.8437778065223148,-0.9482679892617906,False,True,False
-0.04167307648340156,-0.08633042209314629,-0.46557654497136186,-0.510342536561443,-0.567576542474541,-0.4508224606077546,-0.3908060593117035,False,False,True
-1.9725046810743456,-1.8598806517948523,-1.524213956552114,-1.3811287887954504,-1.2985699849678143,-1.1133634508125363,-1.391378754093911,False,True,False
-0.16759687678281104,-0.23834901321043547,-0.23032378684230562,-0.38114878184915457,-0.2110490659210735,-0.29089877331694536,-0.630228811277446,False,False,True
1.0916411262112828,1.02847257943364,0.35780810848033434,0.933168785775072,0.7800524726741006,0.9565059875513674,1.2172572001597013,True,False,False
0.7138697253130545,0.8764539883163509,1.0635663828675024,0.5649157211620921,0.0445744078342429,1.2123838872166626,0.6455013745698687,True,False,False
1.6373109275087232,1.9405841261373742,2.2398301735127824,2.8639541908453365,2.7958902174638323,2.103387287836886,2.7252631901528854,False,False,True
-0.8811650784794643,-1.099787696208407,-0.8184556821649459,-1.0474630285936344,-1.0541580670789592,-1.0128399902297418,-0.9732823066313459,False,True,False
0.9237427258120703,0.7751082609048248,0.5930608666093906,0.9433415223665906,1.3787495559431313,0.7280435771359257,0.22740492710730342,True,False,False
0.5459713249138418,0.4203982149644838,1.0635663828675024,0.9199442282060972,0.5042481983591539,0.8696902715934999,1.3244614174577949,False,False,True
0.8817681257122671,0.7751082609048248,0.35780810848033434,0.9097714916145787,1.2397262631990118,0.8605517751768822,0.5025624181724103,False,False,True
-0.37746987728182685,-0.39036760432772466,-0.34795016590683375,-0.5846035136795301,-0.5227303190086962,-0.7295466013145938,-0.5337450157091617,False,True,False
1.4274379270097073,1.2818368979624555,0.8283136247384462,1.0786389190337904,0.8338679408331146,0.9199520018848967,1.6103393302527116,True,False,False
-0.7972158782798581,-0.7957505139738287,-1.0537084402940018,-0.9986338929543443,-1.0272503329994522,-0.8757625439804766,-0.912533250162426,False,False,True
0.4620221247142355,0.8257811246105878,-0.23032378684230562,0.6157794041196858,1.011010523523202,0.691489591469455,-0.0191647726783122,False,False,True
1.6373109275087232,1.6872198076085587,0.9459400038029744,1.708331314048803,1.665765386124539,1.6418932187976933,1.8676294517681362,True,False,False
0.6718951252132513,0.7751082609048248,0.4754344875448625,0.7958368417895683,0.7598716721144706,0.7006280878860727,0.28815398357622324,True,False,False
0.8817681257122671,0.927126852022114,0.8283136247384462,0.5689848157986996,0.47734046427964716,0.7965823002605584,0.6383544267499958,True,False,False
0.4200475246144323,0.4203982149644838,0.4754344875448625,0.2526127078024654,0.35625566092186556,-0.11269809319290051,0.21668450537749406,False,False,True
0.9237427258120703,0.8764539883163509,1.2988191409965588,0.9484278906623499,0.8764718531256677,1.0753064409673974,0.9313792873647849,True,False,False
0.8397935256124639,0.8764539883163509,0.4754344875448625,0.5710193631170032,0.39885957321441834,0.9290904983015144,0.752705591867962,True,False,False
0.9657173259118734,0.977799715727877,0.35780810848033434,1.1630726327433965,1.5446805827667576,0.7737360592190142,0.6812361136692332,False,False,True
1.1755903264108893,1.1804911705509293,0.35780810848033434,1.0715180034197271,0.7710832279809315,1.1301374194671034,1.4924146912248084,False,False,True
0.21017452411541743,0.4203982149644838,0.8283136247384462,0.5445702479790545,0.07148214191374992,0.31224199017982135,1.1457877219609724,False,False,True
-0.08364767658320472,-0.4917133317392508,-0.34795016590683375,-0.7290563732790968,-0.8030192156702273,-0.5102226873157696,-0.7267126068457301,False,True,False
1.0076919260116766,1.02847257943364,0.9459400038029744,1.6045694008153113,1.8877541922804717,1.2900611067579129,1.6282066998023939,True,False,False
-0.4614190774814332,-0.33969474062196164,-0.8184556821649459,-0.6466572068877946,-0.5765457871677101,-0.3548682482332692,-0.7838881894047135,True,False,False
1.5113871272093136,1.4338554890797446,1.4164455200610868,1.7876786594626495,1.221787773812674,2.1079565360451946,1.7890130257495342,True,False,False
0.8397935256124639,0.7244353971990617,0.8283136247384462,0.47641291281587855,0.5647906000380447,0.7143358325109992,0.3238887226755874,False,False,True
0.04227612371620477,0.015015305318379291,0.5930608666093906,-0.2010913441792721,-0.7693845480708436,-0.098990348567974,0.5025624181724103,False,False,True
-1.2169618792778891,-1.2518062873256963,-1.2889611984230578,-1.2081922667396312,-1.1012466017180964,-1.2824256345199632,-1.2127050585970882,False,True,False
0.4200475246144323,0.572416806081773,0.24018172941580623,0.5069311225904352,1.0513721246424628,0.234564770638571,-0.012017824858439287,False,False,True
0.7138697253130545,0.4203982149644838,0.24018172941580623,0.08171073306494998,0.20826312348457698,0.024379353056364506,0.07374554898003571,False,False,True
0.9237427258120703,0.8764539883163509,0.9459400038029744,1.5567575388351733,1.1500338162673218,1.2443686246748245,0.9313792873647849,True,False,False
-0.545368277681039,-0.44104046803348773,-0.5832029240358897,-0.6507263015244021,-0.55636498660808,-0.5741921622320934,-0.833916824143824,False,True,False
-1.6786824803757237,-1.7078620606775634,-1.6418403356166418,-1.3811287887954504,-1.3635970089932896,-1.37381059868614,-1.3270562237150547,False,True,False
-2.1404030814735577,-2.113244970323667,-1.6418403356166418,-1.4869252493472458,-1.464501011791441,-1.4286415771858463,-1.46284823229264,False,True,False
-0.2095714768826142,-0.2890218769161986,0.004928971286750633,-0.3974251603955846,-0.3747377815714076,-0.3457297518166515,-0.4372612201408774,True,False,False
0.37807292451462915,0.6737625334932986,1.2988191409965588,0.4041864830160955,0.4616442860666014,0.0883488279726883,0.46682767907304573,False,False,True
0.08425072381600793,0.11636103272990543,0.12255535035127811,0.19361083557165668,0.16790152236531672,0.14317980647239442,0.07374554898003571,False,True,False
-0.5033936775812359,-0.2890218769161986,-0.1126974077777775,-0.5123770838797468,-0.6841767234857381,-0.6518693817733435,-0.1406628856161516,True,False,False
-0.12562227668300788,-0.08633042209314629,-0.34795016590683375,-0.48287614776434223,-0.5451534307416187,-0.4645302052326811,-0.25501405073411826,False,True,False
-1.6367078802759203,-1.9612263792063784,-1.524213956552114,-1.4574243132318412,-1.4151701659790115,-1.4103645843526107,-1.46284823229264,False,False,True
-0.08364767658320472,-0.08633042209314629,0.004928971286750633,-0.19193588124690508,-0.29177226815959456,0.028948601264673347,-0.3908060593117035,False,False,True
0.08425072381600793,0.015015305318379291,-0.23032378684230562,-0.4543924853080896,-0.4150993826906681,-0.5330689283573138,-0.30146921156329204,False,True,False
0.7978189255126608,0.7751082609048248,1.8869510363191988,1.3838210167793537,0.667936914009488,0.9427982429264409,1.9319519821469926,True,False,False
1.6792855276085263,1.6872198076085587,2.3574565525773106,2.805969592273679,4.441746618660344,2.1216642806701214,1.8712029256780722,False,False,True
-0.545368277681039,-0.44104046803348773,-0.34795016590683375,-0.7168490893692743,-0.6931459681789072,-0.697561863856432,-0.7052717633861116,True,False,False
0.4200475246144323,0.4203982149644838,-0.23032378684230562,-0.09326033630917295,-0.19086826536144322,0.11119506901423251,-0.09420772478697763,False,False,True
1.3015141267102988,1.3325097616682184,1.6516982781901424,1.948407897608646,2.1254391766494503,2.075971798587033,1.41022479129627,False,False,True
-0.8811650784794643,-0.8464233776795917,-0.5832029240358897,-1.051532123230242,-1.0362195776926213,-1.0722402169377567,-0.9982966240009008,False,True,False
0.5039967248140387,0.52174394237601,0.7106872456739187,0.20683539314063099,0.019908984928028138,0.8239977895104115,0.35962346177495197,True,False,False
0.8397935256124639,0.8257811246105878,1.0635663828675024,0.6880058339194693,0.748660116248009,0.664074102219602,0.7455586440480891,False,False,True
0.04227612371620477,0.1670338964356685,0.24018172941580623,0.037967965721419306,-0.1460220418955982,0.467596429262322,-0.2693079463738639,True,False,False
-0.2935206770822205,-0.44104046803348773,-0.34795016590683375,-0.5540853039049738,-0.48685334023602017,-0.5010841908991519,-0.5587593330787168,False,True,False
-0.8811650784794643,-0.9477691050911179,-0.5832029240358897,-0.9681156831797881,-0.7671422368975513,-1.0585324723128302,-1.0912069456592488,False,True,False
-1.0070888787788734,-0.998441968796881,-1.75946671468117,-1.0383075656612677,-0.9106501519882553,-1.0493939758962125,-1.084059997839376,False,True,False
-0.7552412781800548,-0.64373192285654,-0.5832029240358897,-0.8399392021266515,-0.6213920106335551,-0.98085525277158,-0.9554149370816635,False,True,False
0.16819992401561426,0.06568816902414236,0.4754344875448625,-0.1207267251062738,-0.3971608933043301,-0.3228835107751073,0.263139666206668,True,False,False
0.4200475246144323,0.4710710786702469,0.4754344875448625,0.32280459028394515,0.602909889984013,0.12947206184746787,0.045157757700544046,False,True,False
0.9657173259118734,0.977799715727877,0.8283136247384462,0.9921706580058808,1.1567607497871988,1.1072911784255592,0.656221796299678,True,False,False
-0.41944447738163004,-0.593059059150777,-0.5832029240358897,-0.6995554371636923,-0.746961436337921,-0.3228835107751073,-0.8196229285040781,True,False,False
1.1755903264108893,0.927126852022114,0.7106872456739187,0.949445164321502,1.0894914145884311,1.0067677178427648,0.8563363352561193,False,True,False
1.133615726311086,1.0791454431394032,0.9459400038029744,1.4082355845989987,0.8047178955803156,1.4225693047988692,2.2535646340412736,True,False,False
-1.3009110794774956,-1.2011334236199331,-1.17133481935853,-1.2000540774664163,-1.123669713451019,-1.2413024006451838,-1.2198520064169611,False,False,True
0.04227612371620477,0.1670338964356685,0.7106872456739187,0.24040542389264286,-0.054087283790616156,0.5361351523869544,0.27386008793647737,True,False,False
0.7978189255126608,0.4203982149644838,-0.1126974077777775,0.18954174093504914,-0.01148337149806338,0.41733469897092473,0.40607862260412597,False,True,False
0.587945925013645,0.7244353971990617,0.5930608666093906,0.8772187345217186,0.5513367329982912,0.9336597465098232,1.2172572001597013,False,False,True
0.6299205251134481,0.7244353971990617,0.7106872456739187,0.45810198695114496,0.4347365519870944,0.5726891380534251,0.5275767355419655,True,False,False
0.0003015236164016051,-0.035657558387383215,0.4754344875448625,-0.07901850508104664,-0.19983751005461223,-0.3228835107751073,0.28815398357622324,False,False,True
-0.2935206770822205,-0.08633042209314629,-0.5832029240358897,-0.5327225570627844,-0.46891485084968215,-0.4416839641911369,-0.6766839721066199,True,False,False
1.2175649265106925,1.4338554890797446,1.1811927619320306,1.1386580649237514,0.8159294514467765,1.1209989230504858,1.1457877219609724,True,False,False
-0.12562227668300788,-0.13700328579890936,-0.34795016590683375,-0.5093252629022911,-0.5227303190086962,-0.43254546777451924,-0.3693652158520847,False,False,True
0.4200475246144323,0.572416806081773,-0.46557654497136186,0.45301561865538564,0.6970869592622875,0.34422672763798323,-0.033458668318058035,False,False,True
0.587945925013645,0.6737625334932986,0.4754344875448625,0.6300212353478124,0.8361102520064071,0.4584579328457043,0.22383145319736697,True,False,False
